contact_id,first_name,last_name,email,linkedin_url,title,seniority,company_name,company_domain,employee_count,industry,country,source,date_added,last_contacted_date,last_contacted_channel,last_sending_domain,last_campaign,last_outcome,hubspot_lifecycle_stage,notes
C100001,Hassan,Harris,hharris@sunhavencollective.shop,https://linkedin.com/in/hassan-harris-2063,Marketing Director,director,Sunhaven Collective,sunhavencollective.shop,400,Food & Beverage,Canada,apollo,2025-09-16,,,,,,,
C100002,Nora,Nair,nora.nair@vantagepoint.app,https://linkedin.com/in/nora-nair-8037,Head of Content,head,Vantagepoint,vantagepoint.app,120,Data & Analytics,United Kingdom,apollo,2026-04-01,,,,,,,
C100003,Anders,Sanchez,anders@zephyrbaynutrition.com,https://linkedin.com/in/anders-sanchez-6982,Senior SEO Specialist,ic,Zephyrbay Nutrition,zephyrbaynutrition.com,12,Consumer Goods,United States,apollo,2026-02-12,,,,,,,
C100004,Matthew,White,matthew_white@cedarcrestnutrition.com,https://linkedin.com/in/matthew-white-3723,Marketing Operations Manager,manager,Cedarcrest Nutrition,cedarcrestnutrition.com,12,Consumer Goods,United States,partner_referral,2025-08-22,2025-12-23,email,trynoble.co,aeo-saas-q2,no_reply,,
C100005,Amara,Costa,amara@ironbridge.com,https://linkedin.com/in/amara-costa-9182,SEO Lead,manager,Ironbridge,ironbridge.com,900,Martech,United States,apollo,2025-08-03,2025-11-05,email,noble-outreach.com,linkedin-seo-leads-jun,no_reply,,
C100006,Diego,Ribeiro,diegor@umberstonebeauty.com,https://linkedin.com/in/diego-ribeiro-8825,PR Manager,manager,Umberstone Beauty,umberstonebeauty.com,140,Consumer Goods,United States,apollo,2025-11-10,2025-12-13,email,noble-outreach.com,linkedin-seo-leads-jun,no_reply,,
C100007,Piotr,Ferreira,piotrf@junipercloud.com,https://linkedin.com/in/piotr-ferreira-866,PR Manager,manager,Junipercloud,junipercloud.com,900,Developer Tools,United States,apollo,2025-06-27,2025-11-14,email,noblehq.io,aeo-consumer-jun,no_reply,,
C100008,Tomasz,Rossi,tomasz.rossi@solsticehq.ai,https://linkedin.com/in/tomasz-rossi-8079,VP of Marketing,vp,Solstice HQ,solsticehq.ai,45,HR Tech,Netherlands,partner_referral,2025-11-23,,,,,,subscriber,
C100009,Jing,Kelly,jing@nightjarhome.com,https://linkedin.com/in/jing-kelly-5663,Co-Founder & CEO,cxo,Nightjar Home,nightjarhome.com,280,Supplements,Ireland,list_upload,2025-07-30,2026-07-17,email,getnoble.io,refresh-midmarket-jun,opened_no_reply,,
C100010,Mikkel,Sun,msun@nightjarhome.com,https://linkedin.com/in/mikkel-sun-8531,Head of Growth,head,Nightjar Home,nightjarhome.com,280,Health & Wellness,United States,list_upload,2026-04-12,,,,,,,
C100011,Tunde,Iyer,tunde_iyer@petalwiseco.com,https://linkedin.com/in/tunde-iyer-9079,VP of Marketing,vp,Petalwise & Co,petalwiseco.com,140,Health & Wellness,United Kingdom,partner_referral,2025-11-08,,,,,,lead,
C100012,Stefan,Lewis,stefan@junipercloud.com,https://linkedin.com/in/stefan-lewis-6839,Director of SEO,director,Junipercloud,junipercloud.com,900,Developer Tools,United States,apollo,2026-05-04,,,,,,lead,
C100013,Michael,Wang,michael_wang@halcyontechnologies.io,https://linkedin.com/in/michael-wang-1691,Head of Communications,head,Halcyon Technologies,halcyontechnologies.io,900,Cybersecurity,United States,list_upload,2026-05-12,,,,,,,
C100014,Jonah,Ramirez,j.ramirez@riverstonepartners.agency,https://linkedin.com/in/jonah-ramirez-2437,Director of Acquisition,director,Riverstone Partners,riverstonepartners.agency,90,Marketing Agency,United Kingdom,apollo,2026-03-23,,,,,,,
C100015,Klaus,Desai,klaus_desai@violetgrove.com,https://linkedin.com/in/klaus-desai-5360,Head of Growth,head,Violetgrove,violetgrove.com,400,Consumer Goods,United States,apollo,2025-11-15,2026-05-09,email,noblehq.io,refresh-midmarket-jun,no_reply,lead,
C100016,Meera,Weber,m.weber@kindredgroup.io,https://linkedin.com/in/meera-weber-1060,AEO Lead,manager,Kindred Group,kindredgroup.io,65,Digital Agency,Canada,apollo,2025-10-02,2026-02-14,email,getnoble.io,aeo-consumer-jun,bounced,,
C100017,Zoe,Larsen,zoe@wildrootcollective.com,https://linkedin.com/in/zoe-larsen-2926,Co-Founder & CEO,cxo,Wildroot Collective,wildrootcollective.com,400,Food & Beverage,Germany,clay,2026-05-15,,,,,,marketingqualifiedlead,
C100018,Melissa,Lewis,m.lewis@mossbankwellness.com,https://linkedin.com/in/melissa-lewis-3866,Director of Demand Gen,director,Mossbank Wellness,mossbankwellness.com,140,Supplements,United States,list_upload,2026-01-19,,,,,,,
C100019,Valentina,Kowalski,valentina.kowalski+noble@goldleafco.co,https://linkedin.com/in/valentina-kowalski-3969,Demand Generation Manager,manager,Goldleaf & Co,goldleafco.co,70,Supplements,United States,inbound_form,2025-10-13,,,,,,opportunity,
C100020,Matthew,Tanaka,matthewt@truenorthsoftware.com,https://linkedin.com/in/matthew-tanaka-5389,Marketing Director,director,Truenorth Software,truenorthsoftware.com,450,SaaS,United States,apollo,2025-11-18,2026-03-28,email,noble-outreach.com,geo-agency-may,replied_negative,,
C100021,Takashi,Otieno,takashio@fathomlyplatform.com,https://linkedin.com/in/takashi-otieno-2045,VP of Marketing,vp,Fathomly Platform,fathomlyplatform.com,1400,B2B Software,United States,apollo,2025-11-28,,,,,,,
C100022,Nora,Jensen,n.jensen@emberlyai.io,https://linkedin.com/in/nora-jensen-8257,Growth Marketing Manager,manager,Emberly AI,emberlyai.io,180,Fintech,United States,apollo,2025-11-05,2026-05-09,email,noble-outreach.com,refresh-midmarket-jun,no_reply,,
C100023,Chidi,Martin,cmartin@orchardlynutrition.com,https://linkedin.com/in/chidi-martin-7883,Chief Growth Officer,cxo,Orchardly Nutrition,orchardlynutrition.com,48,Consumer Goods,United States,inbound_form,2025-07-26,2026-05-05,email,trynoble.co,refresh-midmarket-jun,opened_no_reply,lead,
C100024,Neha,Patel,neha_patel@fathomhousestudio.agency,https://linkedin.com/in/neha-patel-8742,Head of SEO,head,Fathomhouse Studio,fathomhousestudio.agency,8,PR Agency,Germany,apollo,2026-04-12,2026-06-19,email,noble-outreach.com,linkedin-seo-leads-jun,booked,,
C100025,Joshua,Jung,jjung@mossbankwellness.com,https://linkedin.com/in/joshua-jung-1298,Content Marketing Manager,manager,Mossbank Wellness,mossbankwellness.com,140,Apparel,United States,clay,2026-05-07,,,,,,,
C100026,Sanne,Robinson,srobinson@emberlyai.io,https://linkedin.com/in/sanne-robinson-4610,Head of SEO,head,Emberly AI,emberlyai.io,180,Developer Tools,India,clay,2026-04-17,,,,,,,
C100027,Ngozi,Bianchi,n.bianchi@tideworksai.io,https://linkedin.com/in/ngozi-bianchi-7552,Brand Manager,manager,Tideworks AI,tideworksai.io,180,Cybersecurity,United States,inbound_form,2025-11-09,2026-07-08,email,noblehq.io,refresh-midmarket-jun,no_reply,,
C100028,James,Tanaka,j.tanaka@petalwiseco.com,https://linkedin.com/in/james-tanaka-6172,Head of Digital,head,Petalwise & Co,petalwiseco.com,140,Food & Beverage,United States,apollo,2026-04-08,,,,,,,
C100029,Eric,Suzuki,eric_suzuki@tideworksai.io,https://linkedin.com/in/eric-suzuki-3856,CMO,cxo,Tideworks AI,tideworksai.io,180,Data & Analytics,United States,apollo,2025-11-27,,,,,,,
C100030,Emily,Becker,emily@stacklinehq.com,https://linkedin.com/in/emily-becker-5908,Head of Organic Growth,head,Stackline HQ,stacklinehq.com,450,HR Tech,United States,inbound_form,2025-06-19,,,,,,,
C100031,Lauren,Walker,lwalker@thistledowncollective.shop,https://linkedin.com/in/lauren-walker-7495,Chief Growth Officer,cxo,Thistledown Collective,thistledowncollective.shop,12,Supplements,United States,list_upload,2025-08-26,,,,,,,
C100032,Piotr,Nguyen,piotrn@northpeak.com,https://linkedin.com/in/piotr-nguyen-956,Affiliate Marketing Manager,manager,Northpeak Software,northpeak.com,480,Data & Analytics,United States,apollo,2026-04-08,2026-06-19,email,noblehq.io,aeo-consumer-jun,replied_positive,,
C100033,Magda,Santos,msantos@petalwiseco.com,https://linkedin.com/in/magda-santos-6229,Brand Manager,manager,Petalwise & Co,petalwiseco.com,140,Home Goods,Canada,apollo,2025-12-01,,,,,,,
C100034,Laura,Watanabe,laura@reedmarsh.com,https://linkedin.com/in/laura-watanabe-6026,Head of Content,head,Reedmarsh,reedmarsh.com,22,Home Goods,Australia,clay,2025-07-07,,,,,,,
C100035,Aaron,Scott,ascott@anchorlinesoftware.com,https://linkedin.com/in/aaron-scott-7601,Director of Content,director,Anchorline Software,anchorlinesoftware.com,620,Martech,United States,inbound_form,2026-01-31,2026-06-26,email,noble-outreach.com,linkedin-seo-leads-jun,no_reply,marketingqualifiedlead,
C100036,Amara,Diallo,amara@beelinestudio.io,https://linkedin.com/in/amara-diallo-6355,Senior SEO Specialist,ic,Beeline Studio,beelinestudio.io,90,PR Agency,Australia,apollo,2025-12-03,2025-12-13,email,noblehq.io,aeo-consumer-jun,no_reply,lead,
C100037,Sakura,Tanaka,sakura_tanaka@copperlinehq.com,https://linkedin.com/in/sakura-tanaka-2652,Performance Marketing Manager,manager,Copperline HQ,copperlinehq.com,900,Martech,United States,apollo,2026-01-23,,,,,,,
C100038,Jihoon,Williams,jihoonw@trellismarketing.com,https://linkedin.com/in/jihoon-williams-2707,Director of SEO,director,Trellis Marketing,trellismarketing.com,8,Digital Agency,Australia,partner_referral,2026-02-22,,,,,,,
C100039,Ingrid,Quinn,iquinn@truenorthsoftware.com,https://linkedin.com/in/ingrid-quinn-5420,Head of Content,head,Truenorth Software,truenorthsoftware.com,450,Data & Analytics,United States,clay,2025-11-26,,,,,,,
C100040,Greta,Schmidt,greta.schmidt@verdantbeauty.com,https://linkedin.com/in/greta-schmidt-6294,Head of Digital,head,Verdant Beauty,verdantbeauty.com,140,Health & Wellness,Germany,clay,2026-02-22,2026-02-10,email,trynoble.co,aeo-saas-q2,opened_no_reply,,
C100041,Megan,Nair,megann@clovergrovecollective.com,https://linkedin.com/in/megan-nair-8285,Demand Generation Manager,manager,Clovergrove Collective,clovergrovecollective.com,22,Apparel,United States,list_upload,2025-08-01,2026-07-06,email,getnoble.io,aeo-saas-q2,no_reply,,
C100042,Ethan,Flores,ethan_flores@wavelengthgroup.agency,https://linkedin.com/in/ethan-flores-8398,Head of Content,head,Wavelength Group,wavelengthgroup.agency,130,Marketing Agency,United States,list_upload,2025-11-25,,,,,,,
C100043,Ngozi,Rodriguez,ngozi_rodriguez@fernwood.io,https://linkedin.com/in/ngozi-rodriguez-316,Director of Content,director,Fernwood,fernwood.io,620,Fintech,United States,linkedin_scrape,2025-11-09,2026-04-22,email,getnoble.io,geo-agency-may,no_reply,,
C100044,Adaeze,Byrne,a.byrne@beelinestudio.io,https://linkedin.com/in/adaeze-byrne-8114,Brand Manager,manager,Beeline Studio,beelinestudio.io,90,Digital Agency,United States,partner_referral,2025-09-15,,,,,,lead,
C100045,Hyeri,Allen,hyeri_allen@clearwaterplatform.com,https://linkedin.com/in/hyeri-allen-4389,Head of Partnerships,head,Clearwater Platform,clearwaterplatform.com,1400,Martech,United States,clay,2025-07-02,,,,,,,
C100046,Folake,Doyle,folake_doyle@alderpoint.ai,https://linkedin.com/in/folake-doyle-6702,Director of Growth,director,Alderpoint,alderpoint.ai,28,Data & Analytics,United States,apollo,2026-02-24,,,,,,,
C100047,Stefan,Hansen,stefan_hansen@signalpathai.com,https://linkedin.com/in/stefan-hansen-3324,Growth Marketing Manager,manager,Signalpath AI,signalpathai.com,1400,HR Tech,Ireland,inbound_form,2025-06-28,2026-04-20,email,getnoble.io,refresh-midmarket-jun,replied_negative,,
C100048,Beatriz,Sun,beatriz_sun@copperlinehq.com,https://linkedin.com/in/beatriz-sun-6359,Head of Ecommerce,head,Copperline HQ,copperlinehq.com,900,SaaS,Australia,clay,2026-04-14,,,,,,,
C100049,Larissa,Gallagher,larissa.gallagher@ecommercebytes.co,https://linkedin.com/in/larissa-gallagher-181,Head of Content Partnerships,head,Ecommerce Bytes,ecommercebytes.co,15,Martech,United States,apollo,2025-08-19,,,,,,opportunity,
C100050,Emily,Banerjee,emily@emberlyai.io,https://linkedin.com/in/emily-banerjee-7370,Director of Growth,director,Emberly AI,emberlyai.io,180,B2B Software,United States,apollo,2026-07-04,,,,,,lead,
C100051,Hyeri,Sharma,hyeris@sunhavencollective.shop,https://linkedin.com/in/hyeri-sharma-7834,Director of Content,director,Sunhaven Collective,sunhavencollective.shop,400,Health & Wellness,United States,list_upload,2025-07-27,,,,,,lead,
C100052,Jonah,Lewis,jonah@superbloomstudio.com,https://linkedin.com/in/jonah-lewis-2294,Marketing Director,director,Superbloom Studio,superbloomstudio.com,32,PR Agency,United States,list_upload,2025-09-26,,,,,,subscriber,
C100053,Neha,Gallagher,nehag@glasswingsoftware.app,https://linkedin.com/in/neha-gallagher-6292,Head of Partnerships,head,Glasswing Software,glasswingsoftware.app,450,SaaS,United States,apollo,2026-01-25,2025-11-05,email,trynoble.co,refresh-midmarket-jun,no_reply,,
C100054,Magda,Allen,mallen@fathomhousestudio.agency,https://linkedin.com/in/magda-allen-6619,Digital Marketing Specialist,ic,Fathomhouse Studio,fathomhousestudio.agency,8,SEO Agency,United States,clay,2025-09-22,,,,,,,
C100055,Santiago,Traore,s.traore@brightvale.io,https://linkedin.com/in/santiago-traore-9792,Content Marketing Manager,manager,Brightvale,brightvale.io,1400,Developer Tools,United States,apollo,2025-09-18,,,,,,marketingqualifiedlead,
C100056,Meera,Baker,m.baker@vertexly.app,https://linkedin.com/in/meera-baker-5056,Director of Acquisition,director,Vertexly,vertexly.app,45,Data & Analytics,United States,clay,2025-09-30,,,,,,,
C100057,Minjun,Weber,mweber@blueprintlabs.co,https://linkedin.com/in/minjun-weber-2786,Performance Marketing Manager,manager,Blueprint Labs,blueprintlabs.co,45,SaaS,United States,clay,2025-11-13,,,,,,,
C100058,Felipe,Kim,felipe@alderpoint.ai,https://linkedin.com/in/felipe-kim-4163,Head of Marketing,head,Alderpoint,alderpoint.ai,28,SaaS,United States,list_upload,2025-10-26,,,,,,,
C100059,Daniel,Sullivan,daniel_sullivan@silverbrookplatform.com,https://linkedin.com/in/daniel-sullivan-5746,Director of Demand Gen,director,Silverbrook Platform,silverbrookplatform.com,240,Fintech,Netherlands,clay,2025-11-03,,,,,,,
C100060,Ethan,Adams,ethan_adams@mosaiclysystems.io,https://linkedin.com/in/ethan-adams-3023,Director of SEO,director,Mosaicly Systems,mosaiclysystems.io,450,SaaS,United States,clay,2026-05-05,,,,,,marketingqualifiedlead,
C100061,Isabella,Traore,isabella@foundryhqsoftware.com,https://linkedin.com/in/isabella-traore-6333,Technical SEO Manager,manager,Foundryhq Software,foundryhqsoftware.com,1400,B2B Software,United States,linkedin_scrape,2026-04-26,2026-03-10,email,getnoble.io,geo-agency-may,no_reply,lead,
C100062,Sakura,Pereira,sakurap@harborview.co,https://linkedin.com/in/sakura-pereira-4143,Head of Marketing,head,Harborview Systems,harborview.co,810,Data & Analytics,United States,clay,2026-02-21,2026-05-26,email,noblehq.io,aeo-saas-jul,opened_no_reply,,
C100063,Michael,Liu,michael_liu@westgatecloud.co,https://linkedin.com/in/michael-liu-6905,Digital Marketing Specialist,ic,Westgate Cloud,westgatecloud.co,120,Cybersecurity,United States,apollo,2025-10-15,2026-01-14,linkedin,,aeo-saas-q2,no_reply,,
C100064,Xiu,Chen,xiu.chen@clearwaterplatform.com,https://linkedin.com/in/xiu-chen-1991,Founder,cxo,Clearwater Platform,clearwaterplatform.com,1400,Developer Tools,United Kingdom,apollo,2026-03-19,,,,,,,
C100065,Emeka,Huang,e.huang@threadbarepartners.co,https://linkedin.com/in/emeka-huang-4760,Affiliate Marketing Manager,manager,Threadbare Partners,threadbarepartners.co,130,SEO Agency,United States,list_upload,2025-12-18,,,,,,,
C100066,Lars,Souza,l.souza@latitudeone.ai,https://linkedin.com/in/lars-souza-5528,Performance Marketing Manager,manager,Latitudeone,latitudeone.ai,620,SaaS,Germany,apollo,2025-07-29,,,,,,,
C100067,Nora,Zhao,nora_zhao@blueprintlabs.co,https://linkedin.com/in/nora-zhao-4911,Chief Growth Officer,cxo,Blueprint Labs,blueprintlabs.co,45,HR Tech,United States,inbound_form,2025-11-17,,,,,,,
C100068,Michael,Becker,m.becker@cadenceio.io,https://linkedin.com/in/michael-becker-3284,AEO Lead,manager,Cadenceio,cadenceio.io,45,B2B Software,United States,clay,2025-11-14,,,,,,,
C100069,Ryan,Weber,rweber@ridgelinetechnologies.com,https://linkedin.com/in/ryan-weber-7449,Marketing Operations Manager,manager,Ridgeline Technologies,ridgelinetechnologies.com,45,Fintech,Netherlands,apollo,2025-12-08,2026-01-02,email,noble-outreach.com,aeo-saas-jul,replied_positive,lead,
C100070,Sarah,Novak,sarahn@latitudeone.ai,https://linkedin.com/in/sarah-novak-6927,Co-Founder & CEO,cxo,Latitudeone,latitudeone.ai,620,HR Tech,United States,apollo,2026-05-31,,,,,,subscriber,
C100071,Hassan,Hansen,hassan_hansen@clovergrovecollective.com,https://linkedin.com/in/hassan-hansen-92,Director of SEO,director,Clovergrove Collective,clovergrovecollective.com,22,Consumer Goods,United States,apollo,2025-06-30,,,,,,lead,
C100072,Hannah,O'Brien,hannah.obrien@palmwoodco.shop,https://linkedin.com/in/hannah-obrien-5082,Digital Marketing Specialist,ic,Palmwood & Co,palmwoodco.shop,12,Health & Wellness,United States,apollo,2025-06-27,2026-02-27,email,noblehq.io,linkedin-seo-leads-jun,no_reply,,
C100073,Tyler,Bianchi,tyler.bianchi@zephyrbaynutrition.com,https://linkedin.com/in/tyler-bianchi-2649,Affiliate Marketing Manager,manager,Zephyrbay Nutrition,zephyrbaynutrition.com,,Health & Wellness,,clay,2025-12-31,,,,,,,
C100074,Klaus,Iyer,kiyer@quarryhq.com,https://linkedin.com/in/klaus-iyer-4337,VP of Marketing,vp,Quarryhq,quarryhq.com,85,SaaS,Brazil,apollo,2025-08-11,,,,,,lead,
C100075,Aisha,Allen,aisha@reedmarsh.com,https://linkedin.com/in/aisha-allen-1597,Head of Communications,head,Reedmarsh,reedmarsh.com,22,Home Goods,Singapore,apollo,2025-10-13,2026-06-08,email,trynoble.co,linkedin-seo-leads-jun,no_reply,opportunity,
C100076,Lars,Bianchi,l.bianchi@kindredgroup.io,https://linkedin.com/in/lars-bianchi-1814,Head of Content,head,Kindred Group,kindredgroup.io,65,PR Agency,United Kingdom,partner_referral,2026-04-01,,,,,,lead,
C100077,Christopher,Baker,christopher_baker@ridgelinetechnologies.com,https://linkedin.com/in/christopher-baker-892,Director of Demand Gen,director,Ridgeline Technologies,ridgelinetechnologies.com,45,SaaS,United States,linkedin_scrape,2026-02-03,,,,,,,
C100078,Magda,Allen,m.allen@lanterndigital.com,https://linkedin.com/in/magda-allen-7308,Performance Marketing Manager,manager,Lantern Digital,lanterndigital.com,8,SEO Agency,United States,clay,2026-03-16,2026-03-10,linkedin,,linkedin-seo-leads-jun,no_reply,,
C100079,Pieter,Choi,p.choi@longshorepartners.agency,https://linkedin.com/in/pieter-choi-1513,Affiliate Marketing Manager,manager,Longshore Partners,longshorepartners.agency,45,Digital Agency,United States,apollo,2025-10-15,2026-04-20,email,trynoble.co,refresh-midmarket-jun,opened_no_reply,,
C100080,Klaus,Yang,klausy@yarrowhillsupply.shop,https://linkedin.com/in/klaus-yang-3096,Affiliate Marketing Manager,manager,Yarrowhill Supply,yarrowhillsupply.shop,200,Beauty & Personal Care,United States,list_upload,2025-09-26,2026-07-09,email,noblehq.io,geo-agency-may,no_reply,,
C100081,Stephanie,Chatterjee,stephanie@clearwaterplatform.com,https://linkedin.com/in/stephanie-chatterjee-8740,VP of Marketing,vp,Clearwater Platform,clearwaterplatform.com,1400,B2B Software,Australia,apollo,2025-12-19,2026-01-19,email,getnoble.io,refresh-midmarket-jun,no_reply,,
C100082,Tomas,Suzuki,tomas.suzuki@blueprintlabs.co,https://linkedin.com/in/tomas-suzuki-7999,Director of Acquisition,director,Blueprint Labs,blueprintlabs.co,45,HR Tech,United States,apollo,2025-07-30,2026-05-18,linkedin,,aeo-consumer-jun,no_reply,,
C100083,Jessica,Romano,j.romano@superbloomstudio.com,https://linkedin.com/in/jessica-romano-9142,SEO Lead,manager,Superbloom Studio,superbloomstudio.com,32,PR Agency,United States,linkedin_scrape,2025-09-17,2026-07-14,email,noblehq.io,refresh-midmarket-jun,bounced,,
C100084,Folake,Bianchi,folakeb@quantumleafhq.app,https://linkedin.com/in/folake-bianchi-7490,Brand Manager,manager,Quantumleaf HQ,quantumleafhq.app,120,B2B Software,United States,clay,2026-05-12,,,,,,,
C100085,Ingrid,Brown,i.brown@jasmindale.com,https://linkedin.com/in/ingrid-brown-957,Head of Demand Generation,head,Jasmindale,jasmindale.com,48,Consumer Goods,United Kingdom,list_upload,2025-11-21,2026-07-13,email,trynoble.co,aeo-saas-jul,replied_positive,subscriber,
C100086,Ananya,Abubakar,a.abubakar@threadbarepartners.co,https://linkedin.com/in/ananya-abubakar-7163,PR Manager,manager,Threadbare Partners,threadbarepartners.co,130,PR Agency,United States,clay,2025-09-22,,,,,,,
C100087,Fatima,Ferreira,fferreira@superbloomstudio.com,https://linkedin.com/in/fatima-ferreira-2326,Head of Digital,head,Superbloom Studio,superbloomstudio.com,32,Digital Agency,United States,apollo,2026-06-11,,,,,,,
C100088,Ryan,Rao,r.rao@cobaltsoftware.app,https://linkedin.com/in/ryan-rao-1336,Marketing Director,director,Cobalt Software,cobaltsoftware.app,28,HR Tech,United Kingdom,apollo,2025-10-03,,,,,,,
C100089,Aaron,Desai,aaron_desai@scrunchai.com,https://linkedin.com/in/aaron-desai-2047,Head of Ecommerce,head,Scrunch AI,scrunchai.com,900,Cybersecurity,United States,apollo,2025-10-19,,,,,,,
C100090,Pieter,Perez,pieter.perez@ridgelinetechnologies.com,https://linkedin.com/in/pieter-perez-6828,Head of Communications,head,Ridgeline Technologies,ridgelinetechnologies.com,45,HR Tech,United States,linkedin_scrape,2026-03-30,2025-11-22,email,noble-outreach.com,aeo-consumer-jun,opened_no_reply,,
C100091,Ryan,Desai,rdesai@northpeakai.co,https://linkedin.com/in/ryan-desai-7448,AEO Lead,manager,Northpeak AI,northpeakai.co,28,Data & Analytics,United Kingdom,clay,2025-06-19,2026-04-24,email,noblehq.io,refresh-midmarket-jun,opened_no_reply,marketingqualifiedlead,
C100092,Amanda,Jones,ajones@alderpoint.ai,https://linkedin.com/in/amanda-jones-3310,Head of Digital,head,Alderpoint,alderpoint.ai,28,Martech,Australia,apollo,2026-06-03,,,,,,,
C100093,Tomas,Ryan,tomas.ryan@nimbusworksplatform.co,https://linkedin.com/in/tomas-ryan-6331,Marketing Operations Manager,manager,Nimbusworks Platform,nimbusworksplatform.co,1400,Martech,Spain,inbound_form,2026-06-30,,,,,,,
C100094,Jessica,Perez,jperez@keystone.co,https://linkedin.com/in/jessica-perez-6126,Head of SEO,head,Keystone,keystone.co,450,SaaS,India,apollo,2025-08-10,,,,,,,
C100095,Aaron,Rao,aaron.rao@petalwiseco.com,https://linkedin.com/in/aaron-rao-4460,Head of Partnerships,head,Petalwise & Co,petalwiseco.com,140,Consumer Goods,United States,clay,2025-07-05,,,,,,marketingqualifiedlead,
C100096,Diego,Novak,d.novak@waypointhqhq.app,https://linkedin.com/in/diego-novak-2520,Affiliate Marketing Manager,manager,Waypointhq HQ,waypointhqhq.app,45,Fintech,United States,partner_referral,2026-02-10,,,,,,,
C100097,Christina,Bianchi,christina.bianchi@terrafirma.com,https://linkedin.com/in/christina-bianchi-2752,Head of Ecommerce,head,Terrafirma,terrafirma.com,60,Martech,Spain,apollo,2026-04-10,,,,,,lead,
C100098,Camila,Hall,camila.hall@goldleafco.co,https://linkedin.com/in/camila-hall-2603,Head of SEO,head,Goldleaf & Co,goldleafco.co,70,Supplements,Netherlands,apollo,2025-09-20,2026-07-02,email,trynoble.co,geo-agency-may,no_reply,,
C100099,Arjun,Bianchi,arjun@junipercloud.com,https://linkedin.com/in/arjun-bianchi-6910,Head of Organic Growth,head,Junipercloud,junipercloud.com,900,Data & Analytics,United Kingdom,clay,2026-06-24,,,,,,lead,
C100100,Xiu,Bianchi,xiu.bianchi@signalpathai.com,https://linkedin.com/in/xiu-bianchi-2448,Affiliate Marketing Manager,manager,Signalpath AI,signalpathai.com,1400,HR Tech,United States,clay,2025-08-27,,,,,,customer,active Noble account
C100101,Ruby,Torres,rubyt@blueprintlabs.co,https://linkedin.com/in/ruby-torres-7648,Head of Digital,head,Blueprint Labs,blueprintlabs.co,45,B2B Software,Spain,apollo,2026-04-08,,,,,,,
C100102,Karthik,Mensah,karthikm@halcyontechnologies.io,https://linkedin.com/in/karthik-mensah-3193,Head of Organic Growth,head,Halcyon Technologies,halcyontechnologies.io,900,HR Tech,Canada,apollo,2026-01-07,2026-03-09,linkedin,,aeo-consumer-jun,no_reply,,
C100103,Christopher,Harris,christopher.harris@cobaltsoftware.app,https://linkedin.com/in/christopher-harris-3390,Founder,cxo,Cobalt Software,cobaltsoftware.app,28,Developer Tools,United States,clay,2025-08-08,2025-12-24,email,noble-outreach.com,aeo-consumer-jun,opened_no_reply,,
C100104,Ethan,Choi,echoi@lanterndigital.com,https://linkedin.com/in/ethan-choi-485,Head of Communications,head,Lantern Digital,lanterndigital.com,8,PR Agency,United States,clay,2025-09-22,2026-05-29,email,noble-outreach.com,geo-agency-may,no_reply,,
C100105,Kevin,Walker,kevinw@harborview.co,https://linkedin.com/in/kevin-walker-9789,Senior SEO Specialist,ic,Harborview Systems,harborview.co,810,HR Tech,United States,apollo,2025-08-03,2026-06-27,email,trynoble.co,aeo-consumer-jun,no_reply,,
C100106,Magda,Gallagher,m.gallagher@stacklinehq.com,https://linkedin.com/in/magda-gallagher-1172,Director of Demand Gen,director,Stackline HQ,stacklinehq.com,450,Martech,Canada,clay,2026-04-04,,,,,,lead,
C100107,Emeka,Andersen,emeka_andersen@meridiansystems.com,https://linkedin.com/in/emeka-andersen-5545,AEO Lead,manager,Meridian Systems,meridiansystems.com,1400,B2B Software,United States,apollo,2026-03-12,,,,,,,
C100108,Larissa,Sanchez,larissas@ironwillowhome.com,https://linkedin.com/in/larissa-sanchez-9583,Head of Organic Growth,head,Ironwillow Home,ironwillowhome.com,140,Beauty & Personal Care,United States,apollo,2025-07-16,2026-07-18,linkedin,,geo-agency-may,no_reply,,
C100109,Lars,Ribeiro,lribeiro@honeycresthome.shop,https://linkedin.com/in/lars-ribeiro-7105,Director of Growth,director,Honeycrest Home,honeycresthome.shop,35,Supplements,United States,apollo,2026-03-21,,,,,,,
C100110,Haruto,Thomas,harutot@foxgloveco.com,https://linkedin.com/in/haruto-thomas-5513,Co-Founder & CEO,cxo,Foxglove & Co,foxgloveco.com,22,Consumer Goods,United States,apollo,2026-05-09,,,,,,marketingqualifiedlead,
C100111,Ashley,Fischer,ashleyf@rosewaterco.com,https://linkedin.com/in/ashley-fischer-469,AEO Lead,manager,Rosewater & Co,rosewaterco.com,140,Consumer Goods,United Kingdom,clay,2026-05-30,2025-11-16,email,noblehq.io,aeo-saas-jul,replied_negative,marketingqualifiedlead,
C100112,Hassan,Malhotra,hassanm@meridiansystems.com,https://linkedin.com/in/hassan-malhotra-4584,Director of Demand Gen,director,Meridian Systems,meridiansystems.com,1400,Data & Analytics,Germany,partner_referral,2025-10-13,,,,,,lead,
C100113,Yan,Kowalski,ykowalski@meridiansystems.com,https://linkedin.com/in/yan-kowalski-1601,Marketing Operations Manager,manager,Meridian Systems,meridiansystems.com,1400,HR Tech,United States,clay,2026-02-06,,,,,,,
C100114,Takashi,Verma,tverma@stacklinehq.com,https://linkedin.com/in/takashi-verma-1896,Affiliate Marketing Manager,manager,Stackline HQ,stacklinehq.com,450,SaaS,Singapore,partner_referral,2025-10-23,,,,,,,
C100115,Katherine,Osei,katherine.osei@argentum.io,https://linkedin.com/in/katherine-osei-5121,Director of Acquisition,director,Argentum,argentum.io,180,SaaS,United States,linkedin_scrape,2026-06-22,2026-04-25,email,noblehq.io,aeo-saas-jul,no_reply,,
C100116,Aisha,Almeida,a.almeida@yardstickhq.com,https://linkedin.com/in/aisha-almeida-6553,PR Manager,manager,Yardstick HQ,yardstickhq.com,310,Data & Analytics,United States,partner_referral,2026-02-25,,,,,,,
C100117,Adam,Wu,adam.wu@oakhausmarketing.agency,https://linkedin.com/in/adam-wu-394,Brand Manager,manager,Oakhaus Marketing,oakhausmarketing.agency,90,Digital Agency,Canada,clay,2026-06-04,2026-05-23,email,noble-outreach.com,linkedin-seo-leads-jun,no_reply,,
C100118,Kofi,Sharma,kofi_sharma@dockyardai.com,https://linkedin.com/in/kofi-sharma-1944,Head of Marketing,head,Dockyard AI,dockyardai.com,60,Developer Tools,United States,apollo,2026-01-27,,,,,,lead,
C100119,Neha,Kowalski,nkowalski@glasswingsoftware.app,https://linkedin.com/in/neha-kowalski-7765,Co-Founder & CEO,cxo,Glasswing Software,glasswingsoftware.app,450,HR Tech,United States,clay,2025-10-19,,,,,,,
C100120,Ngozi,Walker,n.walker@sunhavencollective.shop,https://linkedin.com/in/ngozi-walker-7928,Marketing Operations Manager,manager,Sunhaven Collective,sunhavencollective.shop,400,Home Goods,United Kingdom,clay,2026-05-22,,,,,,,
C100121,Hyeri,Mehta,hyeri_mehta@anchorlinesoftware.com,https://linkedin.com/in/hyeri-mehta-9011,Technical SEO Manager,manager,Anchorline Software,anchorlinesoftware.com,620,Martech,United States,inbound_form,2025-09-23,,,,,,,
C100122,Daniel,Andersen,daniel_andersen@beelinestudio.io,https://linkedin.com/in/daniel-andersen-5696,Senior SEO Specialist,ic,Beeline Studio,beelinestudio.io,90,Marketing Agency,United States,clay,2025-11-21,,,,,,,
C100123,Elias,Costa,elias_costa@hazelnook.shop,https://linkedin.com/in/elias-costa-258,Digital Marketing Specialist,ic,Hazelnook,hazelnook.shop,70,Food & Beverage,United States,apollo,2026-01-16,,,,,,,
C100124,Camila,Kobayashi,ckobayashi@birchmoorgoods.com,https://linkedin.com/in/camila-kobayashi-8716,Brand Manager,manager,Birchmoor Goods,birchmoorgoods.com,400,Home Goods,India,apollo,2025-07-13,2026-05-30,email,noble-outreach.com,linkedin-seo-leads-jun,no_reply,marketingqualifiedlead,
C100125,Caleb,Flores,calebf@foxgloveco.com,https://linkedin.com/in/caleb-flores-5828,Head of Organic Growth,head,Foxglove & Co,foxgloveco.com,22,Home Goods,United States,clay,2026-01-12,,,,,,,
C100126,Bruno,Park,b.park@dockyardai.com,https://linkedin.com/in/bruno-park-8762,Chief Growth Officer,cxo,Dockyard AI,dockyardai.com,60,Fintech,Germany,apollo,2026-04-14,2026-04-17,linkedin,,refresh-midmarket-jun,no_reply,,
C100127,James,Gupta,jamesg@compassmarketing.com,https://linkedin.com/in/james-gupta-9318,Head of Partnerships,head,Compass Marketing,compassmarketing.com,45,SEO Agency,United States,partner_referral,2025-09-11,,,,,,,
C100128,Ananya,Oliveira,aoliveira@waypointhqhq.app,https://linkedin.com/in/ananya-oliveira-5925,Director of Growth,director,Waypointhq HQ,waypointhqhq.app,45,Fintech,United Kingdom,apollo,2025-12-26,,,,,,,
C100129,Felipe,Traore,ftraore@loopworkplatform.com,https://linkedin.com/in/felipe-traore-140,AEO Lead,manager,Loopwork Platform,loopworkplatform.com,180,SaaS,United States,apollo,2026-05-02,,,,,,,
C100130,Takashi,Wright,takashiw@compassmarketing.com,https://linkedin.com/in/takashi-wright-4559,Head of Marketing,head,Compass Marketing,compassmarketing.com,45,SEO Agency,United States,apollo,2026-01-13,,,,,,,
C100131,Stephanie,Thomas,stephanie@oakhausmarketing.agency,https://linkedin.com/in/stephanie-thomas-7037,CMO,cxo,Oakhaus Marketing,oakhausmarketing.agency,90,SEO Agency,United Kingdom,clay,2026-06-11,,,,,,subscriber,
C100132,Ryan,Santos,ryan.santos@honeycresthome.shop,https://linkedin.com/in/ryan-santos-7937,Performance Marketing Manager,manager,Honeycrest Home,honeycresthome.shop,35,Beauty & Personal Care,United States,apollo,2026-02-02,,,,,,,
C100133,Sakura,Wilson,swilson@waypointhqhq.app,https://linkedin.com/in/sakura-wilson-1829,Chief Growth Officer,cxo,Waypointhq HQ,waypointhqhq.app,45,Developer Tools,Netherlands,apollo,2025-10-18,2026-04-22,email,trynoble.co,geo-agency-may,replied_positive,opportunity,
C100134,Sarah,Jung,sarah.jung@xenonlabscloud.com,https://linkedin.com/in/sarah-jung-6040,Brand Manager,manager,Xenonlabs Cloud,xenonlabscloud.com,28,Developer Tools,Canada,apollo,2025-08-16,,,,,,,
C100135,Eric,Muller,eric.muller@wavelengthgroup.agency,https://linkedin.com/in/eric-muller-480,Performance Marketing Manager,manager,Wavelength Group,wavelengthgroup.agency,130,SEO Agency,United States,apollo,2026-03-06,2026-04-22,email,trynoble.co,geo-agency-may,opened_no_reply,,
C100136,Ryan,Scott,ryans@beelinestudio.io,https://linkedin.com/in/ryan-scott-7608,Director of Content,director,Beeline Studio,beelinestudio.io,90,Marketing Agency,United States,apollo,2025-11-19,2026-05-20,email,trynoble.co,refresh-midmarket-jun,no_reply,lead,
C100137,Felipe,Hall,f.hall@fernwood.io,https://linkedin.com/in/felipe-hall-1089,SEO Lead,manager,Fernwood,fernwood.io,620,HR Tech,United States,apollo,2025-12-03,,,,,,,
C100138,Ethan,Scott,e.scott@meridiansystems.com,https://linkedin.com/in/ethan-scott-5853,Head of Partnerships,head,Meridian Systems,meridiansystems.com,1400,Martech,United States,apollo,2025-12-29,,,,,,,
C100139,Lars,Nair,lars_nair@elmstreetsystems.com,https://linkedin.com/in/lars-nair-3058,PR Manager,manager,Elmstreet Systems,elmstreetsystems.com,450,Fintech,Brazil,apollo,2026-04-14,,,,,,,
C100140,Jessica,Sullivan,jessica.sullivan@fathomlyplatform.com,https://linkedin.com/in/jessica-sullivan-5386,Head of Ecommerce,head,Fathomly Platform,fathomlyplatform.com,1400,HR Tech,United States,apollo,2026-06-19,,,,,,,
C100141,Joshua,Abubakar,joshuaa@sagebrushco.co,https://linkedin.com/in/joshua-abubakar-7457,Digital Marketing Specialist,ic,Sagebrush & Co,sagebrushco.co,70,Consumer Goods,United States,inbound_form,2026-02-09,,,,,,,
C100142,Divya,Joshi,d.joshi@fathomlyplatform.com,https://linkedin.com/in/divya-joshi-5926,Head of Marketing,head,Fathomly Platform,fathomlyplatform.com,1400,HR Tech,United States,clay,2025-12-11,2026-07-13,email,noble-outreach.com,refresh-midmarket-jun,booked,,
C100143,Samuel,Wang,swang@compassmarketing.com,https://linkedin.com/in/samuel-wang-4818,Head of Demand Generation,head,Compass Marketing,compassmarketing.com,45,SEO Agency,Canada,apollo,2025-12-07,,,,,,,
C100144,Nicole,Nkemelu,nnkemelu@orbitlycloud.co,https://linkedin.com/in/nicole-nkemelu-4557,Marketing Director,director,Orbitly Cloud,orbitlycloud.co,620,HR Tech,United States,apollo,2025-10-09,,,,,,,
C100145,Ananya,Miller,ananya.miller@umbrahqsoftware.co,https://linkedin.com/in/ananya-miller-1673,Head of Growth,head,Umbrahq Software,umbrahqsoftware.co,1400,B2B Software,United States,apollo,2026-02-20,,,,,,,
C100146,Aaron,Tanaka,aaron@novafoldsoftware.com,https://linkedin.com/in/aaron-tanaka-7288,Senior SEO Specialist,ic,Novafold Software,novafoldsoftware.com,28,Fintech,United States,apollo,2025-07-08,,,,,,,
C100147,Sanne,Almeida,sanne@northpeak.eu,https://linkedin.com/in/sanne-almeida-4004,Director of Growth,director,Northpeak EU,northpeak.eu,110,SaaS,United States,clay,2025-09-28,,,,,,lead,
C100148,Nicole,Rodriguez,nicole_rodriguez@duskwood.com,https://linkedin.com/in/nicole-rodriguez-2587,AEO Lead,manager,Duskwood,duskwood.com,140,Health & Wellness,United States,list_upload,2025-09-26,,,,,,lead,
C100149,Divya,Nelson,divyan@nightjarhome.com,https://linkedin.com/in/divya-nelson-1789,VP of Marketing,vp,Nightjar Home,nightjarhome.com,280,Home Goods,Spain,list_upload,2025-08-04,,,,,,,
C100150,Pieter,Nelson,pnelson@fieldnotesmarketing.io,https://linkedin.com/in/pieter-nelson-8581,Head of Growth,head,Fieldnotes Marketing,fieldnotesmarketing.io,14,Marketing Agency,United States,clay,2025-12-31,2026-01-30,email,trynoble.co,aeo-consumer-jun,opened_no_reply,marketingqualifiedlead,
C100151,Adam,Jackson,,https://linkedin.com/in/adam-jackson-1732,AEO Lead,manager,Ironbridge,ironbridge.com,900,Martech,Australia,apollo,2026-05-03,,,,,,,no email found - linkedin only
C100152,Hannah,Mwangi,hannah.mwangi@nexuscoresystems.co,https://linkedin.com/in/hannah-mwangi-6105,Technical SEO Manager,manager,Nexuscore Systems,nexuscoresystems.co,180,Developer Tools,United Kingdom,apollo,2025-12-20,2026-07-17,email,trynoble.co,geo-agency-may,no_reply,lead,
C100153,Emily,Perez,e.perez@saltmarshnutrition.shop,https://linkedin.com/in/emily-perez-379,Head of Digital,head,Saltmarsh Nutrition,saltmarshnutrition.shop,140,Apparel,United States,apollo,2025-11-18,2026-03-29,email,noble-outreach.com,refresh-midmarket-jun,no_reply,,
C100154,James,Thomas,james_thomas@fernwood.io,https://linkedin.com/in/james-thomas-9969,PR Manager,manager,Fernwood,fernwood.io,620,Data & Analytics,Canada,clay,2026-01-29,2026-06-13,linkedin,,geo-agency-may,replied_negative,,
C100155,Isaac,Larsen,i.larsen@foundryhqsoftware.com,https://linkedin.com/in/isaac-larsen-2021,Technical SEO Manager,manager,Foundryhq Software,foundryhqsoftware.com,1400,SaaS,India,list_upload,2025-09-19,2025-12-17,email,noblehq.io,aeo-consumer-jun,no_reply,,
C100156,Mikkel,Joshi,mjoshi@umbrahqsoftware.co,https://linkedin.com/in/mikkel-joshi-5548,Head of Digital,head,Umbrahq Software,umbrahqsoftware.co,1400,Data & Analytics,United States,apollo,2025-11-26,,,,,,,
C100157,Amara,Walker,awalker@sagebrushco.co,https://linkedin.com/in/amara-walker-390,Director of SEO,director,Sagebrush & Co,sagebrushco.co,70,Supplements,Canada,apollo,2025-08-15,2026-02-08,email,noblehq.io,geo-agency-may,replied_negative,,
C100158,Anders,Hernandez,anders.hernandez@hammersmithstudio.co,https://linkedin.com/in/anders-hernandez-7537,Digital Marketing Specialist,ic,Hammersmith Studio,hammersmithstudio.co,65,Marketing Agency,United States,partner_referral,2026-03-06,,,,,,,
C100159,Ryan,Sanchez,ryan@stonepath.io,https://linkedin.com/in/ryan-sanchez-7898,Brand Manager,manager,Stonepath,stonepath.io,120,SaaS,United States,clay,2026-06-21,,,,,,,
C100160,Elias,Walker,ewalker@brightsparkdigital.com,https://linkedin.com/in/elias-walker-9815,Demand Generation Manager,manager,Brightspark Digital,brightsparkdigital.com,8,SEO Agency,Ireland,apollo,2025-11-13,2026-05-08,email,trynoble.co,geo-agency-may,no_reply,,
C100161,Tomas,Chatterjee,t.chatterjee@silverbrookplatform.com,https://linkedin.com/in/tomas-chatterjee-3887,Head of Digital,head,Silverbrook Platform,silverbrookplatform.com,240,Martech,United States,clay,2026-02-17,2026-06-20,email,getnoble.io,aeo-saas-q2,no_reply,opportunity,
C100162,Jing,Kowalski,jing.kowalski@amberfieldgoods.com,https://linkedin.com/in/jing-kowalski-5381,Technical SEO Manager,manager,Amberfield Goods,amberfieldgoods.com,22,Health & Wellness,Germany,apollo,2026-03-14,,,,,,,
C100163,Melissa,Byrne,melissa_byrne@nightjarhome.com,https://linkedin.com/in/melissa-byrne-2275,Head of Organic Growth,head,Nightjar Home,nightjarhome.com,280,Home Goods,Canada,apollo,2026-06-25,,,,,,,
C100164,Vikram,White,vikram_white@vantagepoint.app,https://linkedin.com/in/vikram-white-195,Head of Ecommerce,head,Vantagepoint,vantagepoint.app,120,SaaS,United States,apollo,2026-05-28,,,,,,,
C100165,Christopher,Becker,cbecker@mossbankwellness.com,https://linkedin.com/in/christopher-becker-8063,Head of Communications,head,Mossbank Wellness,mossbankwellness.com,140,Health & Wellness,Ireland,apollo,2026-04-15,2026-05-23,email,getnoble.io,aeo-consumer-jun,no_reply,,
C100166,Takashi,Banerjee,t.banerjee@umbrahqsoftware.co,https://linkedin.com/in/takashi-banerjee-6888,PR Manager,manager,Umbrahq Software,umbrahqsoftware.co,1400,HR Tech,United States,apollo,2025-08-04,,,,,,,
C100167,Santiago,Rao,santiagor@kelpforest.co,https://linkedin.com/in/santiago-rao-2629,AEO Lead,manager,Kelpforest,kelpforest.co,95,Beauty & Personal Care,Canada,clay,2026-01-27,,,,,,,
C100168,Karthik,Banerjee,karthikb@fathomhousestudio.agency,https://linkedin.com/in/karthik-banerjee-7635,Content Marketing Manager,manager,Fathomhouse Studio,fathomhousestudio.agency,8,Digital Agency,United Kingdom,clay,2025-08-29,,,,,,opportunity,
C100169,Zoe,Schmidt,zschmidt@copperlinehq.com,https://linkedin.com/in/zoe-schmidt-9414,Chief Growth Officer,cxo,Copperline HQ,copperlinehq.com,900,HR Tech,Germany,apollo,2026-03-30,2026-02-14,email,getnoble.io,aeo-consumer-jun,replied_positive,,
C100170,Larissa,Lopez,larissa_lopez@ashgrovenutrition.com,https://linkedin.com/in/larissa-lopez-4913,Content Marketing Manager,manager,Ashgrove Nutrition,ashgrovenutrition.com,400,Beauty & Personal Care,United States,list_upload,2025-11-04,,,,,,lead,
C100171,Diego,Walker,dwalker@keystone.co,https://linkedin.com/in/diego-walker-3370,Demand Generation Manager,manager,Keystone,keystone.co,450,B2B Software,United Kingdom,apollo,2025-12-05,,,,,,,
C100172,Samuel,Martin,samuel@ironbridge.com,https://linkedin.com/in/samuel-martin-8564,CMO,cxo,Ironbridge,ironbridge.com,900,Developer Tools,United States,clay,2025-08-12,,,,,,,
C100173,Yuki,Murphy,yuki@ridgelinetechnologies.com,https://linkedin.com/in/yuki-murphy-794,Chief Growth Officer,cxo,Ridgeline Technologies,ridgelinetechnologies.com,45,Martech,United States,clay,2025-11-24,,,,,,lead,
C100174,Lucas,Anderson,l.anderson@anchorlinesoftware.com,https://linkedin.com/in/lucas-anderson-7032,Director of SEO,director,Anchorline Software,anchorlinesoftware.com,620,Fintech,United States,list_upload,2025-09-18,,,,,,customer,active Noble account
C100175,Bruno,Rossi,bruno.rossi@foldworkmarketing.co,https://linkedin.com/in/bruno-rossi-8429,Chief Growth Officer,cxo,Foldwork Marketing,foldworkmarketing.co,90,SEO Agency,United States,apollo,2026-03-12,2026-01-04,email,noblehq.io,aeo-saas-jul,no_reply,,
C100176,Anja,Nair,anjan@kindredgroup.io,https://linkedin.com/in/anja-nair-5339,Chief Growth Officer,cxo,Kindred Group,kindredgroup.io,65,Marketing Agency,United States,apollo,2026-02-17,,,,,,,
C100177,Mateo,Gallagher,m.gallagher@fieldnotesmarketing.io,https://linkedin.com/in/mateo-gallagher-1894,VP of Marketing,vp,Fieldnotes Marketing,fieldnotesmarketing.io,14,Digital Agency,United States,apollo,2025-10-19,,,,,,lead,
C100178,Beatriz,Sanchez,beatriz@inkwellsoftware.com,https://linkedin.com/in/beatriz-sanchez-2004,SEO Lead,manager,Inkwell Software,inkwellsoftware.com,310,Martech,United States,clay,2026-01-24,,,,,,,
C100179,Kwame,Thomas,kwame.thomas@helixware.io,https://linkedin.com/in/kwame-thomas-2854,Head of Communications,head,Helixware,helixware.io,310,Fintech,Ireland,clay,2026-04-30,,,,,,,
C100180,Isabella,Becker,ibecker@silverbrook.io,https://linkedin.com/in/isabella-becker-6539,Co-Founder & CEO,cxo,Silverbrook Technologies,silverbrook.io,810,Developer Tools,United States,apollo,2026-05-22,2026-05-26,email,noblehq.io,aeo-saas-jul,no_reply,,
C100181,Larissa,Byrne,lbyrne@ironwillowhome.com,https://linkedin.com/in/larissa-byrne-2997,Head of Partnerships,head,Ironwillow Home,ironwillowhome.com,140,Health & Wellness,United States,apollo,2025-11-15,,,,,,,
C100182,Takashi,Hill,takashi.hill@foxgloveco.com,https://linkedin.com/in/takashi-hill-5326,Director of Content,director,Foxglove & Co,foxgloveco.com,22,Consumer Goods,United States,linkedin_scrape,2025-08-15,2026-06-21,email,noble-outreach.com,aeo-consumer-jun,bounced,lead,
C100183,Minjun,Kapoor,mkapoor@fernwood.io,https://linkedin.com/in/minjun-kapoor-4688,Technical SEO Manager,manager,Fernwood,fernwood.io,620,Fintech,United States,list_upload,2026-05-02,,,,,,lead,
C100184,Jonah,Osei,jonah.osei@compassmarketing.com,https://linkedin.com/in/jonah-osei-9701,Head of Ecommerce,head,Compass Marketing,compassmarketing.com,45,Marketing Agency,Ireland,apollo,2026-01-14,,,,,,marketingqualifiedlead,
C100185,Santiago,Chatterjee,santiago@superbloomstudio.com,https://linkedin.com/in/santiago-chatterjee-2055,Director of Demand Gen,director,Superbloom Studio,superbloomstudio.com,32,Marketing Agency,United States,apollo,2026-04-07,,,,,,,
C100186,Ruby,Moore,ruby.moore@xenonlabscloud.com,https://linkedin.com/in/ruby-moore-7007,Head of Demand Generation,head,Xenonlabs Cloud,xenonlabscloud.com,28,HR Tech,United States,apollo,2026-06-22,2026-01-17,linkedin,,linkedin-seo-leads-jun,no_reply,,
C100187,Ashley,Malhotra,ashleym@palmwoodco.shop,https://linkedin.com/in/ashley-malhotra-1088,Founder,cxo,Palmwood & Co,palmwoodco.shop,12,Apparel,India,inbound_form,2025-12-31,,,,,,,
C100188,Santiago,Romano,santiago_romano@overtone.com,https://linkedin.com/in/santiago-romano-8699,Head of Partnerships,head,Overtone,overtone.com,310,Developer Tools,United Kingdom,apollo,2025-12-28,,,,,,lead,
C100189,Grace,Murphy,g.murphy@ridgelinetechnologies.com,https://linkedin.com/in/grace-murphy-7524,Head of SEO,head,Ridgeline Technologies,ridgelinetechnologies.com,45,Developer Tools,Australia,clay,2025-08-31,,,,,,,
C100190,Pieter,Ferreira,pieterf@getkeystone.com,https://linkedin.com/in/pieter-ferreira-3226,Founder,cxo,Keystone Cloud,getkeystone.com,190,Fintech,Germany,list_upload,2025-11-04,,,,,,,
C100191,Lucas,Mensah,lucas_mensah@orchardlynutrition.com,https://linkedin.com/in/lucas-mensah-3699,Content Marketing Manager,manager,Orchardly Nutrition,orchardlynutrition.com,48,Health & Wellness,United States,clay,2025-10-07,,,,,,,
C100192,Jessica,Wojcik,jessica@copperlinehq.com,https://linkedin.com/in/jessica-wojcik-6765,Head of Marketing,head,Copperline HQ,copperlinehq.com,900,Data & Analytics,United States,apollo,2026-01-29,2026-07-17,email,trynoble.co,aeo-saas-q2,opened_no_reply,,
C100193,Tomasz,Nowak,tomasz_nowak@lanterndigital.com,https://linkedin.com/in/tomasz-nowak-844,Content Marketing Manager,manager,Lantern Digital,lanterndigital.com,8,Marketing Agency,United States,clay,2026-01-15,2026-05-23,email,noble-outreach.com,aeo-saas-q2,no_reply,,
C100194,Sanne,Mehta,sanne@lanterndigital.com,https://linkedin.com/in/sanne-mehta-2594,Head of Digital,head,Lantern Digital,lanterndigital.com,8,PR Agency,United States,clay,2025-08-23,,,,,,marketingqualifiedlead,
C100195,Wei,Murphy,wei_murphy@keystone.co,https://linkedin.com/in/wei-murphy-512,Affiliate Marketing Manager,manager,Keystone,keystone.co,450,Developer Tools,Australia,apollo,2025-08-18,,,,,,,
C100196,Tyler,Chen,t.chen@duskwood.com,https://linkedin.com/in/tyler-chen-3871,VP of Marketing,vp,Duskwood,duskwood.com,140,Beauty & Personal Care,United States,apollo,2026-06-18,,,,,,,
C100197,Samuel,Williams,samuel.williams@superbloomstudio.com,https://linkedin.com/in/samuel-williams-1406,Technical SEO Manager,manager,Superbloom Studio,superbloomstudio.com,32,PR Agency,United States,list_upload,2025-08-03,,,,,,lead,
C100198,,,hi@westgatecloud.co,https://linkedin.com/in/--519,,,Westgate Cloud,westgatecloud.co,120,Fintech,United States,list_upload,2026-03-30,,,,,,,
C100199,Anders,Clark,anders.clark@ecommercebytes.co,https://linkedin.com/in/anders-clark-4472,Head of Content Partnerships,head,Ecommerce Bytes,ecommercebytes.co,15,Martech,United States,apollo,2025-08-05,2026-06-14,email,trynoble.co,publisher-outreach-jul,bounced,subscriber,publisher - active in Noble publisher program
C100200,Kofi,Osei,kosei@foundryhqsoftware.com,https://linkedin.com/in/kofi-osei-7905,Affiliate Marketing Manager,manager,Foundryhq Software,foundryhqsoftware.com,1400,Developer Tools,United States,linkedin_scrape,2026-06-04,,,,,,opportunity,open opp - do not prospect
C100201,Adaeze,Sun,adaeze@elmstreetsystems.com,https://linkedin.com/in/adaeze-sun-2859,SEO Lead,manager,Elmstreet Systems,elmstreetsystems.com,450,Data & Analytics,United Kingdom,list_upload,2025-11-04,,,,,,subscriber,
C100202,Katherine,Novak,knovak@beaconworkslabs.com,https://linkedin.com/in/katherine-novak-9427,Head of Communications,head,Beaconworks Labs,beaconworkslabs.com,45,Developer Tools,United States,apollo,2025-11-12,,,,,,opportunity,
C100203,Aaron,Robinson,aaron.robinson@longshorepartners.agency,https://linkedin.com/in/aaron-robinson-5768,Affiliate Marketing Manager,manager,Longshore Partners,longshorepartners.agency,45,Digital Agency,United States,partner_referral,2025-11-29,2026-07-05,email,getnoble.io,refresh-midmarket-jun,opened_no_reply,lead,
C100204,Chloe,Bianchi,chloe.bianchi@foldworkmarketing.co,https://linkedin.com/in/chloe-bianchi-3345,Performance Marketing Manager,manager,Foldwork Marketing,foldworkmarketing.co,90,Digital Agency,United States,apollo,2025-12-23,,,,,,,
C100205,Hao,Ferreira,hao.ferreira@cadenceio.io,https://linkedin.com/in/hao-ferreira-1115,Co-Founder & CEO,cxo,Cadenceio,cadenceio.io,45,Data & Analytics,United States,list_upload,2025-08-02,,,,,,,
C100206,Felipe,Hernandez,fhernandez@pinnaclesoftcloud.com,https://linkedin.com/in/felipe-hernandez-7302,Head of Partnerships,head,Pinnaclesoft Cloud,pinnaclesoftcloud.com,45,SaaS,United States,inbound_form,2026-05-31,,,,,,lead,
C100207,Tomasz,Osei,tosei@violetgrove.com,https://linkedin.com/in/tomasz-osei-6711,Performance Marketing Manager,manager,Violetgrove,violetgrove.com,400,Health & Wellness,United States,clay,2025-10-19,2026-06-07,email,trynoble.co,aeo-saas-q2,unsubscribed,marketingqualifiedlead,
C100208,Amara,Liu,amaral@oakhausmarketing.agency,https://linkedin.com/in/amara-liu-1693,Head of Growth,head,Oakhaus Marketing,oakhausmarketing.agency,90,Digital Agency,United Kingdom,inbound_form,2026-02-01,2026-06-04,email,noble-outreach.com,aeo-saas-q2,no_reply,,
C100209,Daniel,Tanaka,dtanaka@superbloomstudio.com,https://linkedin.com/in/daniel-tanaka-7707,Content Marketing Manager,manager,Superbloom Studio,superbloomstudio.com,32,Marketing Agency,United States,apollo,2026-03-07,2026-04-22,email,noblehq.io,aeo-saas-jul,opened_no_reply,opportunity,
C100210,Lars,Park,lars@northlightmedia.co,https://linkedin.com/in/lars-park-2813,Demand Generation Manager,manager,Northlight Media,northlightmedia.co,45,PR Agency,United States,apollo,2025-12-25,,,,,,,
C100211,Michael,Desai,michaeld@sourceforge.net,https://linkedin.com/in/michael-desai-1542,Head of Content Partnerships,head,SourceForge,sourceforge.net,40,Data & Analytics,United States,inbound_form,2026-03-16,,,,,,lead,
C100212,Yusuf,Romano,yusufr@junipercloud.com,https://linkedin.com/in/yusuf-romano-8593,Digital Marketing Specialist,ic,Junipercloud,junipercloud.com,900,Data & Analytics,Canada,partner_referral,2025-12-10,,,,,,,
C100213,Ngozi,Miller,ngozi.miller+noble@quantumleafhq.app,https://linkedin.com/in/ngozi-miller-4575,Director of Demand Gen,director,Quantumleaf HQ,quantumleafhq.app,120,B2B Software,Netherlands,clay,2026-06-03,,,,,,,
C100214,Emily,Oliveira,e.oliveira@birchmoorgoods.com,https://linkedin.com/in/emily-oliveira-2016,Head of Organic Growth,head,Birchmoor Goods,birchmoorgoods.com,400,Apparel,United States,partner_referral,2026-01-29,,,,,,,
C100215,Nora,Thompson,nthompson@nightjarhome.com,https://linkedin.com/in/nora-thompson-2698,Head of Content,head,Nightjar Home,nightjarhome.com,280,Supplements,United States,apollo,2025-08-16,,,,,,,
C100216,Yan,Fischer,yan.fischer@zenithlyhq.io,https://linkedin.com/in/yan-fischer-2832,Director of Growth,director,Zenithly HQ,zenithlyhq.io,120,Fintech,Singapore,apollo,2026-05-30,,,,,,,
C100217,Aaron,Wright,a.wright@halogengroup.agency,https://linkedin.com/in/aaron-wright-8746,Head of Ecommerce,head,Halogen Group,halogengroup.agency,45,PR Agency,Spain,partner_referral,2025-10-21,,,,,,,
C100218,Nicole,Miller,nicole@longshorepartners.agency,https://linkedin.com/in/nicole-miller-293,Senior SEO Specialist,ic,Longshore Partners,longshorepartners.agency,45,Digital Agency,United States,clay,2025-08-11,,,,,,subscriber,
C100219,Sarah,Mehta,sarah@sunhavencollective.shop,https://linkedin.com/in/sarah-mehta-2639,SEO Manager,manager,Sunhaven Collective,sunhavencollective.shop,400,Health & Wellness,United States,inbound_form,2026-04-27,2026-04-05,email,trynoble.co,geo-agency-may,no_reply,,
C100220,Ingrid,Kobayashi,ingrid.kobayashi@crestlinesoftware.com,https://linkedin.com/in/ingrid-kobayashi-9698,Performance Marketing Manager,manager,Crestline Software,crestlinesoftware.com,240,Developer Tools,United States,apollo,2025-12-14,2026-05-18,email,noble-outreach.com,aeo-consumer-jun,no_reply,opportunity,
C100221,Aaron,Reddy,aaron.reddy@pinnaclesoftcloud.com,https://linkedin.com/in/aaron-reddy-5491,Head of Demand Generation,head,Pinnaclesoft Cloud,pinnaclesoftcloud.com,45,Fintech,United States,apollo,2025-06-20,,,,,,lead,
C100222,Ingrid,Quinn,ingrid.quinn@truenorthsoftware.com,https://linkedin.com/in/ingrid-quinn-1209,Head of Content,head,Truenorth Software,truenorthsoftware.com,450,Cybersecurity,United States,list_upload,2025-09-10,2026-04-01,email,getnoble.io,aeo-consumer-jun,unsubscribed,marketingqualifiedlead,
C100223,Laura,Jensen,laura_jensen@fathomlyplatform.com,https://linkedin.com/in/laura-jensen-6827,PR Manager,manager,Fathomly Platform,fathomlyplatform.com,1400,Martech,Germany,list_upload,2026-03-07,,,,,,marketingqualifiedlead,
C100224,Seoyeon,Chatterjee,seoyeon.chatterjee@alderpoint.ai,https://linkedin.com/in/seoyeon-chatterjee-3276,Director of Growth,director,Alderpoint,alderpoint.ai,28,HR Tech,United States,apollo,2026-03-20,2026-04-22,email,trynoble.co,aeo-consumer-jun,opened_no_reply,,
C100225,Olivia,Johnson,olivia.johnson@truenorthsoftware.com,https://linkedin.com/in/olivia-johnson-6460,Head of Partnerships,head,Truenorth Software,truenorthsoftware.com,450,SaaS,United Kingdom,apollo,2025-09-05,,,,,,lead,
C100226,Jonah,Abubakar,j.abubakar@argentum.io,https://linkedin.com/in/jonah-abubakar-7137,Co-Founder & CEO,cxo,Argentum,argentum.io,180,Fintech,United States,clay,2025-08-23,,,,,,,
C100227,Chen,Brown,chen.brown@meadowlarknutrition.com,https://linkedin.com/in/chen-brown-9452,Head of Digital,head,Meadowlark Nutrition,meadowlarknutrition.com,280,Home Goods,United States,list_upload,2025-10-02,,,,,,,
C100228,Beatriz,Rao,beatriz.rao@ashgrovenutrition.com,https://linkedin.com/in/beatriz-rao-9158,Senior SEO Specialist,ic,Ashgrove Nutrition,ashgrovenutrition.com,400,Consumer Goods,United States,apollo,2026-01-12,,,,,,subscriber,
C100229,Zoe,Sullivan,zoe@westgatecloud.co,https://linkedin.com/in/zoe-sullivan-7758,Marketing Director,director,Westgate Cloud,westgatecloud.co,120,SaaS,United States,apollo,2026-04-01,2026-02-15,email,noblehq.io,linkedin-seo-leads-jun,no_reply,opportunity,
C100230,Larissa,Harris,larissah@vantagepoint.app,https://linkedin.com/in/larissa-harris-5863,VP of Marketing,vp,Vantagepoint,vantagepoint.app,120,SaaS,Canada,apollo,2025-08-14,2025-12-11,email,trynoble.co,linkedin-seo-leads-jun,replied_negative,,
C100231,Jing,Hall,jing.hall@tideworksai.io,https://linkedin.com/in/jing-hall-9703,AEO Lead,manager,Tideworks AI,tideworksai.io,180,SaaS,United States,linkedin_scrape,2026-04-23,,,,,,,
C100232,Ryan,Novak,ryan.novak@mosaiclysystems.io,https://linkedin.com/in/ryan-novak-9605,Performance Marketing Manager,manager,Mosaicly Systems,mosaiclysystems.io,450,SaaS,United States,apollo,2026-05-14,,,,,,,
C100233,Jessica,Zhao,jessica.zhao@kelpforest.co,https://linkedin.com/in/jessica-zhao-6679,Head of Growth,head,Kelpforest,kelpforest.co,95,Apparel,United Kingdom,list_upload,2025-12-21,,,,,,,
C100234,Grace,Adeyemi,grace@longshorepartners.agency,https://linkedin.com/in/grace-adeyemi-7431,CMO,cxo,Longshore Partners,longshorepartners.agency,45,PR Agency,United States,list_upload,2025-08-03,2026-07-05,email,noblehq.io,refresh-midmarket-jun,no_reply,,
C100235,Vikram,Adeyemi,vikram.adeyemi@copperkettlenutrition.com,https://linkedin.com/in/vikram-adeyemi-6745,Director of Acquisition,director,Copperkettle Nutrition,copperkettlenutrition.com,70,Beauty & Personal Care,United States,apollo,2025-07-22,,,,,,,
C100236,Ethan,Larsen,ethan_larsen@basecamp9.ai,https://linkedin.com/in/ethan-larsen-6211,Director of SEO,director,Basecamp9,basecamp9.ai,450,Fintech,United States,apollo,2026-05-16,,,,,,,
C100237,Amanda,Yang,amanda.yang@solsticehq.ai,https://linkedin.com/in/amanda-yang-5854,Brand Manager,manager,Solstice HQ,solsticehq.ai,45,HR Tech,Canada,list_upload,2026-05-24,,,,,,,
C100238,Li,Sun,li@lanterndigital.com,https://linkedin.com/in/li-sun-6681,Head of Ecommerce,head,Lantern Digital,lanterndigital.com,8,Marketing Agency,United States,apollo,2026-03-14,,,,,,,
C100239,Magda,Hernandez,m.hernandez@hammersmithstudio.co,https://linkedin.com/in/magda-hernandez-2399,Director of SEO,director,Hammersmith Studio,hammersmithstudio.co,65,Digital Agency,United States,list_upload,2026-04-24,,,,,,,
C100240,Rebecca,Andersen,r.andersen@quarryhq.com,https://linkedin.com/in/rebecca-andersen-1421,SEO Lead,manager,Quarryhq,quarryhq.com,85,SaaS,United States,apollo,2025-07-01,2026-03-12,email,noblehq.io,geo-agency-may,opened_no_reply,,
C100241,Nora,Lopez,nora.lopez@wavelengthgroup.agency,https://linkedin.com/in/nora-lopez-3184,Affiliate Marketing Manager,manager,Wavelength Group,wavelengthgroup.agency,130,Digital Agency,India,apollo,2026-02-25,2025-12-12,email,getnoble.io,aeo-saas-jul,replied_negative,,
C100242,Beatriz,Quinn,b.quinn@lavenderlywellness.com,https://linkedin.com/in/beatriz-quinn-6451,CMO,cxo,Lavenderly Wellness,lavenderlywellness.com,48,Home Goods,United States,linkedin_scrape,2025-08-27,2025-12-29,email,noblehq.io,geo-agency-may,no_reply,,
C100243,Ashley,Sharma,ashley_sharma@zephyrbaynutrition.com,https://linkedin.com/in/ashley-sharma-6163,Head of Partnerships,head,Zephyrbay Nutrition,zephyrbaynutrition.com,12,Health & Wellness,United States,list_upload,2026-06-09,,,,,,,
C100244,Sanne,Ryan,sanne.ryan@clovergrovecollective.com,https://linkedin.com/in/sanne-ryan-7261,Marketing Operations Manager,manager,Clovergrove Collective,clovergrovecollective.com,22,Food & Beverage,Ireland,clay,2026-03-31,,,,,,,
C100245,Piotr,Chatterjee,piotrc@stacklinehq.com,https://linkedin.com/in/piotr-chatterjee-1941,Senior SEO Specialist,ic,Stackline HQ,stacklinehq.com,450,Developer Tools,United States,apollo,2026-07-01,2025-12-25,email,getnoble.io,aeo-consumer-jun,no_reply,,
C100246,Jessica,Weber,j.weber@ridgelinetechnologies.com,https://linkedin.com/in/jessica-weber-825,Growth Marketing Manager,manager,Ridgeline Technologies,ridgelinetechnologies.com,45,Martech,United States,list_upload,2026-04-28,2026-06-26,email,noble-outreach.com,aeo-consumer-jun,replied_negative,,
C100247,Valentina,Torres,valentina.torres@orbitlycloud.co,https://linkedin.com/in/valentina-torres-9801,Director of Content,director,Orbitly Cloud,orbitlycloud.co,620,Developer Tools,United States,apollo,2025-11-05,,,,,,lead,
C100248,Lars,Ferrari,lars@overtone.com,https://linkedin.com/in/lars-ferrari-8036,Brand Manager,manager,Overtone,overtone.com,310,HR Tech,United States,inbound_form,2025-12-13,,,,,,,
C100249,Hao,Quinn,h.quinn@terracottagoods.co,https://linkedin.com/in/hao-quinn-9412,Head of Demand Generation,head,Terracotta Goods,terracottagoods.co,22,Apparel,United States,apollo,2026-03-26,,,,,,,
C100250,Neha,Abubakar,neha@junipercloud.com,https://linkedin.com/in/neha-abubakar-3092,Head of Growth,head,Junipercloud,junipercloud.com,900,HR Tech,United States,linkedin_scrape,2025-08-08,,,,,,,
C100251,Arjun,Kim,a.kim@brightsparkdigital.com,https://linkedin.com/in/arjun-kim-1434,Director of Demand Gen,director,Brightspark Digital,brightsparkdigital.com,8,SEO Agency,United States,apollo,2026-06-06,2026-05-06,email,trynoble.co,aeo-consumer-jun,replied_negative,,
C100252,Daniel,Santos,daniel@pinnaclesoftcloud.com,https://linkedin.com/in/daniel-santos-7858,PR Manager,manager,Pinnaclesoft Cloud,pinnaclesoftcloud.com,45,Martech,Australia,linkedin_scrape,2025-09-14,2026-06-03,email,noblehq.io,geo-agency-may,no_reply,,
C100253,Chen,Gallagher,chen.gallagher@glasswingsoftware.app,https://linkedin.com/in/chen-gallagher-9386,Senior SEO Specialist,ic,Glasswing Software,glasswingsoftware.app,450,Data & Analytics,United States,apollo,2025-10-19,,,,,,lead,
C100254,Tomas,Traore,tomast@umbrahqsoftware.co,https://linkedin.com/in/tomas-traore-4343,Director of Content,director,Umbrahq Software,umbrahqsoftware.co,1400,HR Tech,United Kingdom,list_upload,2025-11-11,2026-04-24,email,noble-outreach.com,aeo-saas-jul,no_reply,,
C100255,Mateo,Robinson,mateor@violetgrove.com,https://linkedin.com/in/mateo-robinson-5661,Co-Founder & CEO,cxo,Violetgrove,violetgrove.com,400,Consumer Goods,United States,list_upload,2026-06-25,2026-02-18,email,noblehq.io,aeo-saas-jul,opened_no_reply,,
C100256,Neha,Jensen,neha@fathomhousestudio.agency,https://linkedin.com/in/neha-jensen-9624,Head of Growth,head,Fathomhouse Studio,fathomhousestudio.agency,8,Marketing Agency,United States,list_upload,2025-12-17,2025-12-20,email,noblehq.io,aeo-saas-jul,opened_no_reply,,
C100257,Larissa,Almeida,lalmeida@nimbusworksplatform.co,https://linkedin.com/in/larissa-almeida-6771,Head of Demand Generation,head,Nimbusworks Platform,nimbusworksplatform.co,1400,SaaS,United States,clay,2025-09-04,2026-03-01,email,noble-outreach.com,linkedin-seo-leads-jun,no_reply,,
C100258,Karthik,Costa,kcosta@verdantbeauty.com,https://linkedin.com/in/karthik-costa-5101,Director of SEO,director,Verdant Beauty,verdantbeauty.com,140,Consumer Goods,United States,list_upload,2025-09-25,2026-04-16,email,noblehq.io,geo-agency-may,no_reply,,
C100259,Arjun,Patel,arjun.patel@hammersmithstudio.co,https://linkedin.com/in/arjun-patel-4058,Brand Manager,manager,Hammersmith Studio,hammersmithstudio.co,65,Digital Agency,United States,linkedin_scrape,2026-06-24,2026-01-19,email,getnoble.io,geo-agency-may,no_reply,,
C100260,Mateo,Traore,m.traore@copperkettlenutrition.com,https://linkedin.com/in/mateo-traore-10,Head of Demand Generation,head,Copperkettle Nutrition,copperkettlenutrition.com,70,Consumer Goods,United States,clay,2026-04-19,,,,,,,
C100261,Kwame,Chatterjee,kchatterjee@anchorlinesoftware.com,https://linkedin.com/in/kwame-chatterjee-9820,SEO Manager,manager,Anchorline Software,anchorlinesoftware.com,620,HR Tech,United States,apollo,2025-12-16,,,,,,,
C100262,Anders,Otieno,anderso@beaconworkslabs.com,https://linkedin.com/in/anders-otieno-4437,Head of Organic Growth,head,Beaconworks Labs,beaconworkslabs.com,45,Fintech,United States,clay,2026-05-30,2025-12-15,linkedin,,aeo-consumer-jun,no_reply,,
C100263,Valentina,Kowalski,valentina.kowalski@goldleafco.co,https://linkedin.com/in/valentina-kowalski-4520,Affiliate Marketing Manager,manager,Goldleaf & Co,goldleafco.co,70,Food & Beverage,United States,clay,2025-12-21,2026-05-26,linkedin,,linkedin-seo-leads-jun,no_reply,,
C100264,Rohan,Souza,rohan_souza@beaconworkslabs.com,https://linkedin.com/in/rohan-souza-9908,Digital Marketing Specialist,ic,Beaconworks Labs,beaconworkslabs.com,45,SaaS,United Kingdom,apollo,2025-09-06,,,,,,,
C100265,Hassan,Becker,hassanb@jasmindale.com,https://linkedin.com/in/hassan-becker-3635,CMO,cxo,Jasmindale,jasmindale.com,48,Beauty & Personal Care,Ireland,apollo,2026-06-25,2025-12-17,email,noblehq.io,aeo-saas-jul,opened_no_reply,,
C100266,Isabella,Doyle,i.doyle@nimbusworksplatform.co,https://linkedin.com/in/isabella-doyle-1825,Co-Founder & CEO,cxo,Nimbusworks Platform,nimbusworksplatform.co,1400,Data & Analytics,United States,apollo,2026-05-27,,,,,,,
C100267,Katherine,Costa,katherine.costa@mossbankwellness.com,https://linkedin.com/in/katherine-costa-528,Head of Marketing,head,Mossbank Wellness,mossbankwellness.com,140,Apparel,United Kingdom,linkedin_scrape,2026-06-04,2026-06-15,email,noble-outreach.com,refresh-midmarket-jun,no_reply,,
C100268,Rebecca,Pereira,rebecca_pereira@jasmindale.com,https://linkedin.com/in/rebecca-pereira-7609,Director of Content,director,Jasmindale,jasmindale.com,48,Beauty & Personal Care,United States,clay,2026-02-04,,,,,,marketingqualifiedlead,
C100269,Yan,Zhang,yzhang@compassmarketing.com,https://linkedin.com/in/yan-zhang-5066,Head of Partnerships,head,Compass Marketing,compassmarketing.com,45,Marketing Agency,United Kingdom,apollo,2025-06-23,2026-04-28,linkedin,,linkedin-seo-leads-jun,opened_no_reply,,
C100270,Ruby,Young,rubyy@pinnaclesoftcloud.com,https://linkedin.com/in/ruby-young-3198,Senior SEO Specialist,ic,Pinnaclesoft Cloud,pinnaclesoftcloud.com,45,B2B Software,United States,inbound_form,2026-01-17,,,,,,,
C100271,Yuki,Miller,yuki@hammersmithstudio.co,https://linkedin.com/in/yuki-miller-951,Head of SEO,head,Hammersmith Studio,hammersmithstudio.co,65,SEO Agency,Germany,apollo,2025-12-31,,,,,,,
C100272,Isabella,Kelly,ikelly@halogengroup.agency,https://linkedin.com/in/isabella-kelly-7055,Head of Content,head,Halogen Group,halogengroup.agency,45,PR Agency,United States,clay,2025-12-18,,,,,,,
C100273,Ethan,Ryan,ethan@everbloom.shop,https://linkedin.com/in/ethan-ryan-231,AEO Lead,manager,Everbloom,everbloom.shop,48,Home Goods,United States,linkedin_scrape,2025-06-20,,,,,,lead,
C100274,Jing,Ryan,jingr@wavelengthgroup.agency,https://linkedin.com/in/jing-ryan-5657,Marketing Director,director,Wavelength Group,wavelengthgroup.agency,130,SEO Agency,Netherlands,apollo,2026-02-06,,,,,,,
C100275,Santiago,Wang,s.wang@driftwood.co,https://linkedin.com/in/santiago-wang-7922,Senior SEO Specialist,ic,Driftwood,driftwood.co,620,Martech,United States,list_upload,2025-08-14,,,,,,,
C100276,Anders,Harris,anders.harris@riverstonepartners.agency,https://linkedin.com/in/anders-harris-4934,Head of Marketing,head,Riverstone Partners,riverstonepartners.agency,90,Digital Agency,Canada,apollo,2025-12-19,2026-06-18,email,getnoble.io,geo-agency-may,bounced,,hard bounce - 550 no such user
C100277,Matthew,Thomas,mthomas@silverbrookplatform.com,https://linkedin.com/in/matthew-thomas-4006,Director of SEO,director,Silverbrook Platform,silverbrookplatform.com,240,Data & Analytics,United States,inbound_form,2025-11-20,,,,,,,
C100278,Jing,Ryan,jingr@willowmerenutrition.com,https://linkedin.com/in/jing-ryan-6166,Director of Demand Gen,director,Willowmere Nutrition,willowmerenutrition.com,70,Home Goods,United States,clay,2025-12-13,,,,,,,
C100279,Stefan,Nkemelu,stefan_nkemelu@jasmindale.com,https://linkedin.com/in/stefan-nkemelu-8736,Director of SEO,director,Jasmindale,jasmindale.com,48,Consumer Goods,Canada,apollo,2026-02-12,2026-05-14,email,getnoble.io,aeo-saas-q2,replied_negative,lead,
C100280,Sanjay,Harris,sanjay@stacklinehq.com,https://linkedin.com/in/sanjay-harris-56,Head of Demand Generation,head,Stackline HQ,stacklinehq.com,450,B2B Software,United States,apollo,2026-05-02,,,,,,,
C100281,Karthik,Robinson,karthik@hammersmithstudio.co,https://linkedin.com/in/karthik-robinson-4543,Performance Marketing Manager,manager,Hammersmith Studio,hammersmithstudio.co,65,PR Agency,United States,apollo,2026-01-02,,,,,,,
C100282,Amanda,Ferrari,aferrari@copperlinehq.com,https://linkedin.com/in/amanda-ferrari-8945,Head of Marketing,head,Copperline HQ,copperlinehq.com,900,HR Tech,United States,inbound_form,2026-02-24,2026-06-21,email,trynoble.co,aeo-consumer-jun,opened_no_reply,,
C100283,Yusuf,Harris,yusuf_harris@loopworkplatform.com,https://linkedin.com/in/yusuf-harris-7908,Brand Manager,manager,Loopwork Platform,loopworkplatform.com,180,HR Tech,Brazil,apollo,2026-04-13,2026-07-01,email,trynoble.co,aeo-consumer-jun,no_reply,,
C100284,Tyler,Fitzgerald,tfitzgerald@pinnaclesoftcloud.com,https://linkedin.com/in/tyler-fitzgerald-3425,Founder,cxo,Pinnaclesoft Cloud,pinnaclesoftcloud.com,45,B2B Software,Australia,list_upload,2026-02-26,,,,,,,
C100285,Folake,Mwangi,fmwangi@alderpoint.ai,https://linkedin.com/in/folake-mwangi-3343,SEO Lead,manager,Alderpoint,alderpoint.ai,28,SaaS,United States,clay,2026-01-21,2026-06-08,email,trynoble.co,aeo-saas-q2,opened_no_reply,,
C100286,Camila,Jung,camila@beelinestudio.io,https://linkedin.com/in/camila-jung-6307,Head of Organic Growth,head,Beeline Studio,beelinestudio.io,90,SEO Agency,United States,apollo,2025-09-22,,,,,,lead,
C100287,Takashi,Romano,tromano@goldleafco.co,https://linkedin.com/in/takashi-romano-3483,Director of Acquisition,director,Goldleaf & Co,goldleafco.co,70,Health & Wellness,United Kingdom,list_upload,2026-05-10,2026-06-06,linkedin,,aeo-consumer-jun,no_reply,,
C100288,Amanda,Nair,amandan@sunhavencollective.shop,https://linkedin.com/in/amanda-nair-7709,Director of SEO,director,Sunhaven Collective,sunhavencollective.shop,400,Home Goods,United States,apollo,2026-04-30,,,,,,,
C100289,Samuel,Patel,samuel.patel@foldworkmarketing.co,https://linkedin.com/in/samuel-patel-4889,Digital Marketing Specialist,ic,Foldwork Marketing,foldworkmarketing.co,90,Marketing Agency,United States,apollo,2025-10-13,2026-04-06,linkedin,,aeo-consumer-jun,replied_positive,marketingqualifiedlead,
C100290,Kofi,Malhotra,kofi_malhotra@duskwood.com,https://linkedin.com/in/kofi-malhotra-3837,Digital Marketing Specialist,ic,Duskwood,duskwood.com,140,Health & Wellness,Canada,apollo,2026-05-18,,,,,,,
C100291,Layla,Abubakar,layla@clearwaterplatform.com,https://linkedin.com/in/layla-abubakar-9406,Director of Growth,director,Clearwater Platform,clearwaterplatform.com,,HR Tech,,apollo,2025-08-18,,,,,,,
C100292,Isabella,King,isabella.king@tideworksai.io,https://linkedin.com/in/isabella-king-7030,SEO Manager,manager,Tideworks AI,tideworksai.io,180,Martech,United States,linkedin_scrape,2026-05-23,,,,,,lead,
C100293,Takashi,Kapoor,takashik@blueharborbeauty.com,https://linkedin.com/in/takashi-kapoor-1320,Head of SEO,head,Blueharbor Beauty,blueharborbeauty.com,70,Supplements,United Kingdom,inbound_form,2025-11-27,,,,,,marketingqualifiedlead,
C100294,Megan,Watanabe,mwatanabe@yardstickhq.com,https://linkedin.com/in/megan-watanabe-3853,Content Marketing Manager,manager,Yardstick HQ,yardstickhq.com,310,Data & Analytics,United States,inbound_form,2025-10-03,2026-06-16,email,trynoble.co,refresh-midmarket-jun,booked,,
C100295,Hannah,Kobayashi,hannah.kobayashi@glasswingsoftware.app,https://linkedin.com/in/hannah-kobayashi-6824,Demand Generation Manager,manager,Glasswing Software,glasswingsoftware.app,450,B2B Software,United States,apollo,2025-12-05,2026-01-23,email,noble-outreach.com,refresh-midmarket-jun,no_reply,,
C100296,Freja,Ferrari,frejaf@nimbusworksplatform.co,https://linkedin.com/in/freja-ferrari-8878,SEO Lead,manager,Nimbusworks Platform,nimbusworksplatform.co,1400,SaaS,United States,clay,2025-11-18,2026-05-04,email,getnoble.io,refresh-midmarket-jun,no_reply,subscriber,
C100297,Pieter,Anderson,,https://linkedin.com/in/pieter-anderson-4799,Head of Ecommerce,head,Orbitly Cloud,orbitlycloud.co,620,B2B Software,Canada,apollo,2025-12-31,2026-01-12,linkedin,,refresh-midmarket-jun,no_reply,,no email found - linkedin only
C100298,Elias,Quinn,eliasq@compassmarketing.com,https://linkedin.com/in/elias-quinn-8034,Technical SEO Manager,manager,Compass Marketing,compassmarketing.com,45,Marketing Agency,United States,clay,2025-08-04,2026-01-18,email,noble-outreach.com,geo-agency-may,no_reply,,
C100299,,,hello@flintlocksoftware.com,https://linkedin.com/in/--5913,,,Flintlock Software,flintlocksoftware.com,240,Martech,Ireland,partner_referral,2026-02-04,,,,,,lead,
C100300,Nicole,O'Brien,nobrien@zephyrbaynutrition.com,https://linkedin.com/in/nicole-obrien-5390,Brand Manager,manager,Zephyrbay Nutrition,zephyrbaynutrition.com,12,Apparel,United States,inbound_form,2025-11-25,,,,,,,
C100301,Jing,Allen,jing_allen@solsticehq.ai,https://linkedin.com/in/jing-allen-3114,Director of Growth,director,Solstice HQ,solsticehq.ai,45,B2B Software,United States,apollo,2025-12-22,,,,,,,
C100302,Ryan,Liu,ryanl@kelpforest.co,https://linkedin.com/in/ryan-liu-4812,Brand Manager,manager,Kelpforest,kelpforest.co,95,Consumer Goods,United States,apollo,2025-08-06,,,,,,,
C100303,Kofi,Ferrari,kofi_ferrari@vantagepoint.app,https://linkedin.com/in/kofi-ferrari-5625,SEO Manager,manager,Vantagepoint,vantagepoint.app,120,Fintech,United Kingdom,apollo,2025-08-09,,,,,,,
C100304,Daniel,Perez,danielp@cirruspointai.io,https://linkedin.com/in/daniel-perez-983,Director of Demand Gen,director,Cirruspoint AI,cirruspointai.io,45,Data & Analytics,United Kingdom,apollo,2025-08-23,2026-04-19,email,noble-outreach.com,aeo-saas-q2,replied_positive,,
C100305,Sanjay,Byrne,sanjay@hammersmithstudio.co,https://linkedin.com/in/sanjay-byrne-989,Content Marketing Manager,manager,Hammersmith Studio,hammersmithstudio.co,65,Digital Agency,United States,linkedin_scrape,2025-12-26,2026-01-27,email,noblehq.io,aeo-saas-q2,opened_no_reply,,
C100306,Hyeri,Wilson,hyeri@flintlocksoftware.com,https://linkedin.com/in/hyeri-wilson-8258,Director of Content,director,Flintlock Software,flintlocksoftware.com,240,B2B Software,United States,inbound_form,2025-11-12,,,,,,,
C100307,Christopher,Williams,christopher@fernwood.io,https://linkedin.com/in/christopher-williams-7059,Head of Partnerships,head,Fernwood,fernwood.io,620,SaaS,United States,clay,2025-09-01,2025-12-22,email,noble-outreach.com,refresh-midmarket-jun,replied_positive,,
C100308,Amanda,Murphy,amanda.murphy@wavelengthgroup.agency,https://linkedin.com/in/amanda-murphy-1714,Head of Content,head,Wavelength Group,wavelengthgroup.agency,130,SEO Agency,Singapore,apollo,2025-06-21,2025-12-11,email,getnoble.io,linkedin-seo-leads-jun,replied_positive,,
C100309,Chidi,Almeida,c.almeida@trellismarketing.com,https://linkedin.com/in/chidi-almeida-8908,PR Manager,manager,Trellis Marketing,trellismarketing.com,8,Marketing Agency,United States,apollo,2025-12-31,,,,,,,
C100310,Piotr,Chatterjee,p.chatterjee@everbloom.shop,https://linkedin.com/in/piotr-chatterjee-2854,Marketing Director,director,Everbloom,everbloom.shop,48,Home Goods,United States,apollo,2026-06-17,2026-05-26,linkedin,,geo-agency-may,replied_negative,,
C100311,Min,Sharma,mins@kindredgroup.io,https://linkedin.com/in/min-sharma-9506,Director of Acquisition,director,Kindred Group,kindredgroup.io,65,Marketing Agency,United States,inbound_form,2025-08-30,,,,,,,
C100312,Folake,Rodriguez,folaker@umberstonebeauty.com,https://linkedin.com/in/folake-rodriguez-3087,Digital Marketing Specialist,ic,Umberstone Beauty,umberstonebeauty.com,140,Food & Beverage,United States,apollo,2025-09-30,2025-12-06,linkedin,,aeo-saas-jul,unsubscribed,lead,
C100313,Emeka,Bianchi,emekab@northpeakai.co,https://linkedin.com/in/emeka-bianchi-6555,Co-Founder & CEO,cxo,Northpeak AI,northpeakai.co,28,Cybersecurity,Canada,apollo,2025-12-08,,,,,,customer,active Noble account
C100314,Jing,Liu,jingl@mosaiclysystems.io,https://linkedin.com/in/jing-liu-9153,Head of Partnerships,head,Mosaicly Systems,mosaiclysystems.io,450,Fintech,United States,apollo,2025-08-10,,,,,,,
C100315,Omar,Wilson,o.wilson@emberlyai.io,https://linkedin.com/in/omar-wilson-7411,Head of Demand Generation,head,Emberly AI,emberlyai.io,180,SaaS,Netherlands,list_upload,2025-10-23,2026-04-27,email,trynoble.co,linkedin-seo-leads-jun,no_reply,,
C100316,Arjun,Adeyemi,arjuna@superbloomstudio.com,https://linkedin.com/in/arjun-adeyemi-8197,AEO Lead,manager,Superbloom Studio,superbloomstudio.com,32,SEO Agency,United States,list_upload,2026-04-23,,,,,,subscriber,
C100317,Joshua,Nair,joshuan@ironbridge.com,https://linkedin.com/in/joshua-nair-9129,Founder,cxo,Ironbridge,ironbridge.com,900,Cybersecurity,United States,apollo,2025-06-21,,,,,,marketingqualifiedlead,
C100318,Samuel,Weber,samuel.weber@loopworkplatform.com,https://linkedin.com/in/samuel-weber-3788,Director of SEO,director,Loopwork Platform,loopworkplatform.com,180,Developer Tools,United Kingdom,clay,2026-06-12,,,,,,,
C100319,Rafael,Patel,r.patel@argentum.io,https://linkedin.com/in/rafael-patel-6530,Head of Ecommerce,head,Argentum,argentum.io,180,Fintech,Australia,clay,2026-05-23,,,,,,,
C100320,Chidi,Carvalho,chidic@halcyontechnologies.io,https://linkedin.com/in/chidi-carvalho-3824,Head of Marketing,head,Halcyon Technologies,halcyontechnologies.io,900,Cybersecurity,United States,list_upload,2026-06-03,2026-05-19,email,noble-outreach.com,aeo-saas-jul,booked,,
C100321,Ananya,Nguyen,ananyan@umbrahqsoftware.co,https://linkedin.com/in/ananya-nguyen-2004,Chief Growth Officer,cxo,Umbrahq Software,umbrahqsoftware.co,1400,Data & Analytics,United States,apollo,2025-09-23,2026-04-20,email,noblehq.io,linkedin-seo-leads-jun,replied_positive,,
C100322,Freja,Iyer,f.iyer@keystone.co,https://linkedin.com/in/freja-iyer-5904,Technical SEO Manager,manager,Keystone,keystone.co,450,Developer Tools,United States,list_upload,2025-09-11,2026-02-04,email,noble-outreach.com,geo-agency-may,no_reply,lead,
C100323,Christina,Young,christinay@duskwood.com,https://linkedin.com/in/christina-young-413,Founder,cxo,Duskwood,duskwood.com,140,Home Goods,United States,list_upload,2026-07-03,2026-02-13,email,noblehq.io,geo-agency-may,no_reply,,
C100324,Chidi,Otieno,c.otieno@fernwood.io,https://linkedin.com/in/chidi-otieno-4746,Affiliate Marketing Manager,manager,Fernwood,fernwood.io,620,B2B Software,United States,list_upload,2025-10-01,2026-02-05,email,noblehq.io,aeo-saas-q2,no_reply,lead,
C100325,Arjun,Kapoor,arjun@longshorepartners.agency,https://linkedin.com/in/arjun-kapoor-2076,Founder,cxo,Longshore Partners,longshorepartners.agency,45,Digital Agency,United States,apollo,2025-12-19,2026-01-19,linkedin,,linkedin-seo-leads-jun,no_reply,,
C100326,Ananya,Ferreira,ananyaf@junipercloud.com,https://linkedin.com/in/ananya-ferreira-4490,Marketing Operations Manager,manager,Junipercloud,junipercloud.com,900,Martech,United States,clay,2025-09-05,,,,,,,
C100327,Yuki,Jung,yjung@beelinestudio.io,https://linkedin.com/in/yuki-jung-9582,Director of Demand Gen,director,Beeline Studio,beelinestudio.io,90,Marketing Agency,United States,apollo,2025-07-27,,,,,,,
C100328,Freja,Hill,freja_hill@overtone.com,https://linkedin.com/in/freja-hill-8252,Head of Partnerships,head,Overtone,overtone.com,310,SaaS,Ireland,apollo,2025-09-28,,,,,,lead,
C100329,Kevin,Mehta,kevin@birchmoorgoods.com,https://linkedin.com/in/kevin-mehta-6300,Growth Marketing Manager,manager,Birchmoor Goods,birchmoorgoods.com,400,Apparel,United States,linkedin_scrape,2026-03-29,,,,,,,
C100330,Sofia,Garcia,sofia_garcia@vertexly.app,https://linkedin.com/in/sofia-garcia-5519,Head of Content,head,Vertexly,vertexly.app,45,SaaS,United States,apollo,2026-02-09,,,,,,,
C100331,Folake,Scott,folake.scott@foundryhqsoftware.com,https://linkedin.com/in/folake-scott-2225,Head of Communications,head,Foundryhq Software,foundryhqsoftware.com,1400,Data & Analytics,United States,clay,2026-03-15,2025-12-28,email,noblehq.io,refresh-midmarket-jun,replied_positive,lead,
C100332,Freja,Ferreira,f.ferreira@fathomlyplatform.com,https://linkedin.com/in/freja-ferreira-1225,Affiliate Marketing Manager,manager,Fathomly Platform,fathomlyplatform.com,1400,Cybersecurity,United States,apollo,2025-09-05,,,,,,,
C100333,Lucas,Larsen,lucasl@basecamp9.ai,https://linkedin.com/in/lucas-larsen-3828,Marketing Operations Manager,manager,Basecamp9,basecamp9.ai,450,Data & Analytics,United States,apollo,2026-02-16,,,,,,marketingqualifiedlead,
C100334,Sofia,Jung,sofia@glasswingsoftware.app,https://linkedin.com/in/sofia-jung-8083,Head of Digital,head,Glasswing Software,glasswingsoftware.app,450,Fintech,Germany,clay,2025-10-24,,,,,,,
C100335,Jessica,Moore,jessicam@northlightmedia.co,https://linkedin.com/in/jessica-moore-84,Director of Content,director,Northlight Media,northlightmedia.co,45,PR Agency,Spain,apollo,2025-11-20,2025-12-26,email,getnoble.io,aeo-consumer-jun,no_reply,lead,
C100336,Amanda,Hansen,amanda.hansenclearwaterplatform.com,https://linkedin.com/in/amanda-hansen-4383,SEO Manager,manager,Clearwater Platform,clearwaterplatform.com,1400,Data & Analytics,Netherlands,apollo,2025-12-22,,,,,,,
C100337,Hannah,Thompson,hthompson@yardstickhq.com,https://linkedin.com/in/hannah-thompson-2359,Digital Marketing Specialist,ic,Yardstick HQ,yardstickhq.com,310,Data & Analytics,India,clay,2026-04-12,2026-01-16,email,noblehq.io,aeo-saas-jul,no_reply,,
C100338,Mikkel,Huang,mikkel@terracottagoods.co,https://linkedin.com/in/mikkel-huang-7269,Director of SEO,director,Terracotta Goods,terracottagoods.co,22,Consumer Goods,United States,inbound_form,2026-01-31,,,,,,lead,
C100339,Seoyeon,Torres,seoyeon_torres@meridiansystems.com,https://linkedin.com/in/seoyeon-torres-1474,Head of Organic Growth,head,Meridian Systems,meridiansystems.com,1400,SaaS,United States,apollo,2025-08-18,,,,,,marketingqualifiedlead,
C100340,Chidi,Wright,chidi..wright@umberstonebeauty.com,https://linkedin.com/in/chidi-wright-69,SEO Manager,manager,Umberstone Beauty,umberstonebeauty.com,140,Food & Beverage,United States,partner_referral,2025-09-08,,,,,,,
C100341,Zoe,Huang,z.huang@lavenderlywellness.com,https://linkedin.com/in/zoe-huang-1167,Head of Partnerships,head,Lavenderly Wellness,lavenderlywellness.com,48,Apparel,Brazil,apollo,2026-05-18,2026-05-29,email,getnoble.io,linkedin-seo-leads-jun,no_reply,lead,
C100342,Meera,Sullivan,meeras@beelinestudio.io,https://linkedin.com/in/meera-sullivan-9240,AEO Lead,manager,Beeline Studio,beelinestudio.io,90,SEO Agency,United States,clay,2025-09-20,,,,,,,
C100343,Folake,Brown,folake_brown@goldleafco.co,https://linkedin.com/in/folake-brown-6970,Director of Demand Gen,director,Goldleaf & Co,goldleafco.co,70,Food & Beverage,Australia,clay,2026-03-03,,,,,,lead,
C100344,Adam,Ferrari,a.ferrari@lightkeel.co,https://linkedin.com/in/adam-ferrari-4577,Director of Growth,director,Lightkeel,lightkeel.co,180,Developer Tools,Singapore,apollo,2026-04-21,2026-02-09,linkedin,,refresh-midmarket-jun,no_reply,,
C100345,Lars,Jackson,ljackson@northpeakai.co,https://linkedin.com/in/lars-jackson-9809,Technical SEO Manager,manager,Northpeak AI,northpeakai.co,28,SaaS,United Kingdom,list_upload,2026-01-29,2026-05-10,email,noblehq.io,refresh-midmarket-jun,no_reply,,
C100346,Mikkel,Souza,mikkels@solsticehq.ai,https://linkedin.com/in/mikkel-souza-6800,Head of Communications,head,Solstice HQ,solsticehq.ai,45,Cybersecurity,United States,apollo,2026-04-30,,,,,,subscriber,
C100347,Amara,Okafor,amara.okafor@ridgelinetechnologies.com,https://linkedin.com/in/amara-okafor-6750,Director of SEO,director,Ridgeline Technologies,ridgelinetechnologies.com,45,Developer Tools,Germany,apollo,2026-03-18,2025-12-28,email,noblehq.io,linkedin-seo-leads-jun,no_reply,,
C100348,Karthik,Kobayashi,karthik@wheatfieldnutrition.co,https://linkedin.com/in/karthik-kobayashi-7353,Director of Demand Gen,director,Wheatfield Nutrition,wheatfieldnutrition.co,22,Consumer Goods,Spain,apollo,2026-01-24,2025-11-21,email,noblehq.io,linkedin-seo-leads-jun,replied_negative,,
C100349,Katherine,Rodriguez,katherine@lavenderlywellness.com,https://linkedin.com/in/katherine-rodriguez-2717,Founder,cxo,Lavenderly Wellness,lavenderlywellness.com,48,Beauty & Personal Care,Singapore,clay,2026-03-28,,,,,,,
C100350,Adam,Banerjee,abanerjee@blueharborbeauty.com,https://linkedin.com/in/adam-banerjee-9326,Technical SEO Manager,manager,Blueharbor Beauty,blueharborbeauty.com,70,Supplements,United States,apollo,2026-02-11,,,,,,,
C100351,Adaeze,Wojcik,adaezew@vertexly.app,https://linkedin.com/in/adaeze-wojcik-3788,Head of Ecommerce,head,Vertexly,vertexly.app,45,Martech,Germany,linkedin_scrape,2026-04-09,,,,,,,
C100352,Kevin,Fischer,kfischer@duskwood.com,https://linkedin.com/in/kevin-fischer-6846,Director of Content,director,Duskwood,duskwood.com,140,Apparel,United States,apollo,2026-06-06,,,,,,,
C100353,Kofi,Andersen,kofi.andersen@sunhavencollective.shop,https://linkedin.com/in/kofi-andersen-941,Growth Marketing Manager,manager,Sunhaven Collective,sunhavencollective.shop,400,Health & Wellness,Canada,apollo,2026-01-04,,,,,,lead,
C100354,Andrew,Ryan,andrew.ryan@copperlinehq.com,https://linkedin.com/in/andrew-ryan-7121,Technical SEO Manager,manager,Copperline HQ,copperlinehq.com,900,Developer Tools,United States,apollo,2026-04-16,,,,,,,
C100355,Megan,Kelly,mkelly@brightvale.io,https://linkedin.com/in/megan-kelly-8426,PR Manager,manager,Brightvale,brightvale.io,1400,Data & Analytics,Germany,linkedin_scrape,2026-05-20,2026-01-15,linkedin,,geo-agency-may,no_reply,marketingqualifiedlead,
C100356,Sarah,Quinn,sarah_quinn@ironbridge.com,https://linkedin.com/in/sarah-quinn-7767,Marketing Operations Manager,manager,Ironbridge,ironbridge.com,900,Fintech,United States,inbound_form,2025-07-02,,,,,,,
C100357,Xiu,Bianchi,xiu.bianchi@cobaltsoftware.app,https://linkedin.com/in/xiu-bianchi-9603,Head of Communications,head,Cobalt Software,cobaltsoftware.app,28,SaaS,United States,partner_referral,2025-10-20,2026-02-12,email,trynoble.co,aeo-consumer-jun,no_reply,,
C100358,Michael,Fischer,michaelf@vertexly.app,https://linkedin.com/in/michael-fischer-658,Co-Founder & CEO,cxo,Vertexly,vertexly.app,45,Data & Analytics,Canada,clay,2025-11-30,,,,,,marketingqualifiedlead,
C100359,Marieke,Nair,marieken@hazelnook.shop,https://linkedin.com/in/marieke-nair-6022,Director of SEO,director,Hazelnook,hazelnook.shop,70,Food & Beverage,United States,clay,2026-01-15,,,,,,customer,active Noble account
C100360,Tunde,Ferreira,tferreira@northpeakai.co,https://linkedin.com/in/tunde-ferreira-4832,Marketing Director,director,Northpeak AI,northpeakai.co,28,Data & Analytics,United States,apollo,2026-03-07,,,,,,lead,
C100361,Wei,Flores,w.flores@kelpforest.co,https://linkedin.com/in/wei-flores-4211,Head of Marketing,head,Kelpforest,kelpforest.co,95,Home Goods,United Kingdom,inbound_form,2026-02-18,,,,,,,
C100362,Camila,Wright,cwright@wheatfieldnutrition.co,https://linkedin.com/in/camila-wright-7954,Marketing Operations Manager,manager,Wheatfield Nutrition,wheatfieldnutrition.co,22,Supplements,Ireland,apollo,2026-02-23,,,,,,,
C100363,Tunde,Byrne,tunde_byrne@clearwaterplatform.com,https://linkedin.com/in/tunde-byrne-5445,Marketing Director,director,Clearwater Platform,clearwaterplatform.com,1400,Data & Analytics,United Kingdom,list_upload,2026-01-12,,,,,,lead,
C100364,Jonah,Byrne,jbyrne@nimbusworksplatform.co,https://linkedin.com/in/jonah-byrne-9379,Director of SEO,director,Nimbusworks Platform,nimbusworksplatform.co,1400,HR Tech,Canada,apollo,2025-12-06,2026-06-08,email,noblehq.io,aeo-saas-q2,opened_no_reply,lead,
C100365,Melissa,Thomas,m.thomas@umbrahqsoftware.co,https://linkedin.com/in/melissa-thomas-2888,Head of Growth,head,Umbrahq Software,umbrahqsoftware.co,1400,Cybersecurity,United States,apollo,2026-06-05,,,,,,lead,
C100366,Tyler,Sullivan,t.sullivan@kindredgroup.io,https://linkedin.com/in/tyler-sullivan-9855,Head of SEO,head,Kindred Group,kindredgroup.io,65,SEO Agency,United States,inbound_form,2026-04-23,,,,,,,
C100367,Adaeze,O'Brien,adaeze_obrien@willowmerenutrition.com,https://linkedin.com/in/adaeze-obrien-2059,Senior SEO Specialist,ic,Willowmere Nutrition,willowmerenutrition.com,70,Consumer Goods,India,clay,2026-05-02,,,,,,,
C100368,Joshua,Osei,josei@trellismarketing.com,https://linkedin.com/in/joshua-osei-7403,Marketing Director,director,Trellis Marketing,trellismarketing.com,8,SEO Agency,Netherlands,list_upload,2026-03-16,,,,,,,
C100369,Min,Otieno,motieno@jasmindale.com,https://linkedin.com/in/min-otieno-4159,Head of Content,head,Jasmindale,jasmindale.com,48,Apparel,Netherlands,apollo,2025-10-14,2025-12-25,email,noble-outreach.com,linkedin-seo-leads-jun,no_reply,,
C100370,Karthik,Verma,karthikv@zephyrbaynutrition.com,https://linkedin.com/in/karthik-verma-6296,Head of Partnerships,head,Zephyrbay Nutrition,zephyrbaynutrition.com,12,Beauty & Personal Care,India,apollo,2026-02-18,,,,,,lead,
C100371,Kwame,Nkemelu,knkemelu@glasswingsoftware.app,https://linkedin.com/in/kwame-nkemelu-1853,Co-Founder & CEO,cxo,Glasswing Software,glasswingsoftware.app,450,SaaS,United States,apollo,2026-05-27,2026-04-18,email,getnoble.io,aeo-saas-q2,no_reply,lead,
C100372,Hyeri,Carvalho,hyeric@birchmoorgoods.com,https://linkedin.com/in/hyeri-carvalho-3398,Director of Acquisition,director,Birchmoor Goods,birchmoorgoods.com,400,Supplements,United Kingdom,inbound_form,2025-12-15,,,,,,lead,
C100373,Nora,Martin,nora.martin@mosaiclysystems.io,https://linkedin.com/in/nora-martin-4866,SEO Manager,manager,Mosaicly Systems,mosaiclysystems.io,450,Martech,United States,apollo,2025-07-31,,,,,,,
C100374,Hao,Robinson,haor@quarryhq.com,https://linkedin.com/in/hao-robinson-3870,Head of Marketing,head,Quarryhq,quarryhq.com,85,Fintech,Ireland,apollo,2026-03-25,,,,,,marketingqualifiedlead,
C100375,Renata,Harris,renata_harris@stacklinehq.com,https://linkedin.com/in/renata-harris-79,PR Manager,manager,Stackline HQ,stacklinehq.com,450,Martech,United States,apollo,2026-04-21,,,,,,,
C100376,Isabella,Ryan,isabellar@everbloom.shop,https://linkedin.com/in/isabella-ryan-2351,Marketing Director,director,Everbloom,everbloom.shop,48,Beauty & Personal Care,United Kingdom,apollo,2025-11-02,,,,,,subscriber,
C100377,Michael,Adams,michael@violetgrove.com,https://linkedin.com/in/michael-adams-3993,Content Marketing Manager,manager,Violetgrove,violetgrove.com,400,Supplements,Australia,apollo,2026-02-15,2025-11-23,email,noblehq.io,aeo-consumer-jun,opened_no_reply,,
C100378,Ruby,Kim,ruby.kim@latitudeone.ai,https://linkedin.com/in/ruby-kim-9278,Head of SEO,head,Latitudeone,latitudeone.ai,620,B2B Software,United States,inbound_form,2025-07-26,,,,,,,
C100379,Ingrid,Perez,ingrid_perez@pinnaclesoftcloud.com,https://linkedin.com/in/ingrid-perez-7990,AEO Lead,manager,Pinnaclesoft Cloud,pinnaclesoftcloud.com,45,Cybersecurity,United States,apollo,2026-06-26,2026-02-17,email,getnoble.io,geo-agency-may,no_reply,,
C100380,Zoe,Tanaka,zoet@junipercloud.com,https://linkedin.com/in/zoe-tanaka-1213,Director of SEO,director,Junipercloud,junipercloud.com,900,HR Tech,United States,clay,2026-03-16,2026-03-24,email,trynoble.co,geo-agency-may,no_reply,lead,
C100381,Haruto,Nelson,haruto.nelson@trellismarketing.com,https://linkedin.com/in/haruto-nelson-1943,Performance Marketing Manager,manager,Trellis Marketing,trellismarketing.com,8,Marketing Agency,United States,clay,2025-08-27,,,,,,,
C100382,Larissa,Gallagher,larissa.gallagher@zenithlyhq.io,https://linkedin.com/in/larissa-gallagher-67,Head of SEO,head,Zenithly HQ,zenithlyhq.io,120,Data & Analytics,United States,apollo,2025-06-29,2026-04-04,email,getnoble.io,aeo-saas-q2,replied_negative,opportunity,
C100383,Andrew,Doyle,adoyle@techradar.com,https://linkedin.com/in/andrew-doyle-1805,Managing Editor,head,TechRadar Pro,techradar.com,220,Developer Tools,Canada,inbound_form,2026-02-08,,,,,,lead,
C100384,Tomas,Kim,tomask@verdantbeauty.com,https://linkedin.com/in/tomas-kim-3122,PR Manager,manager,Verdant Beauty,verdantbeauty.com,140,Apparel,United States,apollo,2025-10-24,2025-11-15,email,getnoble.io,geo-agency-may,opened_no_reply,,
C100385,David,Costa,david.costa@ridgelinetechnologies.com,https://linkedin.com/in/david-costa-3084,Director of Demand Gen,director,Ridgeline Technologies,ridgelinetechnologies.com,45,Martech,United States,apollo,2025-09-13,2026-07-13,email,noble-outreach.com,aeo-saas-q2,no_reply,lead,
C100386,Adaeze,Santos,asantos@foxgloveco.com,https://linkedin.com/in/adaeze-santos-7219,SEO Lead,manager,Foxglove & Co,foxgloveco.com,22,Consumer Goods,Singapore,inbound_form,2026-01-02,,,,,,,
C100387,Minjun,Patel,minjun.patel@willowmerenutrition.com,https://linkedin.com/in/minjun-patel-6326,Director of Demand Gen,director,Willowmere Nutrition,willowmerenutrition.com,70,Apparel,United States,inbound_form,2025-08-05,,,,,,,
C100388,Haruto,King,h.king@silverbrookplatform.com,https://linkedin.com/in/haruto-king-8225,Brand Manager,manager,Silverbrook Platform,silverbrookplatform.com,240,SaaS,Canada,apollo,2025-11-02,,,,,,lead,
C100389,Megan,Kapoor,megan@saltmarshnutrition.shop,https://linkedin.com/in/megan-kapoor-4558,Performance Marketing Manager,manager,Saltmarsh Nutrition,saltmarshnutrition.shop,140,Supplements,Canada,apollo,2025-07-26,,,,,,,
C100390,Aaron,Osei,a.osei@quantumleafhq.app,https://linkedin.com/in/aaron-osei-7383,AEO Lead,manager,Quantumleaf HQ,quantumleafhq.app,120,Developer Tools,United States,apollo,2025-11-18,,,,,,,
C100391,Fatima,Watanabe,fatima@tideworksai.io,https://linkedin.com/in/fatima-watanabe-334,Head of Growth,head,Tideworks AI,tideworksai.io,180,HR Tech,United States,apollo,2026-04-15,,,,,,,
C100392,Anja,Huang,anja_huang@gingerlily.co,https://linkedin.com/in/anja-huang-4777,Director of Acquisition,director,Gingerlily,gingerlily.co,400,Consumer Goods,United States,clay,2026-04-19,2025-12-12,email,noblehq.io,linkedin-seo-leads-jun,bounced,,hard bounce - 550 no such user
C100393,Ethan,Romano,ethan@stacklinehq.com,https://linkedin.com/in/ethan-romano-4530,Director of Demand Gen,director,Stackline HQ,stacklinehq.com,450,Developer Tools,United States,apollo,2025-09-06,,,,,,lead,
C100394,Kevin,Novak,k.novak@meridiansystems.com,https://linkedin.com/in/kevin-novak-5140,Technical SEO Manager,manager,Meridian Systems,meridiansystems.com,1400,Fintech,Ireland,list_upload,2025-07-31,,,,,,marketingqualifiedlead,
C100395,Seoyeon,Jones,seoyeon_jones@riverstonepartners.agency,https://linkedin.com/in/seoyeon-jones-2577,Marketing Director,director,Riverstone Partners,riverstonepartners.agency,90,SEO Agency,United States,clay,2025-11-12,,,,,,lead,
C100396,Rachel,Tanaka,rachel.tanaka@ashgrovenutrition.com,https://linkedin.com/in/rachel-tanaka-3037,Chief Growth Officer,cxo,Ashgrove Nutrition,ashgrovenutrition.com,400,Supplements,United States,apollo,2025-10-11,2026-05-06,email,trynoble.co,aeo-saas-q2,no_reply,,
C100397,Folake,Joshi,f.joshi@westgatecloud.co,https://linkedin.com/in/folake-joshi-743,Founder,cxo,Westgate Cloud,westgatecloud.co,120,HR Tech,Spain,partner_referral,2026-03-22,,,,,,opportunity,
C100398,Jing,Sharma,jsharma@terrafirma.com,https://linkedin.com/in/jing-sharma-7925,Growth Marketing Manager,manager,Terrafirma,terrafirma.com,60,Data & Analytics,India,apollo,2026-02-08,,,,,,,
C100399,Neha,Zhang,nzhang@saasgenius.com,https://linkedin.com/in/neha-zhang-5276,Head of Content Partnerships,head,SaaSGenius,saasgenius.com,15,Data & Analytics,United States,inbound_form,2026-05-29,,,,,,,
C100400,Felipe,Taylor,ftaylor@harborview.com,https://linkedin.com/in/felipe-taylor-879,Head of Demand Generation,head,Harborview,harborview.com,45,Martech,United States,list_upload,2026-03-31,2026-04-24,email,noblehq.io,aeo-consumer-jun,bounced,,hard bounce - 550 no such user
C100401,Rachel,Zhao,r.zhao@foundryhqsoftware.com,https://linkedin.com/in/rachel-zhao-7393,SEO Manager,manager,Foundryhq Software,foundryhqsoftware.com,1400,Data & Analytics,United States,apollo,2025-11-14,2026-04-03,email,noblehq.io,aeo-saas-q2,booked,,
C100402,Fatima,Torres,fatima@reedmarsh.com,https://linkedin.com/in/fatima-torres-5018,Head of Content,head,Reedmarsh,reedmarsh.com,22,Food & Beverage,United States,apollo,2026-02-09,,,,,,,
C100403,Santiago,Nielsen,s.nielsen@stacklinehq.com,https://linkedin.com/in/santiago-nielsen-5517,CMO,cxo,Stackline HQ,stacklinehq.com,450,Data & Analytics,Netherlands,apollo,2026-06-16,,,,,,marketingqualifiedlead,
C100404,Adaeze,Kelly,adaeze.kelly@northlightmedia.co,https://linkedin.com/in/adaeze-kelly-34,Chief Growth Officer,cxo,Northlight Media,northlightmedia.co,45,Marketing Agency,United States,clay,2026-02-16,,,,,,,
C100405,Ashley,Huang,ashleyh@longshorepartners.agency,https://linkedin.com/in/ashley-huang-6841,Content Marketing Manager,manager,Longshore Partners,longshorepartners.agency,45,Marketing Agency,United States,apollo,2026-03-11,2026-03-10,email,getnoble.io,geo-agency-may,no_reply,,
C100406,Mateo,Gonzalez,m.gonzalez@pinnaclesoftcloud.com,https://linkedin.com/in/mateo-gonzalez-614,SEO Manager,manager,Pinnaclesoft Cloud,pinnaclesoftcloud.com,45,Developer Tools,United States,apollo,2026-06-26,2026-07-03,email,noblehq.io,linkedin-seo-leads-jun,no_reply,,
C100407,Nathan,King,nathan_king@emberlyai.io,https://linkedin.com/in/nathan-king-1716,Head of Demand Generation,head,Emberly AI,emberlyai.io,180,Martech,United States,apollo,2026-06-15,,,,,,,
C100408,Priya,Ferrari,priya@kindredgroup.io,https://linkedin.com/in/priya-ferrari-3605,Head of Demand Generation,head,Kindred Group,kindredgroup.io,65,Digital Agency,United States,list_upload,2026-02-07,,,,,,,
C100409,Meera,Byrne,meerab@gingerlily.co,https://linkedin.com/in/meera-byrne-1456,Head of Marketing,head,Gingerlily,gingerlily.co,400,Food & Beverage,United States,inbound_form,2025-06-23,2025-12-17,email,noble-outreach.com,geo-agency-may,no_reply,,
C100410,Jihoon,Doyle,jdoyle@lanterndigital.com,https://linkedin.com/in/jihoon-doyle-5093,Head of Marketing,head,Lantern Digital,lanterndigital.com,8,Marketing Agency,Australia,clay,2026-04-04,2026-03-12,email,trynoble.co,aeo-saas-q2,no_reply,,
C100411,Nora,Traore,nora@petalwiseco.com,https://linkedin.com/in/nora-traore-9100,Brand Manager,manager,Petalwise & Co,petalwiseco.com,140,Apparel,United States,apollo,2026-01-21,,,,,,marketingqualifiedlead,
C100412,Katherine,Rodriguez,katherine@cirruspointai.io,https://linkedin.com/in/katherine-rodriguez-8340,Marketing Director,director,Cirruspoint AI,cirruspointai.io,45,Cybersecurity,United States,clay,2026-03-19,,,,,,,
C100413,Xiu,White,xwhite@copperlinehq.com,https://linkedin.com/in/xiu-white-2875,Demand Generation Manager,manager,Copperline HQ,copperlinehq.com,900,B2B Software,United States,apollo,2025-07-02,2026-03-21,email,noblehq.io,aeo-consumer-jun,replied_negative,,
C100414,Adam,Garcia,adam_garcia@halogengroup.agency,https://linkedin.com/in/adam-garcia-8516,CMO,cxo,Halogen Group,halogengroup.agency,45,SEO Agency,United States,list_upload,2025-10-04,,,,,,,
C100415,Melissa,Jackson,m.jackson@thistledowncollective.shop,https://linkedin.com/in/melissa-jackson-7871,Director of Growth,director,Thistledown Collective,thistledowncollective.shop,12,Food & Beverage,Singapore,apollo,2026-02-08,,,,,,subscriber,
C100416,Aisha,Malhotra,aisha_malhotra@wildrootcollective.com,https://linkedin.com/in/aisha-malhotra-9918,Head of Demand Generation,head,Wildroot Collective,wildrootcollective.com,400,Health & Wellness,United States,clay,2026-05-24,2026-02-04,linkedin,,linkedin-seo-leads-jun,no_reply,,
C100417,Neha,Hill,neha@umbrahqsoftware.co,https://linkedin.com/in/neha-hill-8827,Marketing Operations Manager,manager,Umbrahq Software,umbrahqsoftware.co,1400,Data & Analytics,United Kingdom,clay,2026-01-27,2026-06-28,linkedin,,refresh-midmarket-jun,replied_positive,,
C100418,Sanne,Jackson,sannej@blueprintlabs.co,https://linkedin.com/in/sanne-jackson-2244,PR Manager,manager,Blueprint Labs,blueprintlabs.co,45,B2B Software,United States,clay,2025-12-26,2025-12-15,email,noblehq.io,refresh-midmarket-jun,opened_no_reply,,
C100419,Ashley,Zhou,ashley@dockyardai.com,https://linkedin.com/in/ashley-zhou-3657,Marketing Operations Manager,manager,Dockyard AI,dockyardai.com,60,HR Tech,United States,list_upload,2025-08-13,,,,,,,
C100420,Matthew,Rossi,matthewrossi32@yahoo.com,https://linkedin.com/in/matthew-rossi-4257,Senior SEO Specialist,ic,Self-Employed,yahoo.com,1,Digital Agency,United Kingdom,apollo,2025-08-20,,,,,,,
C100421,Folake,Sullivan,f.sullivan@copperlinehq.com,https://linkedin.com/in/folake-sullivan-4103,Marketing Operations Manager,manager,Copperline HQ,copperlinehq.com,900,B2B Software,Canada,apollo,2025-07-14,2026-05-20,email,trynoble.co,aeo-saas-jul,replied_negative,marketingqualifiedlead,
C100422,Diego,Ramirez,diego_ramirez@foundryhqsoftware.com,https://linkedin.com/in/diego-ramirez-8442,VP of Marketing,vp,Foundryhq Software,foundryhqsoftware.com,1400,HR Tech,United States,clay,2026-02-21,,,,,,,
C100423,Piotr,Gupta,piotr.gupta@ironwillowhome.com,https://linkedin.com/in/piotr-gupta-8830,Director of Acquisition,director,Ironwillow Home,ironwillowhome.com,140,Food & Beverage,United States,apollo,2025-07-22,,,,,,,
C100424,Ruby,Rao,ruby@foxgloveco.com,https://linkedin.com/in/ruby-rao-5913,Head of Partnerships,head,Foxglove & Co,foxgloveco.com,22,Apparel,United States,apollo,2026-07-01,,,,,,,
C100425,Greta,Nowak,greta_nowak@kindredgroup.io,https://linkedin.com/in/greta-nowak-3896,Director of Acquisition,director,Kindred Group,kindredgroup.io,65,SEO Agency,United States,clay,2025-11-09,2026-06-08,email,noble-outreach.com,refresh-midmarket-jun,opened_no_reply,,
C100426,Yusuf,Bianchi,ybianchi@ashgrovenutrition.com,https://linkedin.com/in/yusuf-bianchi-6984,Brand Manager,manager,Ashgrove Nutrition,ashgrovenutrition.com,400,Home Goods,United States,apollo,2025-09-15,,,,,,lead,
C100427,Meera,Wojcik,m.wojcik@beaconworkslabs.com,https://linkedin.com/in/meera-wojcik-4242,Chief Growth Officer,cxo,Beaconworks Labs,beaconworkslabs.com,45,Cybersecurity,United States,list_upload,2026-03-04,2026-05-21,email,noble-outreach.com,aeo-consumer-jun,no_reply,,
C100428,Elias,Kim,e.kim@foundryhqsoftware.com,https://linkedin.com/in/elias-kim-707,Director of Content,director,Foundryhq Software,foundryhqsoftware.com,1400,B2B Software,United Kingdom,list_upload,2025-07-23,,,,,,,
C100429,Stephanie,Nguyen,stephanie.nguyen@tideworksai.io,https://linkedin.com/in/stephanie-nguyen-7486,Head of Partnerships,head,Tideworks AI,tideworksai.io,180,SaaS,United States,list_upload,2026-02-10,2025-12-27,email,getnoble.io,geo-agency-may,bounced,marketingqualifiedlead,
C100430,Sofia,Andersen,s.andersen@inkwellsoftware.com,https://linkedin.com/in/sofia-andersen-1284,Demand Generation Manager,manager,Inkwell Software,inkwellsoftware.com,310,Data & Analytics,United States,apollo,2025-06-19,2026-02-13,email,getnoble.io,aeo-saas-q2,no_reply,subscriber,
C100431,Kofi,Rodriguez,kofi.rodriguez@reedmarsh.com,https://linkedin.com/in/kofi-rodriguez-6750,Digital Marketing Specialist,ic,Reedmarsh,reedmarsh.com,22,Apparel,United States,apollo,2026-06-06,2026-01-25,email,noblehq.io,linkedin-seo-leads-jun,bounced,,
C100432,Caleb,Kobayashi,c.kobayashi@alderpoint.ai,https://linkedin.com/in/caleb-kobayashi-5382,AEO Lead,manager,Alderpoint,alderpoint.ai,28,B2B Software,Netherlands,apollo,2026-04-16,,,,,,,
C100433,Rachel,Kelly,rkelly@overtone.com,https://linkedin.com/in/rachel-kelly-969,SEO Manager,manager,Overtone,overtone.com,310,Developer Tools,United States,inbound_form,2026-02-14,2026-05-18,email,trynoble.co,linkedin-seo-leads-jun,opened_no_reply,,
C100434,Karthik,Chatterjee,k.chatterjee@vertexly.app,https://linkedin.com/in/karthik-chatterjee-7995,AEO Lead,manager,Vertexly,vertexly.app,45,Data & Analytics,Ireland,apollo,2025-12-05,2025-12-09,email,trynoble.co,aeo-consumer-jun,opened_no_reply,marketingqualifiedlead,
C100435,Nathan,Wright,nathan_wright@threadbarepartners.co,https://linkedin.com/in/nathan-wright-7283,SEO Manager,manager,Threadbare Partners,threadbarepartners.co,130,Digital Agency,Canada,apollo,2026-04-26,,,,,,,
C100436,Lucas,Sanchez,lucass@silverbrookplatform.com,https://linkedin.com/in/lucas-sanchez-2359,Brand Manager,manager,Silverbrook Platform,silverbrookplatform.com,240,Martech,United States,clay,2026-02-07,2026-05-21,email,noblehq.io,aeo-saas-q2,no_reply,,
C100437,Aaron,Fitzgerald,a.fitzgerald@honeycresthome.shop,https://linkedin.com/in/aaron-fitzgerald-3038,Co-Founder & CEO,cxo,Honeycrest Home,honeycresthome.shop,35,Home Goods,United States,apollo,2026-03-17,2025-12-17,email,trynoble.co,aeo-saas-jul,bounced,,
C100438,Justin,Nkemelu,justin@silverbrookplatform.com,https://linkedin.com/in/justin-nkemelu-4102,Head of Digital,head,Silverbrook Platform,silverbrookplatform.com,240,B2B Software,United Kingdom,list_upload,2026-03-01,,,,,,,
C100439,Haruto,Oliveira,h.oliveira@foxgloveco.com,https://linkedin.com/in/haruto-oliveira-3467,Head of SEO,head,Foxglove & Co,foxgloveco.com,22,Beauty & Personal Care,United States,apollo,2026-05-25,,,,,,marketingqualifiedlead,
C100440,Magda,Nielsen,mnielsen@kelpforest.co,https://linkedin.com/in/magda-nielsen-4389,Marketing Operations Manager,manager,Kelpforest,kelpforest.co,95,Health & Wellness,Netherlands,apollo,2025-06-22,,,,,,,
C100441,Anders,Sharma,anders_sharma@mossbankwellness.com,https://linkedin.com/in/anders-sharma-3635,Head of Digital,head,Mossbank Wellness,mossbankwellness.com,140,Apparel,Canada,inbound_form,2025-09-05,,,,,,,
C100442,Mateo,Lewis,mateo_lewis@wheatfieldnutrition.co,https://linkedin.com/in/mateo-lewis-8496,Director of Acquisition,director,Wheatfield Nutrition,wheatfieldnutrition.co,22,Supplements,United States,apollo,2026-06-24,,,,,,,
C100443,Samuel,Ryan,sryan@crestlinesoftware.com,https://linkedin.com/in/samuel-ryan-7659,Marketing Operations Manager,manager,Crestline Software,crestlinesoftware.com,240,Martech,United States,linkedin_scrape,2026-01-02,2026-06-01,email,noblehq.io,linkedin-seo-leads-jun,no_reply,subscriber,
C100444,Folake,Kobayashi,f.kobayashi@cadenceio.com,https://linkedin.com/in/folake-kobayashi-141,Head of Communications,head,Cadenceio Cloud,cadenceio.com,560,Data & Analytics,Australia,apollo,2025-10-17,2026-05-26,email,noblehq.io,geo-agency-may,bounced,,
C100445,Katherine,Osei,kosei@argentum.io,https://linkedin.com/in/katherine-osei-8631,Director of Acquisition,director,Argentum,argentum.io,180,Cybersecurity,United States,clay,2025-10-16,,,,,,subscriber,
C100446,Christopher,Abubakar,c.abubakar@meadowlarknutrition.com,https://linkedin.com/in/christopher-abubakar-7567,Director of Demand Gen,director,Meadowlark Nutrition,meadowlarknutrition.com,280,Beauty & Personal Care,United States,apollo,2025-10-28,2026-07-04,email,getnoble.io,linkedin-seo-leads-jun,no_reply,,
C100447,Maya,Nkemelu,mayan@hazelnook.shop,https://linkedin.com/in/maya-nkemelu-1196,SEO Manager,manager,Hazelnook,hazelnook.shop,70,Apparel,United States,list_upload,2026-05-03,,,,,,,
C100448,Divya,Garcia,divyag@fathomhousestudio.agency,https://linkedin.com/in/divya-garcia-3730,Affiliate Marketing Manager,manager,Fathomhouse Studio,fathomhousestudio.agency,8,PR Agency,United States,list_upload,2026-02-05,,,,,,subscriber,
C100449,Jihoon,Reddy,jihoonr@cobaltsoftware.app,https://linkedin.com/in/jihoon-reddy-4429,Marketing Operations Manager,manager,Cobalt Software,cobaltsoftware.app,28,Data & Analytics,United States,apollo,2025-07-26,2026-07-10,linkedin,,linkedin-seo-leads-jun,replied_negative,,
C100450,Lauren,Bianchi,l.bianchi@jasmindale.com,https://linkedin.com/in/lauren-bianchi-9837,Head of Marketing,head,Jasmindale,jasmindale.com,48,Consumer Goods,Germany,list_upload,2025-12-26,,,,,,,
C100451,Ryan,Yang,ryang@latitudeone.ai,https://linkedin.com/in/ryan-yang-2602,Digital Marketing Specialist,ic,Latitudeone,latitudeone.ai,620,Data & Analytics,United States,clay,2025-10-14,,,,,,,
C100452,Diego,Pereira,diego.pereira@ironbridge.com,https://linkedin.com/in/diego-pereira-8237,Head of Partnerships,head,Ironbridge,ironbridge.com,900,B2B Software,India,apollo,2026-06-27,2026-05-04,email,noble-outreach.com,aeo-saas-jul,unsubscribed,,
C100453,Hannah,Mehta,hannah_mehta@tideworksai.io,https://linkedin.com/in/hannah-mehta-8353,CMO,cxo,Tideworks AI,tideworksai.io,180,Martech,Germany,apollo,2025-12-17,,,,,,opportunity,open opp - do not prospect
C100454,Olivia,Hansen,olivia_hansen@glasswingsoftware.app,https://linkedin.com/in/olivia-hansen-9050,Head of Partnerships,head,Glasswing Software,glasswingsoftware.app,450,HR Tech,United States,clay,2025-11-21,2026-04-27,email,noble-outreach.com,aeo-consumer-jun,no_reply,,
C100455,Katherine,Flores,katherine.flores@fieldnotesmarketing.io,https://linkedin.com/in/katherine-flores-2641,AEO Lead,manager,Fieldnotes Marketing,fieldnotesmarketing.io,14,SEO Agency,Spain,apollo,2026-01-30,,,,,,,
C100456,Xiu,Hansen,xiuh@ridgelinetechnologies.com,https://linkedin.com/in/xiu-hansen-4647,Director of Growth,director,Ridgeline Technologies,ridgelinetechnologies.com,45,Data & Analytics,Canada,partner_referral,2026-01-06,,,,,,,
C100457,Felipe,Ferreira,f.ferreira@gingerlily.co,https://linkedin.com/in/felipe-ferreira-2233,Performance Marketing Manager,manager,Gingerlily,gingerlily.co,400,Consumer Goods,United States,inbound_form,2025-10-07,2026-05-31,email,noblehq.io,refresh-midmarket-jun,no_reply,subscriber,
C100458,Karthik,Williams,karthik_williams@umbrahqsoftware.co,https://linkedin.com/in/karthik-williams-4889,Head of Marketing,head,Umbrahq Software,umbrahqsoftware.co,1400,Developer Tools,Australia,list_upload,2025-12-02,2025-12-20,email,noble-outreach.com,aeo-consumer-jun,replied_negative,subscriber,
C100459,Klaus,Doyle,kdoyle@goldleafco.co,https://linkedin.com/in/klaus-doyle-6056,Affiliate Marketing Manager,manager,Goldleaf & Co,goldleafco.co,70,Beauty & Personal Care,Canada,apollo,2025-07-01,,,,,,lead,
C100460,Felipe,Wojcik,felipew@ironwillowhome.com,https://linkedin.com/in/felipe-wojcik-4425,Director of Acquisition,director,Ironwillow Home,ironwillowhome.com,140,Consumer Goods,United States,apollo,2026-07-01,2026-01-16,email,noblehq.io,aeo-saas-q2,replied_negative,,
C100461,Christina,Sullivan,christina@silverbrookplatform.com,https://linkedin.com/in/christina-sullivan-1638,Director of Content,director,Silverbrook Platform,silverbrookplatform.com,240,HR Tech,United States,clay,2026-02-08,2025-12-29,email,noblehq.io,aeo-saas-jul,opened_no_reply,subscriber,
C100462,Greta,Kowalski,greta.kowalski@emberlyai.io,https://linkedin.com/in/greta-kowalski-8296,Head of Content,head,Emberly AI,emberlyai.io,180,HR Tech,Spain,clay,2025-06-21,2026-03-25,email,noble-outreach.com,aeo-consumer-jun,no_reply,,
C100463,Yan,Johnson,yan@blueprintlabs.co,https://linkedin.com/in/yan-johnson-7641,Marketing Operations Manager,manager,Blueprint Labs,blueprintlabs.co,45,Data & Analytics,Germany,clay,2025-12-28,,,,,,lead,
C100464,Samuel,Miller,s.miller@ironbridge.com,https://linkedin.com/in/samuel-miller-9786,Head of Digital,head,Ironbridge,ironbridge.com,900,Martech,United States,apollo,2026-02-01,,,,,,,
C100465,Tunde,Anderson,tunde.anderson@jasmindale.com,https://linkedin.com/in/tunde-anderson-2238,Founder,cxo,Jasmindale,jasmindale.com,48,Consumer Goods,United States,inbound_form,2026-05-01,2026-07-13,linkedin,,aeo-saas-jul,opened_no_reply,lead,
C100466,Freja,Murphy,freja_murphy@petalwiseco.com,https://linkedin.com/in/freja-murphy-8673,Founder,cxo,Petalwise & Co,petalwiseco.com,140,Health & Wellness,Netherlands,apollo,2025-12-06,,,,,,,
C100467,Seoyeon,Okafor,seoyeono@beaconworkslabs.com,https://linkedin.com/in/seoyeon-okafor-8362,Affiliate Marketing Manager,manager,Beaconworks Labs,beaconworkslabs.com,45,SaaS,Singapore,clay,2025-08-30,,,,,,,
C100468,Kevin,Thompson,kthompson@yarrowhillsupply.shop,https://linkedin.com/in/kevin-thompson-4409,AEO Lead,manager,Yarrowhill Supply,yarrowhillsupply.shop,200,Supplements,United Kingdom,apollo,2025-07-09,2026-07-09,linkedin,,linkedin-seo-leads-jun,replied_negative,,
C100469,Ashley,Muller,ashley@ridgelinetechnologies.com,https://linkedin.com/in/ashley-muller-7548,Head of Growth,head,Ridgeline Technologies,ridgelinetechnologies.com,45,Data & Analytics,Australia,apollo,2025-08-05,,,,,,,
C100470,Sanne,Hall,s.hall@clearwaterplatform.com,https://linkedin.com/in/sanne-hall-8600,VP of Marketing,vp,Clearwater Platform,clearwaterplatform.com,1400,Data & Analytics,United States,inbound_form,2026-03-22,2026-07-10,linkedin,,linkedin-seo-leads-jun,no_reply,,
C100471,Caleb,Johnson,c.johnson@overtone.com,https://linkedin.com/in/caleb-johnson-1820,SEO Lead,manager,Overtone,overtone.com,310,HR Tech,United States,apollo,2025-09-09,,,,,,,
C100472,Joshua,Bianchi,joshua.bianchi@oakhausmarketing.agency,https://linkedin.com/in/joshua-bianchi-5698,Head of Communications,head,Oakhaus Marketing,oakhausmarketing.agency,90,SEO Agency,United States,list_upload,2025-10-29,,,,,,,
C100473,Samuel,Wilson,s.wilson@willowmerenutrition.com,https://linkedin.com/in/samuel-wilson-3351,Head of Marketing,head,Willowmere Nutrition,willowmerenutrition.com,70,Beauty & Personal Care,United Kingdom,list_upload,2026-01-21,,,,,,,
C100474,Hyeri,O'Brien,hyerio@superbloomstudio.com,https://linkedin.com/in/hyeri-obrien-8027,Growth Marketing Manager,manager,Superbloom Studio,superbloomstudio.com,32,PR Agency,United States,clay,2025-09-13,,,,,,,
C100475,Sofia,Flores,sofia@wavelengthgroup.agency,https://linkedin.com/in/sofia-flores-4005,Head of SEO,head,Wavelength Group,wavelengthgroup.agency,130,SEO Agency,Netherlands,apollo,2025-07-24,,,,,,,
C100476,Joshua,Perez,joshuap@latitudeone.ai,https://linkedin.com/in/joshua-perez-7856,Director of Acquisition,director,Latitudeone,latitudeone.ai,620,Martech,United States,inbound_form,2025-07-29,2026-04-27,linkedin,,aeo-saas-jul,unsubscribed,,
C100477,Ingrid,Scott,ingrid.scott@amberfieldgoods.com,https://linkedin.com/in/ingrid-scott-5872,Head of Content,head,Amberfield Goods,amberfieldgoods.com,22,Beauty & Personal Care,United States,apollo,2025-07-20,2026-07-01,linkedin,,geo-agency-may,booked,lead,
C100478,Greta,Walker,greta.walker+noble@riverstonepartners.agency,https://linkedin.com/in/greta-walker-3182,Founder,cxo,Riverstone Partners,riverstonepartners.agency,90,Marketing Agency,Germany,clay,2025-10-22,,,,,,lead,
C100479,Tunde,Silva,tsilva@shopverdant.co,https://linkedin.com/in/tunde-silva-354,Head of Content,head,Verdant Home,shopverdant.co,110,Data & Analytics,United States,apollo,2025-09-19,,,,,,,
C100480,Min,Moore,mmoore@superbloomstudio.com,https://linkedin.com/in/min-moore-2694,Head of Marketing,head,Superbloom Studio,superbloomstudio.com,32,Digital Agency,United Kingdom,partner_referral,2025-07-03,,,,,,marketingqualifiedlead,
C100481,Rafael,Traore,rafaelt@amberfieldgoods.com,https://linkedin.com/in/rafael-traore-5251,Director of Demand Gen,director,Amberfield Goods,amberfieldgoods.com,22,Consumer Goods,United States,apollo,2026-05-20,,,,,,,
C100482,Caleb,Patel,caleb_patel@foxgloveco.com,https://linkedin.com/in/caleb-patel-6667,Director of SEO,director,Foxglove & Co,foxgloveco.com,22,Supplements,United States,apollo,2026-05-17,,,,,,marketingqualifiedlead,
C100483,Takashi,Huang,thuang@willowmerenutrition.com,https://linkedin.com/in/takashi-huang-2808,Director of Demand Gen,director,Willowmere Nutrition,willowmerenutrition.com,70,Supplements,Australia,list_upload,2026-04-10,2026-04-22,email,getnoble.io,refresh-midmarket-jun,no_reply,,
C100484,Aaron,Zhao,a.zhao@brightsparkdigital.com,https://linkedin.com/in/aaron-zhao-6891,Demand Generation Manager,manager,Brightspark Digital,brightsparkdigital.com,8,SEO Agency,India,apollo,2025-12-13,2026-04-06,email,trynoble.co,geo-agency-may,bounced,,hard bounce - 550 no such user
C100485,Grace,Jensen,gjensen@cirruspointai.io,https://linkedin.com/in/grace-jensen-9270,Head of Ecommerce,head,Cirruspoint AI,cirruspointai.io,45,Fintech,United States,apollo,2026-03-11,,,,,,,
C100486,Adaeze,Wu,adaeze@waypointhqhq.app,https://linkedin.com/in/adaeze-wu-4704,Affiliate Marketing Manager,manager,Waypointhq HQ,waypointhqhq.app,45,Data & Analytics,United States,list_upload,2025-11-26,,,,,,,
C100487,Freja,Oliveira,freja_oliveira@nightjarhome.com,https://linkedin.com/in/freja-oliveira-676,Director of SEO,director,Nightjar Home,nightjarhome.com,280,Home Goods,United States,inbound_form,2026-05-06,,,,,,subscriber,
C100488,Sanne,Hernandez,shernandez@ridgelinetechnologies.com,https://linkedin.com/in/sanne-hernandez-4086,Director of Acquisition,director,Ridgeline Technologies,ridgelinetechnologies.com,45,Fintech,United States,clay,2026-04-26,,,,,,,
C100489,Mateo,Moore,mmoore@petalwiseco.com,https://linkedin.com/in/mateo-moore-8455,Head of SEO,head,Petalwise & Co,petalwiseco.com,140,Supplements,United States,clay,2025-08-23,,,,,,,
C100490,Lucas,Verma,lucas@beaconworkslabs.com,https://linkedin.com/in/lucas-verma-6043,Performance Marketing Manager,manager,Beaconworks Labs,beaconworkslabs.com,45,Data & Analytics,United States,clay,2025-10-26,,,,,,,
C100491,Lucas,Nielsen,lucas_nielsen@halogengroup.agency,https://linkedin.com/in/lucas-nielsen-5947,AEO Lead,manager,Halogen Group,halogengroup.agency,45,Marketing Agency,India,apollo,2025-10-04,2026-07-15,email,noblehq.io,aeo-saas-jul,opened_no_reply,subscriber,
C100492,Rachel,Scott,rscott@waypointhqhq.app,https://linkedin.com/in/rachel-scott-9290,Director of Demand Gen,director,Waypointhq HQ,waypointhqhq.app,45,Cybersecurity,United States,apollo,2026-05-11,2026-01-07,email,noblehq.io,linkedin-seo-leads-jun,no_reply,,
C100493,Bruno,Patel,brunop@cadenceio.io,https://linkedin.com/in/bruno-patel-4972,SEO Lead,manager,Cadenceio,cadenceio.io,45,Martech,United States,apollo,2025-07-10,,,,,,,
C100494,Tomas,Ribeiro,tomas.ribeiro@ridgelinetechnologies.com,https://linkedin.com/in/tomas-ribeiro-806,Marketing Operations Manager,manager,Ridgeline Technologies,ridgelinetechnologies.com,45,Fintech,Canada,inbound_form,2025-11-17,,,,,,,
C100495,Greta,Ferreira,greta.ferreira@silverbrook.io,https://linkedin.com/in/greta-ferreira-2512,Head of Ecommerce,head,Silverbrook Technologies,silverbrook.io,810,Fintech,United States,apollo,2025-09-23,2026-06-27,email,trynoble.co,refresh-midmarket-jun,opened_no_reply,,
C100496,Megan,Murphy,megan_murphy@copperlinehq.com,https://linkedin.com/in/megan-murphy-5726,Head of Content,head,Copperline HQ,copperlinehq.com,900,Cybersecurity,Canada,apollo,2025-11-17,,,,,,,
C100497,Nicole,Kobayashi,nicole@westgatecloud.co,https://linkedin.com/in/nicole-kobayashi-6686,Head of Content,head,Westgate Cloud,westgatecloud.co,120,SaaS,United States,inbound_form,2026-06-11,2026-03-14,email,trynoble.co,aeo-consumer-jun,opened_no_reply,lead,
C100498,Folake,Sharma,f.sharma@foundryhqsoftware.com,https://linkedin.com/in/folake-sharma-6703,Founder,cxo,Foundryhq Software,foundryhqsoftware.com,1400,HR Tech,United States,apollo,2026-04-07,2026-06-20,email,trynoble.co,geo-agency-may,no_reply,subscriber,
C100499,Ingrid,Silva,ingrids@threadbarepartners.co,https://linkedin.com/in/ingrid-silva-6190,Affiliate Marketing Manager,manager,Threadbare Partners,threadbarepartners.co,130,PR Agency,United States,apollo,2025-08-18,,,,,,,
C100500,Samuel,Flores,samuel_flores@longshorepartners.agency,https://linkedin.com/in/samuel-flores-2350,VP of Marketing,vp,Longshore Partners,longshorepartners.agency,45,SEO Agency,Canada,apollo,2025-11-12,2026-01-27,email,getnoble.io,refresh-midmarket-jun,no_reply,,
C100501,Tomas,Ferreira,tomas_ferreira@fathomhousestudio.agency,https://linkedin.com/in/tomas-ferreira-6533,PR Manager,manager,Fathomhouse Studio,fathomhousestudio.agency,8,SEO Agency,United States,partner_referral,2026-06-23,2026-03-28,email,getnoble.io,aeo-saas-q2,opened_no_reply,,
C100502,Meera,Chatterjee,meera@lightkeel.co,https://linkedin.com/in/meera-chatterjee-7859,Director of SEO,director,Lightkeel,lightkeel.co,180,SaaS,United States,clay,2026-04-20,,,,,,,
C100503,Ruby,Kelly,rkelly@kindredgroup.io,https://linkedin.com/in/ruby-kelly-5710,Director of Content,director,Kindred Group,kindredgroup.io,65,Digital Agency,United States,list_upload,2025-12-14,2025-12-03,email,trynoble.co,linkedin-seo-leads-jun,no_reply,,
C100504,Haruto,Romano,haruto.romano@westgatecloud.co,https://linkedin.com/in/haruto-romano-1646,AEO Lead,manager,Westgate Cloud,westgatecloud.co,120,Cybersecurity,United States,clay,2026-03-15,,,,,,,
C100505,Rachel,Wilson,r.wilson@goldleafco.co,https://linkedin.com/in/rachel-wilson-173,PR Manager,manager,Goldleaf & Co,goldleafco.co,70,Apparel,Canada,apollo,2025-10-03,,,,,,,
C100506,Christina,Miller,christina_miller@pinnaclesoftcloud.com,https://linkedin.com/in/christina-miller-5705,CMO,cxo,Pinnaclesoft Cloud,pinnaclesoftcloud.com,45,Cybersecurity,United States,apollo,2025-07-28,2026-01-02,email,getnoble.io,refresh-midmarket-jun,no_reply,,
C100507,Tyler,Muller,tyler_muller@quantumleafhq.app,https://linkedin.com/in/tyler-muller-7832,Director of Content,director,Quantumleaf HQ,quantumleafhq.app,120,Fintech,Brazil,list_upload,2025-08-28,,,,,,,
C100508,Larissa,Banerjee,larissa_banerjee@oakhausmarketing.agency,https://linkedin.com/in/larissa-banerjee-4483,Marketing Operations Manager,manager,Oakhaus Marketing,oakhausmarketing.agency,90,Digital Agency,United States,partner_referral,2026-04-04,,,,,,,
C100509,Layla,Adeyemi,laylaa@beaconworkslabs.com,https://linkedin.com/in/layla-adeyemi-7011,Digital Marketing Specialist,ic,Beaconworks Labs,beaconworkslabs.com,45,Data & Analytics,United States,apollo,2025-06-23,,,,,,lead,
C100510,Priya,Gonzalez,priya_gonzalez@violetgrove.com,https://linkedin.com/in/priya-gonzalez-1120,Performance Marketing Manager,manager,Violetgrove,violetgrove.com,400,Beauty & Personal Care,United States,apollo,2026-03-08,,,,,,lead,
C100511,Rachel,Davis,rachel@yarrowhillsupply.shop,https://linkedin.com/in/rachel-davis-6499,Director of Demand Gen,director,Yarrowhill Supply,yarrowhillsupply.shop,200,Food & Beverage,United States,partner_referral,2026-01-14,,,,,,,
C100512,Chidi,Williams,chidiw@halogengroup.agency,https://linkedin.com/in/chidi-williams-2229,Founder,cxo,Halogen Group,halogengroup.agency,45,PR Agency,Canada,clay,2026-02-13,,,,,,,
C100513,Magda,Hansen,magda.hansen@riverstonepartners.agency,https://linkedin.com/in/magda-hansen-9414,Growth Marketing Manager,manager,Riverstone Partners,riverstonepartners.agency,90,SEO Agency,India,list_upload,2025-10-02,,,,,,subscriber,
C100514,Mikkel,Nelson,mikkel.nelson@stacklinehq.com,https://linkedin.com/in/mikkel-nelson-2621,AEO Lead,manager,Stackline HQ,stacklinehq.com,450,Martech,Ireland,list_upload,2025-09-11,2026-06-17,email,trynoble.co,geo-agency-may,no_reply,,
C100515,Nicole,O'Brien,nicole_obrien@wheatfieldnutrition.co,https://linkedin.com/in/nicole-obrien-4823,Director of SEO,director,Wheatfield Nutrition,wheatfieldnutrition.co,22,Beauty & Personal Care,Germany,apollo,2025-11-04,2025-11-09,email,noblehq.io,aeo-consumer-jun,opened_no_reply,,
C100516,Elias,Jung,ejung@thetoolreport.io,https://linkedin.com/in/elias-jung-9393,Head of Content Partnerships,head,The Tool Report,thetoolreport.io,40,Fintech,United Kingdom,clay,2025-10-03,2026-06-12,linkedin,,publisher-outreach-jul,opened_no_reply,,publisher - active in Noble publisher program
C100517,Sofia,Walker,sofia.walker@riverstonepartners.agency,https://linkedin.com/in/sofia-walker-6847,Head of Organic Growth,head,Riverstone Partners,riverstonepartners.agency,90,SEO Agency,United States,apollo,2026-02-23,2026-06-08,email,noblehq.io,aeo-saas-jul,no_reply,,
C100518,Folake,Williams,f.williams@brightvalehealth.com,https://linkedin.com/in/folake-williams-7260,Founder,cxo,Brightvale Health,brightvalehealth.com,720,Fintech,United States,apollo,2025-09-12,2026-06-15,email,trynoble.co,geo-agency-may,bounced,lead,
C100519,Yusuf,Verma,yverma@ironbridge.com,https://linkedin.com/in/yusuf-verma-5728,Head of Ecommerce,head,Ironbridge,ironbridge.com,900,Fintech,United States,apollo,2026-04-04,,,,,,,
C100520,Adam,Nelson,adam.nelson@blueharborbeauty.com,https://linkedin.com/in/adam-nelson-8602,Growth Marketing Manager,manager,Blueharbor Beauty,blueharborbeauty.com,70,Apparel,India,list_upload,2026-01-12,,,,,,,
C100521,Takashi,Jackson,takashij@verdantbeauty.com,https://linkedin.com/in/takashi-jackson-9024,Founder,cxo,Verdant Beauty,verdantbeauty.com,140,Beauty & Personal Care,United States,linkedin_scrape,2025-11-29,2026-01-23,linkedin,,linkedin-seo-leads-jun,no_reply,,
C100522,Lucas,Pereira,lucas@kindredgroup.io,https://linkedin.com/in/lucas-pereira-8915,CMO,cxo,Kindred Group,kindredgroup.io,65,PR Agency,United Kingdom,partner_referral,2026-06-08,,,,,,,
C100523,Elias,Zhou,ezhou@hammersmithstudio.co,https://linkedin.com/in/elias-zhou-8162,PR Manager,manager,Hammersmith Studio,hammersmithstudio.co,65,PR Agency,United States,apollo,2025-07-18,,,,,,lead,
C100524,Laura,Wu,laura.wu@glasswingsoftware.app,https://linkedin.com/in/laura-wu-373,Co-Founder & CEO,cxo,Glasswing Software,glasswingsoftware.app,450,Cybersecurity,United Kingdom,clay,2025-10-11,,,,,,,
C100525,Neha,Liu,nliu@kindredgroup.io,https://linkedin.com/in/neha-liu-8274,Head of Communications,head,Kindred Group,kindredgroup.io,65,PR Agency,United Kingdom,apollo,2025-11-14,2026-04-03,email,noblehq.io,aeo-consumer-jun,no_reply,,
C100526,Li,Harris,l.harris@copperlinehq.com,https://linkedin.com/in/li-harris-2986,Director of SEO,director,Copperline HQ,copperlinehq.com,900,B2B Software,United States,clay,2026-02-21,,,,,,lead,
C100527,Maya,Hernandez,maya.hernandez@beelinestudio.io,https://linkedin.com/in/maya-hernandez-1240,Content Marketing Manager,manager,Beeline Studio,beelinestudio.io,90,Marketing Agency,United States,apollo,2025-11-29,,,,,,,
C100528,Aisha,Lopez,aisha@westgatecloud.co,https://linkedin.com/in/aisha-lopez-2389,Head of Communications,head,Westgate Cloud,westgatecloud.co,120,Fintech,Canada,linkedin_scrape,2025-12-04,2026-07-17,email,noble-outreach.com,aeo-saas-jul,opened_no_reply,lead,
C100529,Nicole,White,n.white@duskwood.com,https://linkedin.com/in/nicole-white-1830,Head of Partnerships,head,Duskwood,duskwood.com,140,Apparel,United States,inbound_form,2025-11-19,,,,,,,
C100530,Hyeri,Torres,h.torres@thistledowncollective.shop,https://linkedin.com/in/hyeri-torres-1296,Head of Communications,head,Thistledown Collective,thistledowncollective.shop,12,Supplements,United States,list_upload,2026-01-28,,,,,,,
C100531,Ryan,Kobayashi,rkobayashi@fernwood.io,https://linkedin.com/in/ryan-kobayashi-4920,Founder,cxo,Fernwood,fernwood.io,620,Data & Analytics,United States,apollo,2026-03-29,2026-07-05,email,trynoble.co,geo-agency-may,opened_no_reply,,
C100532,Hao,Jones,hao@honeycresthome.shop,https://linkedin.com/in/hao-jones-3914,Head of Demand Generation,head,Honeycrest Home,honeycresthome.shop,35,Beauty & Personal Care,United States,apollo,2026-05-30,,,,,,,
C100533,Kofi,Mehta,kofi@kindredgroup.io,https://linkedin.com/in/kofi-mehta-4814,Head of Digital,head,Kindred Group,kindredgroup.io,65,Marketing Agency,United States,linkedin_scrape,2026-05-21,,,,,,,
C100534,Sofia,Fitzgerald,sfitzgerald@mercury9agency.com,https://linkedin.com/in/sofia-fitzgerald-685,PR Manager,manager,Mercury9 Agency,mercury9agency.com,45,Marketing Agency,United States,clay,2026-05-14,,,,,,,
C100535,Piotr,Tanaka,ptanaka@tryprofound.com,https://linkedin.com/in/piotr-tanaka-4044,Co-Founder & CEO,cxo,Profound,tryprofound.com,340,Martech,Spain,inbound_form,2025-10-10,,,,,,subscriber,
C100536,Santiago,Williams,santiagow@flintlocksoftware.com,https://linkedin.com/in/santiago-williams-5341,Technical SEO Manager,manager,Flintlock Software,flintlocksoftware.com,240,Martech,Singapore,list_upload,2025-09-16,,,,,,,
C100537,Laura,Miller,laura_miller@nightjarhome.com,https://linkedin.com/in/laura-miller-4530,Demand Generation Manager,manager,Nightjar Home,nightjarhome.com,280,Beauty & Personal Care,United States,clay,2025-09-10,2026-03-19,email,noblehq.io,geo-agency-may,opened_no_reply,,
C100538,Divya,Anderson,danderson@nexuscoresystems.co,https://linkedin.com/in/divya-anderson-1546,Head of Content,head,Nexuscore Systems,nexuscoresystems.co,180,Developer Tools,United Kingdom,clay,2025-12-05,2026-02-04,email,getnoble.io,aeo-saas-q2,no_reply,,
C100539,Eric,Patel,epatel@solsticehq.ai,https://linkedin.com/in/eric-patel-6423,Marketing Operations Manager,manager,Solstice HQ,solsticehq.ai,45,Data & Analytics,United States,clay,2026-02-08,,,,,,,
C100540,Grace,Souza,grace_souza@zephyrbaynutrition.com,https://linkedin.com/in/grace-souza-9392,Chief Growth Officer,cxo,Zephyrbay Nutrition,zephyrbaynutrition.com,12,Home Goods,United States,clay,2026-04-19,,,,,,,
C100541,Sanne,Verma,sanne.verma@sagebrushco.co,https://linkedin.com/in/sanne-verma-9752,Head of Growth,head,Sagebrush & Co,sagebrushco.co,70,Food & Beverage,United States,apollo,2025-09-30,,,,,,,
C100542,,,contact@stacklinehq.com,https://linkedin.com/in/--2420,,,Stackline HQ,stacklinehq.com,450,Martech,United Kingdom,clay,2025-12-09,2026-01-04,email,trynoble.co,geo-agency-may,no_reply,,
C100543,Aaron,Martin,aaron_martin@hazelnook.shop,https://linkedin.com/in/aaron-martin-501,VP of Marketing,vp,Hazelnook,hazelnook.shop,70,Health & Wellness,United States,inbound_form,2025-09-07,2026-02-20,email,trynoble.co,aeo-saas-jul,opened_no_reply,,
C100544,Ananya,Gallagher,ananyag@gingerlily.co,https://linkedin.com/in/ananya-gallagher-9012,Founder,cxo,Gingerlily,gingerlily.co,400,Consumer Goods,United States,clay,2025-10-26,2026-04-16,email,noblehq.io,aeo-saas-q2,no_reply,lead,
C100545,Hyeri,Santos,hsantos@umbrahqsoftware.co,https://linkedin.com/in/hyeri-santos-4392,Head of Content,head,Umbrahq Software,umbrahqsoftware.co,1400,Developer Tools,United States,clay,2025-07-25,2026-03-30,email,getnoble.io,aeo-consumer-jun,no_reply,,
C100546,Valentina,Sharma,valentinas@techradar.com,https://linkedin.com/in/valentina-sharma-8487,Senior Editor,manager,TechRadar Pro,techradar.com,220,SaaS,Canada,linkedin_scrape,2026-06-06,2026-05-24,email,getnoble.io,publisher-outreach-jul,no_reply,,publisher - active in Noble publisher program
C100547,Beatriz,Choi,b.choi@verdantbeauty.com,https://linkedin.com/in/beatriz-choi-6387,Co-Founder & CEO,cxo,Verdant Beauty,verdantbeauty.com,140,Apparel,United States,clay,2026-06-17,,,,,,,
C100548,Magda,Traore,magda_traore@duskwood.com,https://linkedin.com/in/magda-traore-4175,Demand Generation Manager,manager,Duskwood,duskwood.com,140,Apparel,United States,apollo,2025-11-04,2025-11-22,email,getnoble.io,aeo-saas-jul,no_reply,,
C100549,Kwame,Chen,kwame@kindredgroup.io,https://linkedin.com/in/kwame-chen-5716,Content Marketing Manager,manager,Kindred Group,kindredgroup.io,65,PR Agency,United States,partner_referral,2025-10-24,,,,,,,
C100550,Ananya,Fischer,ananyaf@westgatecloud.co,https://linkedin.com/in/ananya-fischer-512,Growth Marketing Manager,manager,Westgate Cloud,westgatecloud.co,120,Martech,United States,inbound_form,2025-10-10,2025-11-08,email,noblehq.io,refresh-midmarket-jun,no_reply,,
C100551,Elias,Murphy,elias_murphy@truenorthsoftware.com,https://linkedin.com/in/elias-murphy-5557,Director of Growth,director,Truenorth Software,truenorthsoftware.com,450,Fintech,United States,list_upload,2025-11-18,,,,,,marketingqualifiedlead,
C100552,Katherine,Robinson,katheriner@cobaltsoftware.app,https://linkedin.com/in/katherine-robinson-2009,Growth Marketing Manager,manager,Cobalt Software,cobaltsoftware.app,28,Data & Analytics,Spain,clay,2026-01-19,,,,,,,
C100553,Larissa,Rossi,larissa.rossi@mosaiclysystems.io,https://linkedin.com/in/larissa-rossi-1669,Growth Marketing Manager,manager,Mosaicly Systems,mosaiclysystems.io,450,Developer Tools,United States,clay,2025-09-23,2026-04-02,email,trynoble.co,linkedin-seo-leads-jun,bounced,opportunity,
C100554,Xiu,Lopez,x.lopez@halcyontechnologies.io,https://linkedin.com/in/xiu-lopez-3281,Head of SEO,head,Halcyon Technologies,halcyontechnologies.io,900,Fintech,Australia,clay,2025-12-21,2026-03-10,email,trynoble.co,aeo-saas-jul,bounced,,
C100555,Hao,Oliveira,haoo@brightsparkdigital.com,https://linkedin.com/in/hao-oliveira-9293,Performance Marketing Manager,manager,Brightspark Digital,brightsparkdigital.com,8,Digital Agency,United States,clay,2026-02-08,,,,,,marketingqualifiedlead,
C100556,Priya,Wu,p.wu@meadowlarknutrition.com,https://linkedin.com/in/priya-wu-1381,Head of Content,head,Meadowlark Nutrition,meadowlarknutrition.com,280,Beauty & Personal Care,Australia,apollo,2025-11-22,2026-05-13,email,noble-outreach.com,aeo-saas-jul,opened_no_reply,,
C100557,Rafael,Zhao,rafaelz@keystone.co,https://linkedin.com/in/rafael-zhao-3959,Digital Marketing Specialist,ic,Keystone,keystone.co,450,HR Tech,United States,apollo,2026-02-23,,,,,,marketingqualifiedlead,
C100558,Tunde,Hernandez,thernandez@zenithlyhq.io,https://linkedin.com/in/tunde-hernandez-9431,Director of Content,director,Zenithly HQ,zenithlyhq.io,120,Martech,United Kingdom,apollo,2025-12-08,2026-03-23,email,noblehq.io,refresh-midmarket-jun,replied_negative,,
C100559,Marieke,Brown,mbrown@compassmarketing.com,https://linkedin.com/in/marieke-brown-5986,Performance Marketing Manager,manager,Compass Marketing,compassmarketing.com,45,Digital Agency,United States,apollo,2025-10-24,2026-02-03,email,noble-outreach.com,linkedin-seo-leads-jun,bounced,,
C100560,Melissa,Mensah,m.mensah@fieldnotesmarketing.io,https://linkedin.com/in/melissa-mensah-9013,Marketing Operations Manager,manager,Fieldnotes Marketing,fieldnotesmarketing.io,14,Marketing Agency,United Kingdom,inbound_form,2026-05-10,,,,,,,
C100561,Beatriz,Tanaka,beatriz@overtone.com,https://linkedin.com/in/beatriz-tanaka-3349,Head of Partnerships,head,Overtone,overtone.com,310,B2B Software,United States,apollo,2025-07-11,,,,,,opportunity,open opp - do not prospect
C100562,Hyeri,Adeyemi,hyeria@clearwaterplatform.com,https://linkedin.com/in/hyeri-adeyemi-1580,Head of Digital,head,Clearwater Platform,clearwaterplatform.com,1400,SaaS,Canada,linkedin_scrape,2026-04-16,2025-12-07,email,noblehq.io,aeo-saas-jul,opened_no_reply,,
C100563,Takashi,Souza,takashi@fathomhousestudio.agency,https://linkedin.com/in/takashi-souza-6825,Head of Marketing,head,Fathomhouse Studio,fathomhousestudio.agency,8,SEO Agency,United Kingdom,apollo,2026-04-07,,,,,,,
C100564,Zoe,Banerjee,zoe@brightvale.io,https://linkedin.com/in/zoe-banerjee-8878,Marketing Director,director,Brightvale,brightvale.io,1400,Developer Tools,United States,apollo,2026-05-30,2025-11-17,email,trynoble.co,aeo-saas-q2,no_reply,,
C100565,Diego,Kowalski,dkowalski@yarrowhillsupply.shop,https://linkedin.com/in/diego-kowalski-9146,Head of Marketing,head,Yarrowhill Supply,yarrowhillsupply.shop,200,Consumer Goods,United Kingdom,apollo,2026-06-15,,,,,,,
C100566,Folake,Costa,folake@trellismarketing.com,https://linkedin.com/in/folake-costa-443,Brand Manager,manager,Trellis Marketing,trellismarketing.com,8,Digital Agency,Germany,list_upload,2025-08-06,2026-05-12,email,trynoble.co,aeo-saas-jul,replied_negative,,
C100567,Greta,Desai,gdesai@junipercloud.com,https://linkedin.com/in/greta-desai-1123,SEO Lead,manager,Junipercloud,junipercloud.com,900,Fintech,United States,partner_referral,2026-01-03,2025-11-28,email,noble-outreach.com,linkedin-seo-leads-jun,no_reply,,
C100568,Sarah,Muller,sarah.muller@wavelengthgroup.agency,https://linkedin.com/in/sarah-muller-7662,Technical SEO Manager,manager,Wavelength Group,wavelengthgroup.agency,130,Digital Agency,United States,list_upload,2026-03-08,,,,,,,
C100569,Hannah,Sharma,hannahs@signalpathai.com,https://linkedin.com/in/hannah-sharma-6619,CMO,cxo,Signalpath AI,signalpathai.com,1400,Data & Analytics,India,apollo,2026-02-28,,,,,,,
C100570,Lars,Torres,lars@lanterndigital.com,https://linkedin.com/in/lars-torres-2877,Chief Growth Officer,cxo,Lantern Digital,lanterndigital.com,8,Digital Agency,United States,apollo,2025-06-30,,,,,,,
C100571,Megan,Kim,megan_kim@foxgloveco.com,https://linkedin.com/in/megan-kim-8229,Performance Marketing Manager,manager,Foxglove & Co,foxgloveco.com,22,Health & Wellness,United States,clay,2025-09-29,2026-01-27,linkedin,,linkedin-seo-leads-jun,bounced,,
C100572,Melissa,Davis,melissa@cedarcrestnutrition.com,https://linkedin.com/in/melissa-davis-5858,Director of Growth,director,Cedarcrest Nutrition,cedarcrestnutrition.com,12,Beauty & Personal Care,United States,apollo,2025-10-10,2026-04-12,email,trynoble.co,geo-agency-may,no_reply,lead,
C100573,Eric,Larsen,eric.larsen@fieldnotesmarketing.io,https://linkedin.com/in/eric-larsen-5645,CMO,cxo,Fieldnotes Marketing,fieldnotesmarketing.io,14,PR Agency,Germany,linkedin_scrape,2025-08-21,2026-01-23,email,noble-outreach.com,geo-agency-may,opened_no_reply,,
C100574,Anders,Jung,andersj@brightvale.io,https://linkedin.com/in/anders-jung-9654,Marketing Director,director,Brightvale,brightvale.io,1400,Developer Tools,Australia,apollo,2025-07-07,,,,,,,
C100575,Pieter,Watanabe,pieter_watanabe@keystone.co,https://linkedin.com/in/pieter-watanabe-8634,Affiliate Marketing Manager,manager,Keystone,keystone.co,450,HR Tech,United States,inbound_form,2025-08-23,,,,,,,
C100576,Jessica,Murphy,jmurphy@latitudeone.ai,https://linkedin.com/in/jessica-murphy-1718,Director of SEO,director,Latitudeone,latitudeone.ai,620,SaaS,United States,apollo,2026-05-01,2026-04-05,email,trynoble.co,aeo-saas-q2,booked,subscriber,
C100577,Yan,Williams,yan@westgatecloud.co,https://linkedin.com/in/yan-williams-2006,Head of SEO,head,Westgate Cloud,westgatecloud.co,120,Developer Tools,Spain,apollo,2025-07-13,,,,,,,
C100578,Hyeri,Davis,hyerid@beelinestudio.io,https://linkedin.com/in/hyeri-davis-4212,Content Marketing Manager,manager,Beeline Studio,beelinestudio.io,90,SEO Agency,United States,apollo,2026-01-02,,,,,,lead,
C100579,Wei,Tanaka,wei.tanaka@ashgrovenutrition.com,https://linkedin.com/in/wei-tanaka-5716,CMO,cxo,Ashgrove Nutrition,ashgrovenutrition.com,400,Food & Beverage,United Kingdom,apollo,2026-06-19,,,,,,subscriber,
C100580,Yuki,Abubakar,y.abubakar@northlightmedia.co,https://linkedin.com/in/yuki-abubakar-4075,Head of SEO,head,Northlight Media,northlightmedia.co,45,Marketing Agency,United States,list_upload,2026-02-09,2026-01-23,email,trynoble.co,aeo-consumer-jun,no_reply,,
C100581,Pieter,Santos,pieters@lightkeel.co,https://linkedin.com/in/pieter-santos-5075,Chief Growth Officer,cxo,Lightkeel,lightkeel.co,180,Developer Tools,Germany,apollo,2026-02-03,,,,,,lead,
C100582,Valentina,Muller,,https://linkedin.com/in/valentina-muller-2431,Director of Demand Gen,director,Thistledown Collective,thistledowncollective.shop,12,Apparel,United States,partner_referral,2026-06-12,2026-02-05,linkedin,,refresh-midmarket-jun,bounced,,no email found - linkedin only
C100583,Melissa,Gupta,mgupta@wavelengthgroup.agency,https://linkedin.com/in/melissa-gupta-4762,Head of Communications,head,Wavelength Group,wavelengthgroup.agency,130,Digital Agency,United States,list_upload,2025-10-11,,,,,,,
C100584,Rebecca,Oliveira,roliveira@wheatfieldnutrition.co,https://linkedin.com/in/rebecca-oliveira-1854,Performance Marketing Manager,manager,Wheatfield Nutrition,wheatfieldnutrition.co,22,Apparel,United States,list_upload,2025-12-22,,,,,,,
C100585,Emily,Weber,eweber@lavenderlywellness.com,https://linkedin.com/in/emily-weber-910,Head of Ecommerce,head,Lavenderly Wellness,lavenderlywellness.com,48,Consumer Goods,United States,apollo,2025-08-17,,,,,,,
C100586,Mateo,Wojcik,mateo_wojcik@orbitlycloud.co,https://linkedin.com/in/mateo-wojcik-6620,Content Marketing Manager,manager,Orbitly Cloud,orbitlycloud.co,620,SaaS,United States,clay,2026-01-07,,,,,,lead,
C100587,Sanne,Malhotra,smalhotra@gingerlily.co,https://linkedin.com/in/sanne-malhotra-34,Founder,cxo,Gingerlily,gingerlily.co,400,Apparel,United Kingdom,apollo,2025-11-15,,,,,,lead,
C100588,Lucas,Liu,lucas_liu@hazelnook.shop,https://linkedin.com/in/lucas-liu-2133,Affiliate Marketing Manager,manager,Hazelnook,hazelnook.shop,70,Health & Wellness,United States,apollo,2026-05-03,2025-12-25,email,getnoble.io,aeo-saas-q2,no_reply,lead,
C100589,Yusuf,Patel,y.patel@brightsparkdigital.com,https://linkedin.com/in/yusuf-patel-9094,Head of Digital,head,Brightspark Digital,brightsparkdigital.com,8,Digital Agency,United States,apollo,2025-09-04,2026-06-14,email,noble-outreach.com,aeo-consumer-jun,opened_no_reply,lead,
C100590,Neha,Sun,nehas@saasgenius.com,https://linkedin.com/in/neha-sun-5611,Contributing Writer,ic,SaaSGenius,saasgenius.com,15,Martech,United States,clay,2026-02-14,2026-06-26,email,getnoble.io,publisher-outreach-jul,no_reply,,publisher - active in Noble publisher program
C100591,Emeka,Nair,enair@cobaltsoftware.app,https://linkedin.com/in/emeka-nair-9059,Founder,cxo,Cobalt Software,cobaltsoftware.app,28,Cybersecurity,India,apollo,2025-11-24,2026-04-27,email,noblehq.io,refresh-midmarket-jun,no_reply,,
C100592,Felipe,Wright,felipe@umbrahqsoftware.co,https://linkedin.com/in/felipe-wright-4965,Marketing Operations Manager,manager,Umbrahq Software,umbrahqsoftware.co,1400,Fintech,United States,linkedin_scrape,2025-12-29,,,,,,subscriber,
C100593,Larissa,Ramirez,larissa_ramirez@harborview.com,https://linkedin.com/in/larissa-ramirez-2931,Head of SEO,head,Harborview,harborview.com,45,HR Tech,United States,clay,2026-06-07,,,,,,lead,
C100594,Seoyeon,Lewis,slewis@fernwood.io,https://linkedin.com/in/seoyeon-lewis-423,Head of SEO,head,Fernwood,fernwood.io,620,HR Tech,United States,apollo,2026-03-09,,,,,,opportunity,
C100595,Katherine,Hernandez,katherine_hernandez@overtone.com,https://linkedin.com/in/katherine-hernandez-3567,SEO Lead,manager,Overtone,overtone.com,310,Fintech,United States,clay,2025-12-30,2026-06-08,email,noble-outreach.com,linkedin-seo-leads-jun,no_reply,,
C100596,Chloe,Nkemelu,c.nkemelu@mercury9agency.com,https://linkedin.com/in/chloe-nkemelu-3413,Director of SEO,director,Mercury9 Agency,mercury9agency.com,45,PR Agency,Ireland,clay,2026-05-12,2026-01-22,email,getnoble.io,geo-agency-may,replied_positive,,
C100597,Kwame,Sanchez,kwames@basecamp9.ai,https://linkedin.com/in/kwame-sanchez-9991,Director of Demand Gen,director,Basecamp9,basecamp9.ai,450,Fintech,United States,apollo,2026-07-03,,,,,,,
C100598,Zoe,Clark,zoec@rosewaterco.com,https://linkedin.com/in/zoe-clark-7838,SEO Manager,manager,Rosewater & Co,rosewaterco.com,140,Beauty & Personal Care,United States,list_upload,2026-06-02,2026-01-12,email,noble-outreach.com,aeo-saas-jul,replied_positive,,
C100599,Lars,Ferreira,lars_ferreira@willowmerenutrition.com,https://linkedin.com/in/lars-ferreira-5852,Head of Digital,head,Willowmere Nutrition,willowmerenutrition.com,70,Supplements,United States,clay,2025-07-19,,,,,,,
C100600,Samuel,Ferrari,sferrari@longshorepartners.agency,https://linkedin.com/in/samuel-ferrari-4227,Demand Generation Manager,manager,Longshore Partners,longshorepartners.agency,45,Digital Agency,United Kingdom,apollo,2025-09-19,,,,,,marketingqualifiedlead,
C100601,Megan,Rossi,mrossi@sunhavencollective.shop,https://linkedin.com/in/megan-rossi-7601,Content Marketing Manager,manager,Sunhaven Collective,sunhavencollective.shop,400,Consumer Goods,United States,clay,2025-08-30,,,,,,,
C100602,Ashley,Okafor,aokafor@cedarcrestnutrition.com,https://linkedin.com/in/ashley-okafor-6125,Founder,cxo,Cedarcrest Nutrition,cedarcrestnutrition.com,12,Home Goods,Australia,apollo,2025-08-23,,,,,,opportunity,
C100603,Freja,Nelson,freja_nelson@nexuscoresystems.co,https://linkedin.com/in/freja-nelson-9089,Growth Marketing Manager,manager,Nexuscore Systems,nexuscoresystems.co,180,Martech,United States,clay,2026-02-02,2026-06-01,linkedin,,aeo-consumer-jun,no_reply,lead,
C100604,Ananya,Muller,ananyam@meadowlarknutrition.com,https://linkedin.com/in/ananya-muller-9878,Demand Generation Manager,manager,Meadowlark Nutrition,meadowlarknutrition.com,280,Food & Beverage,United States,apollo,2025-07-01,,,,,,,
C100605,Zainab,Lee,zainabl@clovergrovecollective.com,https://linkedin.com/in/zainab-lee-594,Director of Acquisition,director,Clovergrove Collective,clovergrovecollective.com,22,Health & Wellness,United States,apollo,2025-11-25,,,,,,,
C100606,Piotr,Watanabe,p.watanabe@orchardlynutrition.com,https://linkedin.com/in/piotr-watanabe-75,SEO Lead,manager,Orchardly Nutrition,orchardlynutrition.com,48,Apparel,United States,list_upload,2026-04-17,,,,,,lead,
C100607,Michael,Malhotra,michael.malhotra@clovergrovecollective.com,https://linkedin.com/in/michael-malhotra-7992,Co-Founder & CEO,cxo,Crestline Software,crestlinesoftware.com,240,Martech,United States,list_upload,2026-06-24,,,,,,,enrichment mismatch
C100608,Nathan,Ferreira,nathanf@quantumleafhq.app,https://linkedin.com/in/nathan-ferreira-4116,SEO Lead,manager,Quantumleaf HQ,quantumleafhq.app,120,HR Tech,United States,apollo,2026-02-10,,,,,,,
C100609,Min,Nkemelu,m.nkemelu@foxgloveco.com,https://linkedin.com/in/min-nkemelu-164,Co-Founder & CEO,cxo,Foxglove & Co,foxgloveco.com,22,Consumer Goods,United States,apollo,2026-01-12,2026-05-07,linkedin,,aeo-saas-jul,no_reply,lead,
C100610,Anders,Wojcik,andersw@umbrahqsoftware.co,https://linkedin.com/in/anders-wojcik-1670,Co-Founder & CEO,cxo,Umbrahq Software,umbrahqsoftware.co,1400,Developer Tools,United Kingdom,apollo,2025-12-19,,,,,,,
C100611,Hyeri,O'Brien,hyeri.obrien@jasmindale.com,https://linkedin.com/in/hyeri-obrien-4425,CMO,cxo,Jasmindale,jasmindale.com,48,Food & Beverage,Netherlands,partner_referral,2025-10-07,,,,,,,
C100612,Sanne,Walker,sanne_walker@rosewaterco.com,https://linkedin.com/in/sanne-walker-236,Technical SEO Manager,manager,Rosewater & Co,rosewaterco.com,140,Supplements,Canada,list_upload,2025-12-13,,,,,,,
C100613,Joshua,Murphy,joshua.murphy@flintlocksoftware.com,https://linkedin.com/in/joshua-murphy-5294,Director of Content,director,Flintlock Software,flintlocksoftware.com,240,Developer Tools,United States,apollo,2025-10-11,,,,,,marketingqualifiedlead,
C100614,Mikkel,Quinn,mikkel@helixware.io,https://linkedin.com/in/mikkel-quinn-5585,Head of Partnerships,head,Helixware,helixware.io,310,Cybersecurity,United States,list_upload,2026-01-30,,,,,,marketingqualifiedlead,
C100615,Zoe,Diallo,zoe.diallo@sunhavencollective.shop,https://linkedin.com/in/zoe-diallo-1475,Director of Acquisition,director,Sunhaven Collective,sunhavencollective.shop,400,Beauty & Personal Care,Canada,apollo,2025-12-20,,,,,,subscriber,
C100616,Daniel,Oliveira,daniel.oliveira@nightjarhome.com,https://linkedin.com/in/daniel-oliveira-3202,Growth Marketing Manager,manager,Nightjar Home,nightjarhome.com,280,Beauty & Personal Care,Australia,apollo,2025-08-22,,,,,,,
C100617,Anja,Liu,anja_liu@tideworksai.io,https://linkedin.com/in/anja-liu-3070,Head of SEO,head,Tideworks AI,tideworksai.io,180,SaaS,United States,clay,2026-05-22,,,,,,lead,
C100618,Kofi,Allen,kofi_allen@glasswingsoftware.app,https://linkedin.com/in/kofi-allen-3111,VP of Marketing,vp,Glasswing Software,glasswingsoftware.app,450,SaaS,United States,apollo,2025-06-27,,,,,,,
C100619,Isabella,Jung,i.jung@novafoldsoftware.com,https://linkedin.com/in/isabella-jung-671,Marketing Director,director,Novafold Software,novafoldsoftware.com,28,Developer Tools,Germany,apollo,2026-03-06,,,,,,,
C100620,Rafael,Nielsen,rafaeln@terracottagoods.co,https://linkedin.com/in/rafael-nielsen-933,Head of Growth,head,Terracotta Goods,terracottagoods.co,22,Food & Beverage,United Kingdom,list_upload,2026-03-01,,,,,,,
C100621,Ngozi,Taylor,ngozi_taylor@umberstonebeauty.com,https://linkedin.com/in/ngozi-taylor-3543,Affiliate Marketing Manager,manager,Umberstone Beauty,umberstonebeauty.com,140,Food & Beverage,United States,inbound_form,2025-12-13,2026-01-20,linkedin,,aeo-consumer-jun,no_reply,,
C100622,Christina,Carvalho,christina.carvalho@ironwillowhome.com,https://linkedin.com/in/christina-carvalho-2528,Director of Content,director,Ironwillow Home,ironwillowhome.com,140,Apparel,United States,inbound_form,2026-03-03,,,,,,subscriber,
C100623,Valentina,Lewis,valentina_lewis@dockyardai.com,https://linkedin.com/in/valentina-lewis-9768,Demand Generation Manager,manager,Dockyard AI,dockyardai.com,60,Martech,Brazil,partner_referral,2026-02-03,2026-01-06,email,noblehq.io,refresh-midmarket-jun,no_reply,,
C100624,Klaus,Gallagher,klaus@threadbarepartners.co,https://linkedin.com/in/klaus-gallagher-9379,VP of Marketing,vp,Threadbare Partners,threadbarepartners.co,130,Digital Agency,United States,apollo,2025-07-18,,,,,,,
C100625,Olivia,Johnson,oliviaj@lavenderlywellness.com,https://linkedin.com/in/olivia-johnson-6378,Content Marketing Manager,manager,Lavenderly Wellness,lavenderlywellness.com,48,Consumer Goods,United States,list_upload,2025-08-01,,,,,,lead,
C100626,Sofia,Kelly,sofiak@brightsparkdigital.com,https://linkedin.com/in/sofia-kelly-361,PR Manager,manager,Brightspark Digital,brightsparkdigital.com,8,Digital Agency,United States,apollo,2026-01-23,,,,,,marketingqualifiedlead,
C100627,Magda,Nkemelu,m.nkemelu@superbloomstudio.com,https://linkedin.com/in/magda-nkemelu-6927,Director of Growth,director,Superbloom Studio,superbloomstudio.com,32,Marketing Agency,United States,apollo,2025-08-10,,,,,,opportunity,
C100628,Jonah,Allen,jonah@superbloomstudio.com,https://linkedin.com/in/jonah-allen-6479,Head of SEO,head,Superbloom Studio,superbloomstudio.com,32,PR Agency,United States,list_upload,2026-01-02,,,,,,,
C100629,Melissa,Chatterjee,mchatterjee@reedmarsh.com,https://linkedin.com/in/melissa-chatterjee-2799,Head of Communications,head,Reedmarsh,reedmarsh.com,22,Consumer Goods,Ireland,partner_referral,2025-09-19,,,,,,,
C100630,Seoyeon,Martinez,smartinez@harborview.com,https://linkedin.com/in/seoyeon-martinez-1529,CMO,cxo,Harborview,harborview.com,45,Fintech,United States,clay,2025-07-18,2026-01-26,linkedin,,refresh-midmarket-jun,replied_positive,,
C100631,Isaac,Oliveira,i.oliveira@quarryhq.com,https://linkedin.com/in/isaac-oliveira-6519,Marketing Operations Manager,manager,Quarryhq,quarryhq.com,85,Martech,United States,list_upload,2025-09-07,,,,,,,
C100632,Rebecca,Wang,rwang@duskwood.com,https://linkedin.com/in/rebecca-wang-2007,Senior SEO Specialist,ic,Duskwood,duskwood.com,140,Health & Wellness,United States,linkedin_scrape,2025-12-01,,,,,,,
C100633,Yuki,Wu,y.wu@vertexly.app,https://linkedin.com/in/yuki-wu-294,Head of Partnerships,head,Vertexly,vertexly.app,45,Developer Tools,Ireland,apollo,2026-01-24,2025-11-09,email,getnoble.io,aeo-saas-jul,no_reply,lead,
C100634,Grace,Muller,grace@vantagepoint.app,https://linkedin.com/in/grace-muller-7539,PR Manager,manager,Vantagepoint,vantagepoint.app,120,Cybersecurity,Germany,apollo,2025-09-27,,,,,,,
C100635,Grace,Garcia,grace@crestlinesoftware.com,https://linkedin.com/in/grace-garcia-6905,Head of Partnerships,head,Crestline Software,crestlinesoftware.com,240,Data & Analytics,Germany,linkedin_scrape,2025-08-20,2026-05-06,linkedin,,geo-agency-may,no_reply,lead,
C100636,Yuki,Rao,yuki.rao@wavelengthgroup.agency,https://linkedin.com/in/yuki-rao-3524,Head of Organic Growth,head,Wavelength Group,wavelengthgroup.agency,130,SEO Agency,United States,apollo,2025-10-08,,,,,,,
C100637,Valentina,Suzuki,valentina.suzuki@willowmerenutrition.com,https://linkedin.com/in/valentina-suzuki-6269,Head of SEO,head,Willowmere Nutrition,willowmerenutrition.com,70,Food & Beverage,Canada,linkedin_scrape,2025-07-15,,,,,,opportunity,
C100638,Amanda,Green,amandag@lightkeel.co,https://linkedin.com/in/amanda-green-5957,Head of Growth,head,Lightkeel,lightkeel.co,180,SaaS,United Kingdom,partner_referral,2026-02-08,2026-05-04,email,noblehq.io,aeo-consumer-jun,opened_no_reply,,
C100639,Daniel,Thomas,daniel_thomas@quantumleafhq.app,https://linkedin.com/in/daniel-thomas-6376,Director of SEO,director,Quantumleaf HQ,quantumleafhq.app,120,Data & Analytics,United States,apollo,2026-04-16,,,,,,,
C100640,Tyler,Banerjee,tyler@umberstonebeauty.com,https://linkedin.com/in/tyler-banerjee-1379,Head of SEO,head,Umberstone Beauty,umberstonebeauty.com,140,Health & Wellness,United States,apollo,2025-12-01,,,,,,lead,
C100641,Emeka,Joshi,emekaj@fernwood.io,https://linkedin.com/in/emeka-joshi-6063,SEO Lead,manager,Fernwood,fernwood.io,620,Data & Analytics,United States,linkedin_scrape,2026-04-07,,,,,,,
C100642,Valentina,Allen,valentina@loopworkplatform.com,https://linkedin.com/in/valentina-allen-8916,Director of Acquisition,director,Loopwork Platform,loopworkplatform.com,180,Fintech,Canada,apollo,2025-07-26,2026-04-30,email,noblehq.io,linkedin-seo-leads-jun,no_reply,,
C100643,Tunde,Yang,tunde_yang@terracottagoods.co,https://linkedin.com/in/tunde-yang-3943,Senior SEO Specialist,ic,Terracotta Goods,terracottagoods.co,22,Health & Wellness,United Kingdom,apollo,2025-10-23,2025-12-26,email,noblehq.io,aeo-saas-jul,no_reply,,
C100644,Nathan,Sharma,n.sharma@vantagepoint.app,https://linkedin.com/in/nathan-sharma-4823,CMO,cxo,Vantagepoint,vantagepoint.app,120,Data & Analytics,United States,apollo,2025-10-05,,,,,,,
C100645,Rebecca,Thomas,rebeccat@quarryhq.com,https://linkedin.com/in/rebecca-thomas-4383,Brand Manager,manager,Quarryhq,quarryhq.com,85,Fintech,Canada,apollo,2026-03-20,2026-07-06,email,trynoble.co,aeo-consumer-jun,no_reply,subscriber,
C100646,Nathan,Malhotra,nathan.malhotra@trellismarketing.com,https://linkedin.com/in/nathan-malhotra-6674,Head of Content,head,Trellis Marketing,trellismarketing.com,8,SEO Agency,Ireland,list_upload,2026-04-05,2026-03-29,email,noblehq.io,refresh-midmarket-jun,opened_no_reply,,
C100647,Christina,Diallo,christina_diallo@honeycresthome.shop,https://linkedin.com/in/christina-diallo-8479,Head of Partnerships,head,Honeycrest Home,honeycresthome.shop,35,Home Goods,Singapore,linkedin_scrape,2025-08-22,2025-12-03,email,getnoble.io,aeo-saas-jul,no_reply,,
C100648,Priya,Hall,phall@superbloomstudio.com,https://linkedin.com/in/priya-hall-8576,CMO,cxo,Superbloom Studio,superbloomstudio.com,32,Digital Agency,United States,apollo,2026-03-06,2025-12-10,email,noble-outreach.com,aeo-saas-jul,no_reply,,
C100649,Chloe,Traore,chloe.traore@zenithlyhq.io,https://linkedin.com/in/chloe-traore-2843,Growth Marketing Manager,manager,Zenithly HQ,zenithlyhq.io,120,Developer Tools,United States,list_upload,2025-08-17,,,,,,,
C100650,Adaeze,Gonzalez,agonzalez@emberlyai.io,https://linkedin.com/in/adaeze-gonzalez-1864,Founder,cxo,Emberly AI,emberlyai.io,180,Developer Tools,United States,clay,2026-06-29,,,,,,marketingqualifiedlead,
C100651,Li,Lopez,llopez@gingerlily.co,https://linkedin.com/in/li-lopez-7104,Content Marketing Manager,manager,Gingerlily,gingerlily.co,400,Home Goods,United States,clay,2025-12-21,2026-02-03,email,noblehq.io,linkedin-seo-leads-jun,bounced,,
C100652,Magda,Kapoor,magdak@meridiansystems.com,https://linkedin.com/in/magda-kapoor-3954,SEO Manager,manager,Meridian Systems,meridiansystems.com,1400,B2B Software,United States,list_upload,2026-07-02,,,,,,,
C100653,Jonah,Fischer,jonah@terracottagoods.co,https://linkedin.com/in/jonah-fischer-1441,Co-Founder & CEO,cxo,Terracotta Goods,terracottagoods.co,22,Beauty & Personal Care,United States,clay,2026-01-08,,,,,,,
C100654,Wei,Sharma,wei.sharma@wavelengthgroup.agency,https://linkedin.com/in/wei-sharma-4932,SEO Manager,manager,Wavelength Group,wavelengthgroup.agency,130,SEO Agency,United Kingdom,list_upload,2025-08-11,2026-04-02,email,getnoble.io,geo-agency-may,replied_positive,,
C100655,Magda,Liu,mliu@mossbankwellness.com,https://linkedin.com/in/magda-liu-4133,Marketing Director,director,Mossbank Wellness,mossbankwellness.com,140,Beauty & Personal Care,Australia,apollo,2026-04-05,2026-01-30,email,noble-outreach.com,linkedin-seo-leads-jun,replied_negative,,
C100656,Freja,Tanaka,freja@yarrowhillsupply.shop,https://linkedin.com/in/freja-tanaka-7150,Head of Marketing,head,Yarrowhill Supply,yarrowhillsupply.shop,200,Apparel,Germany,apollo,2025-07-05,2026-06-12,linkedin,,linkedin-seo-leads-jun,bounced,marketingqualifiedlead,
C100657,Emily,Sun,emily@waypointhqhq.app,https://linkedin.com/in/emily-sun-225,Director of Content,director,Waypointhq HQ,waypointhqhq.app,45,B2B Software,Brazil,inbound_form,2025-10-07,,,,,,marketingqualifiedlead,
C100658,Jessica,Andersen,jessica@jasmindale.com,https://linkedin.com/in/jessica-andersen-1463,Head of Communications,head,Jasmindale,jasmindale.com,48,Food & Beverage,Singapore,apollo,2025-07-26,,,,,,,
C100659,Ethan,Yang,e.yang@softwareadvice.com,https://linkedin.com/in/ethan-yang-4908,Managing Editor,head,Software Advice,softwareadvice.com,220,Cybersecurity,Canada,apollo,2025-06-30,,,,,,lead,
C100660,Hassan,Kobayashi,hassan_kobayashi@hazelnook.shop,https://linkedin.com/in/hassan-kobayashi-3626,SEO Lead,manager,Hazelnook,hazelnook.shop,70,Beauty & Personal Care,United States,apollo,2025-07-11,2026-02-18,email,trynoble.co,aeo-saas-jul,opened_no_reply,lead,
C100661,Adaeze,Lewis,adaeze.lewis@nimbusworksplatform.co,https://linkedin.com/in/adaeze-lewis-1849,Head of Communications,head,Nimbusworks Platform,nimbusworksplatform.co,1400,B2B Software,United States,clay,2025-10-08,,,,,,,
C100662,Matthew,Andersen,matthew@keystone.co,https://linkedin.com/in/matthew-andersen-8652,Head of Growth,head,Keystone,keystone.co,450,HR Tech,United States,apollo,2025-09-15,2025-12-10,email,trynoble.co,linkedin-seo-leads-jun,opened_no_reply,marketingqualifiedlead,
C100663,Beatriz,Souza,bsouza@stacklinehq.com,https://linkedin.com/in/beatriz-souza-7126,Director of SEO,director,Stackline HQ,stacklinehq.com,450,Developer Tools,United States,apollo,2026-03-09,,,,,,,
C100664,Layla,Zhang,lzhang@gingerlily.co,https://linkedin.com/in/layla-zhang-818,VP of Marketing,vp,Gingerlily,gingerlily.co,400,Beauty & Personal Care,Brazil,apollo,2026-06-01,,,,,,,
C100665,Jihoon,Chatterjee,jihoon.chatterjee@stacklinehq.com,https://linkedin.com/in/jihoon-chatterjee-1263,Chief Growth Officer,cxo,Stackline HQ,stacklinehq.com,450,Martech,United States,clay,2025-07-10,,,,,,,
C100666,Kofi,Thompson,kthompson@hammersmithstudio.co,https://linkedin.com/in/kofi-thompson-4406,Director of SEO,director,Hammersmith Studio,hammersmithstudio.co,65,PR Agency,Germany,apollo,2025-08-20,,,,,,,
C100667,Chloe,Wilson,chloe_wilson@riverstonepartners.agency,https://linkedin.com/in/chloe-wilson-4930,Head of Digital,head,Riverstone Partners,riverstonepartners.agency,90,SEO Agency,United States,clay,2026-02-28,2025-12-21,email,trynoble.co,geo-agency-may,opened_no_reply,lead,
C100668,Wei,Bianchi,weib@umbrahqsoftware.co,https://linkedin.com/in/wei-bianchi-2981,Chief Growth Officer,cxo,Umbrahq Software,umbrahqsoftware.co,1400,Cybersecurity,United States,apollo,2026-01-16,,,,,,,
C100669,Megan,Muller,megan.muller@cobaltsoftware.app,https://linkedin.com/in/megan-muller-9539,Head of Partnerships,head,Cobalt Software,cobaltsoftware.app,28,Data & Analytics,United States,apollo,2025-10-06,,,,,,,
C100670,Melissa,Kowalski,melissa.kowalski@beaconworkslabs.com,https://linkedin.com/in/melissa-kowalski-3663,Founder,cxo,Beaconworks Labs,beaconworkslabs.com,45,SaaS,Spain,apollo,2026-03-20,,,,,,,
C100671,David,Kapoor,d.kapoor@saltmarshnutrition.shop,https://linkedin.com/in/david-kapoor-6123,Director of SEO,director,Saltmarsh Nutrition,saltmarshnutrition.shop,140,Apparel,Brazil,clay,2026-04-30,,,,,,,
C100672,Tomasz,Fitzgerald,tomasz@nimbusworksplatform.co,https://linkedin.com/in/tomasz-fitzgerald-7722,Head of Organic Growth,head,Nimbusworks Platform,nimbusworksplatform.co,1400,HR Tech,United States,clay,2026-02-15,2025-11-16,email,getnoble.io,aeo-saas-jul,bounced,marketingqualifiedlead,
C100673,Pieter,Ferreira,pieter.ferreira@gmail.com,https://linkedin.com/in/pieter-ferreira-8686,Chief Growth Officer,cxo,Westgate Cloud,westgatecloud.co,120,Martech,United Kingdom,inbound_form,2025-12-24,,,,,,,personal email captured from webinar signup
C100674,Katherine,Almeida,k.almeida@rankpilot.ai,https://linkedin.com/in/katherine-almeida-7613,CMO,cxo,RankPilot AI,rankpilot.ai,34,HR Tech,United States,inbound_form,2026-03-28,,,,,,,
C100675,Michael,Robinson,michaelr@fernwood.io,https://linkedin.com/in/michael-robinson-7615,Director of Acquisition,director,Fernwood,fernwood.io,620,Fintech,Germany,apollo,2025-11-18,,,,,,,
C100676,Lars,Torres,lars@clearwaterplatform.com,https://linkedin.com/in/lars-torres-2142,Technical SEO Manager,manager,Clearwater Platform,clearwaterplatform.com,1400,Data & Analytics,United States,apollo,2025-06-25,,,,,,,
C100677,Valentina,Jones,v.jones@goldleafco.co,https://linkedin.com/in/valentina-jones-9948,Director of Content,director,Goldleaf & Co,goldleafco.co,70,Food & Beverage,United States,apollo,2026-05-04,,,,,,,
C100678,Divya,Gonzalez,divya@signalpathai.com,https://linkedin.com/in/divya-gonzalez-1334,Affiliate Marketing Manager,manager,Signalpath AI,signalpathai.com,1400,B2B Software,United States,list_upload,2025-11-12,,,,,,marketingqualifiedlead,
C100679,Stephanie,Mwangi,stephanie@kindredgroup.io,https://linkedin.com/in/stephanie-mwangi-1955,Performance Marketing Manager,manager,Kindred Group,kindredgroup.io,65,SEO Agency,United States,partner_referral,2026-03-31,2026-06-18,email,noble-outreach.com,aeo-saas-q2,no_reply,,
C100680,Nathan,Malhotra,nmalhotra@trellismarketing.com,https://linkedin.com/in/nathan-malhotra-2191,Head of Content,head,Trellis Marketing,trellismarketing.com,8,PR Agency,Canada,clay,2025-12-05,,,,,,,
C100681,Larissa,Zhao,larissa.zhao@birchmoorgoods.com,https://linkedin.com/in/larissa-zhao-6399,Director of Growth,director,Birchmoor Goods,birchmoorgoods.com,400,Apparel,Germany,apollo,2025-10-10,,,,,,,
C100682,Folake,Doyle,folake.doyle@ashgrovenutrition.com,https://linkedin.com/in/folake-doyle-3242,AEO Lead,manager,Ashgrove Nutrition,ashgrovenutrition.com,400,Consumer Goods,United States,apollo,2025-11-23,,,,,,,
C100683,Sofia,Nielsen,sofia@inkwellsoftware.com,https://linkedin.com/in/sofia-nielsen-2700,Founder,cxo,Inkwell Software,inkwellsoftware.com,310,SaaS,Canada,apollo,2025-06-23,,,,,,marketingqualifiedlead,
C100684,Renata,Verma,renata_verma@goldleafco.co,https://linkedin.com/in/renata-verma-9584,Director of Demand Gen,director,Goldleaf & Co,goldleafco.co,70,Home Goods,United Kingdom,apollo,2025-10-25,,,,,,,
C100685,Omar,Hansen,o.hansen@violetgrove.com,https://linkedin.com/in/omar-hansen-8160,SEO Lead,manager,Violetgrove,violetgrove.com,400,Health & Wellness,United States,partner_referral,2026-06-10,,,,,,marketingqualifiedlead,
C100686,Li,Diallo,l.diallo@nexuscoresystems.co,https://linkedin.com/in/li-diallo-3538,Head of Marketing,head,Nexuscore Systems,nexuscoresystems.co,180,Developer Tools,United States,list_upload,2025-11-14,,,,,,,
C100687,Kevin,Zhang,k.zhang@terracottagoods.co,https://linkedin.com/in/kevin-zhang-3803,Head of Communications,head,Terracotta Goods,terracottagoods.co,22,Food & Beverage,India,clay,2026-02-18,,,,,,,
C100688,Matthew,Miller,matthew_miller@xenonlabscloud.com,https://linkedin.com/in/matthew-miller-9406,Head of Partnerships,head,Xenonlabs Cloud,xenonlabscloud.com,28,HR Tech,Ireland,apollo,2025-10-08,2026-02-07,email,trynoble.co,aeo-consumer-jun,no_reply,,
C100689,Zainab,Torres,zainabt@thistledowncollective.shop,https://linkedin.com/in/zainab-torres-1305,Head of Organic Growth,head,Thistledown Collective,thistledowncollective.shop,12,Consumer Goods,Spain,clay,2025-09-20,,,,,,,
C100690,Sanne,Fitzgerald,sfitzgerald@brightsparkdigital.com,https://linkedin.com/in/sanne-fitzgerald-9394,VP of Marketing,vp,Brightspark Digital,brightsparkdigital.com,8,SEO Agency,United Kingdom,apollo,2025-10-26,2026-06-26,email,trynoble.co,linkedin-seo-leads-jun,opened_no_reply,,
C100691,Grace,Iyer,giyer@blueprintlabs.co,https://linkedin.com/in/grace-iyer-8065,Director of Demand Gen,director,Blueprint Labs,blueprintlabs.co,45,Data & Analytics,United States,apollo,2026-01-26,,,,,,,
C100692,Camila,Nkemelu,cnkemelu@cadenceio.com,https://linkedin.com/in/camila-nkemelu-5503,Head of Demand Generation,head,Cadenceio Cloud,cadenceio.com,560,HR Tech,United States,apollo,2026-03-29,2026-06-27,email,trynoble.co,aeo-saas-q2,no_reply,lead,
C100693,Adam,Clark,adam.clark@yarrowhillsupply.shop,https://linkedin.com/in/adam-clark-9786,Technical SEO Manager,manager,Yarrowhill Supply,yarrowhillsupply.shop,200,Consumer Goods,Canada,apollo,2026-04-15,,,,,,,
C100694,Ryan,Walker,ryanw@wheatfieldnutrition.co,https://linkedin.com/in/ryan-walker-6783,Marketing Operations Manager,manager,Wheatfield Nutrition,wheatfieldnutrition.co,22,Apparel,United States,clay,2025-09-10,,,,,,,
C100695,Sarah,Gonzalez,sgonzalez@stacklinehq.com,https://linkedin.com/in/sarah-gonzalez-3139,Head of Growth,head,Stackline HQ,stacklinehq.com,450,HR Tech,Netherlands,apollo,2026-03-18,2026-02-03,email,noble-outreach.com,aeo-consumer-jun,no_reply,,
C100696,Rafael,Oliveira,rafael@anchorlinesoftware.com,https://linkedin.com/in/rafael-oliveira-3718,Brand Manager,manager,Anchorline Software,anchorlinesoftware.com,620,B2B Software,Canada,apollo,2025-11-26,2026-02-13,email,getnoble.io,geo-agency-may,replied_positive,subscriber,
C100697,Melissa,Suzuki,m.suzuki@quantumleafhq.app,https://linkedin.com/in/melissa-suzuki-7789,Chief Growth Officer,cxo,Quantumleaf HQ,quantumleafhq.app,120,Developer Tools,United States,apollo,2025-08-23,,,,,,subscriber,
C100698,Ingrid,Lee,i.lee@keystonecloud.io,https://linkedin.com/in/ingrid-lee-9090,Affiliate Marketing Manager,manager,Keystone Cloud,keystonecloud.io,480,Fintech,United States,apollo,2026-04-27,2026-05-28,email,getnoble.io,aeo-saas-jul,bounced,lead,
C100699,James,Traore,james@flintlocksoftware.com,https://linkedin.com/in/james-traore-3100,VP of Marketing,vp,Flintlock Software,flintlocksoftware.com,240,HR Tech,United States,apollo,2025-08-15,2026-02-04,linkedin,,linkedin-seo-leads-jun,no_reply,,
C100700,Laura,Zhang,laura.zhang@westgatecloud.co,https://linkedin.com/in/laura-zhang-503,Performance Marketing Manager,manager,Westgate Cloud,westgatecloud.co,120,Martech,United States,list_upload,2025-10-12,,,,,,,
C100701,Karthik,Ferrari,kferrari@pinnaclesoftcloud.com,https://linkedin.com/in/karthik-ferrari-5248,Head of Partnerships,head,Pinnaclesoft Cloud,pinnaclesoftcloud.com,45,Fintech,Ireland,clay,2025-10-24,,,,,,lead,
C100702,Tyler,Scott,tylers@violetgrove.com,https://linkedin.com/in/tyler-scott-1659,Head of Growth,head,Violetgrove,violetgrove.com,400,Supplements,Brazil,apollo,2025-08-15,,,,,,customer,active Noble account
C100703,Min,Otieno,mino@palmwoodco.shop,https://linkedin.com/in/min-otieno-9334,Head of Demand Generation,head,Palmwood & Co,palmwoodco.shop,12,Food & Beverage,United States,apollo,2026-06-27,,,,,,lead,
C100704,Takashi,Becker,t.becker@wheatfieldnutrition.co,https://linkedin.com/in/takashi-becker-3708,Brand Manager,manager,Wheatfield Nutrition,wheatfieldnutrition.co,22,Food & Beverage,United States,apollo,2026-06-08,2026-04-18,linkedin,,refresh-midmarket-jun,booked,,
C100705,Joshua,Patel,joshuap@argentum.io,https://linkedin.com/in/joshua-patel-6094,Head of Marketing,head,Argentum,argentum.io,180,Cybersecurity,United States,linkedin_scrape,2025-09-16,,,,,,,
C100706,Rafael,Choi,rafael.choi@kelpforest.co,https://linkedin.com/in/rafael-choi-1929,Co-Founder & CEO,cxo,Kelpforest,kelpforest.co,95,Consumer Goods,United States,list_upload,2026-06-12,2026-06-10,email,noblehq.io,geo-agency-may,no_reply,subscriber,
C100707,Jihoon,Ferrari,jihoon.ferrari@nexuscoresystems.co,https://linkedin.com/in/jihoon-ferrari-9374,Director of Growth,director,Nexuscore Systems,nexuscoresystems.co,180,Cybersecurity,United States,apollo,2026-06-15,,,,,,,
C100708,Christina,Rossi,crossi@sagebrushco.co,https://linkedin.com/in/christina-rossi-7956,Content Marketing Manager,manager,Sagebrush & Co,sagebrushco.co,70,Health & Wellness,United States,apollo,2026-05-13,,,,,,,
C100709,Beatriz,Nelson,bnelson@northlightmedia.co,https://linkedin.com/in/beatriz-nelson-8919,Marketing Operations Manager,manager,Northlight Media,northlightmedia.co,45,Marketing Agency,Singapore,apollo,2025-08-15,,,,,,subscriber,
C100710,Aisha,Okafor,aisha.okaforglasswingsoftware.app,https://linkedin.com/in/aisha-okafor-3020,Head of Content,head,Glasswing Software,glasswingsoftware.app,450,Cybersecurity,United States,list_upload,2026-03-23,,,,,,,
C100711,Laura,Taylor,laura_taylor@terracottagoods.co,https://linkedin.com/in/laura-taylor-8048,Marketing Director,director,Terracotta Goods,terracottagoods.co,22,Food & Beverage,United States,apollo,2026-03-05,,,,,,lead,
C100712,Piotr,Jones,piotr_jones@palmwoodco.shop,https://linkedin.com/in/piotr-jones-7367,Head of Digital,head,Palmwood & Co,palmwoodco.shop,12,Beauty & Personal Care,Singapore,partner_referral,2026-02-19,,,,,,customer,active Noble account
C100713,Xiu,Byrne,xiu_byrne@helixware.io,https://linkedin.com/in/xiu-byrne-9451,AEO Lead,manager,Helixware,helixware.io,310,Martech,United States,clay,2025-07-05,,,,,,,
C100714,Pieter,Suzuki,pieters@amberfieldgoods.com,https://linkedin.com/in/pieter-suzuki-3291,Brand Manager,manager,Amberfield Goods,amberfieldgoods.com,22,Home Goods,United States,clay,2025-07-11,2026-04-14,email,noblehq.io,aeo-saas-jul,opened_no_reply,,
C100715,Valentina,Fitzgerald,valentina@alderpoint.ai,https://linkedin.com/in/valentina-fitzgerald-1242,Founder,cxo,Alderpoint,alderpoint.ai,28,Martech,United States,list_upload,2025-07-08,2026-07-17,linkedin,,aeo-saas-jul,bounced,,
C100716,Chloe,Malhotra,cmalhotra@foldworkmarketing.co,https://linkedin.com/in/chloe-malhotra-9161,Head of Partnerships,head,Foldwork Marketing,foldworkmarketing.co,90,Marketing Agency,United States,apollo,2025-09-20,2026-05-09,email,getnoble.io,aeo-saas-jul,replied_positive,lead,
C100717,Valentina,Lopez,valentinal@keystone.co,https://linkedin.com/in/valentina-lopez-8739,Head of Communications,head,Keystone,keystone.co,450,HR Tech,Singapore,apollo,2026-06-22,,,,,,subscriber,
C100718,Omar,Thompson,omar@trellismarketing.com,https://linkedin.com/in/omar-thompson-7905,PR Manager,manager,Trellis Marketing,trellismarketing.com,8,PR Agency,United States,apollo,2025-09-22,,,,,,lead,
C100719,Hannah,Ryan,hryan@northlightmedia.co,https://linkedin.com/in/hannah-ryan-6329,Director of Growth,director,Northlight Media,northlightmedia.co,45,PR Agency,United States,clay,2026-02-18,,,,,,,
C100720,Jessica,O'Brien,jessica@brightvale.io,https://linkedin.com/in/jessica-obrien-9736,Head of Organic Growth,head,Brightvale,brightvale.io,1400,HR Tech,Canada,list_upload,2026-04-06,2025-12-18,email,noblehq.io,aeo-saas-jul,no_reply,,
C100721,Layla,Andersen,layla_andersen@elmstreetsystems.com,https://linkedin.com/in/layla-andersen-1173,Director of Content,director,Elmstreet Systems,elmstreetsystems.com,450,Martech,United States,apollo,2026-05-24,,,,,,,
C100722,Rachel,Jones,rjones@duskwood.com,https://linkedin.com/in/rachel-jones-6370,Co-Founder & CEO,cxo,Duskwood,duskwood.com,140,Consumer Goods,Germany,apollo,2026-04-22,,,,,,,
C100723,Chen,Perez,chen.perez@ironwillowhome.com,https://linkedin.com/in/chen-perez-8570,Marketing Director,director,Ironwillow Home,ironwillowhome.com,140,Apparel,Germany,apollo,2026-03-02,2026-04-28,email,getnoble.io,linkedin-seo-leads-jun,no_reply,,
C100724,Lucas,Patel,l.patel@kindredgroup.io,https://linkedin.com/in/lucas-patel-8932,Head of Content,head,Kindred Group,kindredgroup.io,65,SEO Agency,United States,apollo,2025-12-20,,,,,,opportunity,
C100725,Matthew,Andersen,matthewa@orchardlynutrition.com,https://linkedin.com/in/matthew-andersen-7071,Head of Ecommerce,head,Orchardly Nutrition,orchardlynutrition.com,48,Consumer Goods,United States,apollo,2025-08-28,,,,,,,
C100726,Ingrid,Ferreira,ingrid_ferreira@amberfieldgoods.com,https://linkedin.com/in/ingrid-ferreira-2349,Co-Founder & CEO,cxo,Amberfield Goods,amberfieldgoods.com,22,Health & Wellness,United Kingdom,apollo,2026-05-15,2026-07-02,email,getnoble.io,refresh-midmarket-jun,replied_positive,,
C100727,Michael,Zhao,michael.zhao@wildrootcollective.com,https://linkedin.com/in/michael-zhao-2493,Head of Ecommerce,head,Wildroot Collective,wildrootcollective.com,400,Supplements,United States,apollo,2025-07-16,2026-01-31,linkedin,,geo-agency-may,no_reply,,
C100728,Samuel,Nair,samuel.nair@waypointhqhq.app,https://linkedin.com/in/samuel-nair-6512,Founder,cxo,Waypointhq HQ,waypointhqhq.app,45,SaaS,United States,clay,2025-06-24,,,,,,,
C100729,Laura,Malhotra,laura_malhotra@birchmoorgoods.com,https://linkedin.com/in/laura-malhotra-9793,Director of Demand Gen,director,Birchmoor Goods,birchmoorgoods.com,400,Home Goods,United States,apollo,2026-02-04,,,,,,marketingqualifiedlead,
C100730,Emily,Anderson,emily_anderson@solsticehq.ai,https://linkedin.com/in/emily-anderson-1978,Content Marketing Manager,manager,Solstice HQ,solsticehq.ai,45,Data & Analytics,United States,clay,2026-05-11,2026-01-14,email,noblehq.io,geo-agency-may,opened_no_reply,,
C100731,Emily,Zhang,emilyz@vertexly.app,https://linkedin.com/in/emily-zhang-4859,PR Manager,manager,Vertexly,vertexly.app,45,SaaS,United States,partner_referral,2026-02-24,2026-07-05,email,trynoble.co,aeo-saas-jul,no_reply,,
C100732,Adam,Johnson,adam.johnson@meadowlarknutrition.com,https://linkedin.com/in/adam-johnson-3061,Content Marketing Manager,manager,Meadowlark Nutrition,meadowlarknutrition.com,280,Consumer Goods,United States,apollo,2026-05-07,2026-05-07,linkedin,,refresh-midmarket-jun,no_reply,,
C100733,Tomas,Sharma,tomas.sharma@zenithlyhq.io,https://linkedin.com/in/tomas-sharma-8726,Senior SEO Specialist,ic,Zenithly HQ,zenithlyhq.io,120,B2B Software,United States,apollo,2025-12-02,,,,,,lead,
C100734,Sanne,Wu,swu@vertexly.app,https://linkedin.com/in/sanne-wu-7867,Director of Acquisition,director,Vertexly,vertexly.app,45,Cybersecurity,United Kingdom,apollo,2026-02-13,2025-11-15,email,noble-outreach.com,aeo-saas-q2,no_reply,opportunity,
C100735,Eric,Andersen,erica@petalwiseco.com,https://linkedin.com/in/eric-andersen-5201,Affiliate Marketing Manager,manager,Petalwise & Co,petalwiseco.com,140,Health & Wellness,United Kingdom,apollo,2026-02-27,,,,,,,
C100736,Amanda,Young,amanday@quillfeatherwellness.com,https://linkedin.com/in/amanda-young-941,Head of Digital,head,Quillfeather Wellness,quillfeatherwellness.com,200,Health & Wellness,United States,clay,2025-10-14,,,,,,,
C100737,Bruno,Lewis,blewis@tideworksai.io,https://linkedin.com/in/bruno-lewis-4869,Head of Partnerships,head,Tideworks AI,tideworksai.io,180,B2B Software,United States,clay,2025-09-19,,,,,,lead,
C100738,Camila,Williams,camila.williams@wavelengthgroup.agency,https://linkedin.com/in/camila-williams-6670,Demand Generation Manager,manager,Wavelength Group,wavelengthgroup.agency,130,Digital Agency,United States,apollo,2026-04-07,,,,,,lead,
C100739,Justin,Rodriguez,j.rodriguez@kindredgroup.io,https://linkedin.com/in/justin-rodriguez-8530,Demand Generation Manager,manager,Kindred Group,kindredgroup.io,65,PR Agency,United States,apollo,2026-03-29,2026-04-20,email,noble-outreach.com,aeo-saas-q2,bounced,,
C100740,Ashley,Quinn,ashley@compassmarketing.com,https://linkedin.com/in/ashley-quinn-5160,Digital Marketing Specialist,ic,Compass Marketing,compassmarketing.com,45,Marketing Agency,United States,apollo,2025-10-27,,,,,,subscriber,
C100741,Tomas,Otieno,tomas.otieno@silverbrookplatform.com,https://linkedin.com/in/tomas-otieno-2306,Digital Marketing Specialist,ic,Silverbrook Platform,silverbrookplatform.com,240,Developer Tools,United States,apollo,2026-01-21,,,,,,,
C100742,Xiu,Costa,xcosta@fathomlyplatform.com,https://linkedin.com/in/xiu-costa-2629,Head of SEO,head,Fathomly Platform,fathomlyplatform.com,1400,Developer Tools,United States,apollo,2026-05-01,2026-02-27,email,getnoble.io,linkedin-seo-leads-jun,no_reply,,
C100743,Samuel,Nielsen,samuel.nielsen@umberstonebeauty.com,https://linkedin.com/in/samuel-nielsen-5290,Director of Acquisition,director,Umberstone Beauty,umberstonebeauty.com,140,Beauty & Personal Care,United States,clay,2025-10-05,,,,,,marketingqualifiedlead,
C100744,Tomas,Desai,tdesai@everbloom.shop,https://linkedin.com/in/tomas-desai-6577,Senior SEO Specialist,ic,Everbloom,everbloom.shop,48,Supplements,United States,clay,2026-03-20,2026-02-27,email,getnoble.io,geo-agency-may,replied_negative,,
C100745,Priya,Thomas,priya@oakhausmarketing.agency,https://linkedin.com/in/priya-thomas-2820,Head of Growth,head,Oakhaus Marketing,oakhausmarketing.agency,90,Marketing Agency,United States,clay,2025-12-26,2026-06-08,email,getnoble.io,aeo-consumer-jun,opened_no_reply,,
C100746,Sakura,Tanaka,sakura_tanaka@inkwellsoftware.com,https://linkedin.com/in/sakura-tanaka-9300,Content Marketing Manager,manager,Inkwell Software,inkwellsoftware.com,310,B2B Software,United States,apollo,2025-07-08,2026-06-15,email,getnoble.io,refresh-midmarket-jun,opened_no_reply,,
C100747,Amanda,Doyle,a.doyle@anchorlinesoftware.com,https://linkedin.com/in/amanda-doyle-5959,Performance Marketing Manager,manager,Anchorline Software,anchorlinesoftware.com,620,Fintech,United States,list_upload,2025-07-29,2025-11-24,email,noblehq.io,aeo-saas-jul,no_reply,,
C100748,Karthik,Kowalski,kkowalski@blueprintlabs.co,https://linkedin.com/in/karthik-kowalski-6559,Senior SEO Specialist,ic,Blueprint Labs,blueprintlabs.co,45,Fintech,United States,apollo,2026-01-12,2026-05-01,email,noblehq.io,aeo-consumer-jun,opened_no_reply,marketingqualifiedlead,
C100749,Megan,Sanchez,megans@copperlinehq.com,https://linkedin.com/in/megan-sanchez-1622,Head of Partnerships,head,Copperline HQ,copperlinehq.com,900,SaaS,Canada,apollo,2025-09-17,2025-12-10,email,noblehq.io,aeo-saas-jul,replied_positive,,
C100750,Andrew,Fischer,afischer@clearwaterplatform.com,https://linkedin.com/in/andrew-fischer-462,Senior SEO Specialist,ic,Clearwater Platform,clearwaterplatform.com,1400,B2B Software,United States,inbound_form,2026-03-03,,,,,,,
C100751,Katherine,Wang,katherine.wang@argentum.io,https://linkedin.com/in/katherine-wang-2320,Head of Content,head,Argentum,argentum.io,180,Data & Analytics,United States,apollo,2025-09-30,,,,,,,
C100752,Emeka,Fischer,e.fischer@kindredgroup.io,https://linkedin.com/in/emeka-fischer-848,Head of Demand Generation,head,Kindred Group,kindredgroup.io,65,Marketing Agency,United States,apollo,2026-01-07,2026-05-20,linkedin,,linkedin-seo-leads-jun,no_reply,,
C100753,Sakura,Hernandez,shernandez@longshorepartners.agency,https://linkedin.com/in/sakura-hernandez-9679,Head of Marketing,head,Longshore Partners,longshorepartners.agency,45,SEO Agency,Germany,apollo,2026-06-03,,,,,,lead,
C100754,Renata,Flores,rflores@kelpforest.co,https://linkedin.com/in/renata-flores-1600,PR Manager,manager,Kelpforest,kelpforest.co,95,Beauty & Personal Care,Netherlands,apollo,2025-11-04,,,,,,lead,
C100755,Nora,Kobayashi,n.kobayashi@cirruspointai.io,https://linkedin.com/in/nora-kobayashi-14,Head of Marketing,head,Cirruspoint AI,cirruspointai.io,45,HR Tech,United States,apollo,2026-04-11,,,,,,,
C100756,Wei,Lee,w.lee@fathomlyplatform.com,https://linkedin.com/in/wei-lee-40,Growth Marketing Manager,manager,Fathomly Platform,fathomlyplatform.com,1400,Developer Tools,United States,apollo,2025-11-25,,,,,,,
C100757,Tomas,Ferrari,tomasf@compassmarketing.com,https://linkedin.com/in/tomas-ferrari-2995,Head of Communications,head,Compass Marketing,compassmarketing.com,45,Marketing Agency,United Kingdom,clay,2025-07-05,2025-11-17,email,noble-outreach.com,aeo-consumer-jun,no_reply,,
C100758,Yusuf,Flores,yusuf@brightvale.io,https://linkedin.com/in/yusuf-flores-9942,Performance Marketing Manager,manager,Brightvale,brightvale.io,1400,HR Tech,Singapore,clay,2025-08-03,,,,,,,
C100759,Camila,Ramirez,camila.ramirez@novafoldsoftware.com,https://linkedin.com/in/camila-ramirez-4777,Performance Marketing Manager,manager,Novafold Software,novafoldsoftware.com,28,Cybersecurity,United States,clay,2025-07-03,,,,,,lead,
C100760,Jing,Robinson,jingr@crestlinesoftware.com,https://linkedin.com/in/jing-robinson-6013,Marketing Operations Manager,manager,Crestline Software,crestlinesoftware.com,240,HR Tech,United Kingdom,linkedin_scrape,2026-06-22,,,,,,,
C100761,Emily,Iyer,e.iyer@everbloom.shop,https://linkedin.com/in/emily-iyer-8888,Growth Marketing Manager,manager,Everbloom,everbloom.shop,48,Health & Wellness,Australia,apollo,2026-02-26,,,,,,,
C100762,Olivia,Jensen,ojensen@vertexly.app,https://linkedin.com/in/olivia-jensen-5705,Performance Marketing Manager,manager,Vertexly,vertexly.app,45,Developer Tools,Spain,apollo,2025-08-03,,,,,,,
C100763,Kevin,Miller,kevin_miller@kindredgroup.io,https://linkedin.com/in/kevin-miller-6964,Technical SEO Manager,manager,Kindred Group,kindredgroup.io,65,Marketing Agency,United States,apollo,2025-12-06,,,,,,,
C100764,Elias,White,elias@flintlocksoftware.com,https://linkedin.com/in/elias-white-4040,Head of Communications,head,Flintlock Software,flintlocksoftware.com,240,Martech,United States,list_upload,2025-09-18,,,,,,,
C100765,Freja,Doyle,freja@basecamp9.ai,https://linkedin.com/in/freja-doyle-3355,Director of Demand Gen,director,Basecamp9,basecamp9.ai,450,B2B Software,United States,clay,2026-04-20,,,,,,,
C100766,Zainab,Fischer,z.fischer@ironbridge.com,https://linkedin.com/in/zainab-fischer-5596,Director of Acquisition,director,Ironbridge,ironbridge.com,900,Data & Analytics,United States,apollo,2025-07-10,,,,,,,
C100767,Xiu,Muller,xiu.muller@beaconworkslabs.com,https://linkedin.com/in/xiu-muller-1851,Demand Generation Manager,manager,Beaconworks Labs,beaconworkslabs.com,45,Cybersecurity,United States,apollo,2025-12-10,,,,,,,
C100768,LARISSA,Rossi,  LARISSA.ROSSI@MOSAICLYSYSTEMS.IO ,https://linkedin.com/in/larissa-rossi-3414,Growth Marketing Manager,manager,Mosaicly Systems,mosaiclysystems.io,450,Cybersecurity,United States,apollo,2025-08-19,,,,,,,
C100769,Rafael,Costa,r.costa@hammersmithstudio.co,https://linkedin.com/in/rafael-costa-763,Head of Communications,head,Hammersmith Studio,hammersmithstudio.co,65,Digital Agency,India,clay,2025-11-12,,,,,,,
C100770,Isabella,White,iwhite@jasmindale.com,https://linkedin.com/in/isabella-white-9544,Head of SEO,head,Jasmindale,jasmindale.com,48,Apparel,United States,apollo,2025-10-13,,,,,,,
C100771,Sakura,Watanabe,s.watanabe@meadowlarknutrition.com,https://linkedin.com/in/sakura-watanabe-5673,Director of Content,director,Meadowlark Nutrition,meadowlarknutrition.com,280,Consumer Goods,United States,inbound_form,2025-11-01,2026-06-06,email,noblehq.io,aeo-saas-jul,no_reply,,
C100772,Sanne,Hansen,sanne.hansen@beaconworkslabs.com,https://linkedin.com/in/sanne-hansen-3664,Director of Demand Gen,director,Beaconworks Labs,beaconworkslabs.com,45,HR Tech,United States,linkedin_scrape,2025-06-26,2025-11-28,email,getnoble.io,linkedin-seo-leads-jun,bounced,,hard bounce - 550 no such user
C100773,Takashi,Moore,takashi_moore@nightjarhome.com,https://linkedin.com/in/takashi-moore-5265,Head of Marketing,head,Nightjar Home,nightjarhome.com,280,Beauty & Personal Care,United States,list_upload,2025-10-10,,,,,,,
C100774,Folake,Sun,fsun@oakhausmarketing.agency,https://linkedin.com/in/folake-sun-5952,VP of Marketing,vp,Oakhaus Marketing,oakhausmarketing.agency,90,SEO Agency,United States,partner_referral,2025-12-19,,,,,,subscriber,
C100775,Anders,Hernandez,anders.hernandez@hammersmithstudio.co,https://linkedin.com/in/anders-hernandez-5078,Head of SEO,head,Trellis Marketing,trellismarketing.com,8,Digital Agency,Spain,apollo,2025-11-11,,,,,,,enrichment mismatch
C100776,Diego,Jackson,diego_jackson@cobaltsoftware.app,https://linkedin.com/in/diego-jackson-4037,AEO Lead,manager,Cobalt Software,cobaltsoftware.app,28,SaaS,United States,apollo,2026-05-14,,,,,,marketingqualifiedlead,
C100777,Ingrid,Moore,ingrid_moore@yardstickhq.com,https://linkedin.com/in/ingrid-moore-6726,Director of Acquisition,director,Yardstick HQ,yardstickhq.com,310,B2B Software,Brazil,apollo,2026-04-29,,,,,,,
C100778,Emeka,Zhou,emeka.zhou@fieldnotesmarketing.io,https://linkedin.com/in/emeka-zhou-6865,Marketing Operations Manager,manager,Fieldnotes Marketing,fieldnotesmarketing.io,14,PR Agency,United States,partner_referral,2026-01-23,2026-03-31,email,noble-outreach.com,geo-agency-may,opened_no_reply,,
C100779,Felipe,Lee,felipel@driftwood.co,https://linkedin.com/in/felipe-lee-6167,Head of Marketing,head,Driftwood,driftwood.co,620,Fintech,United States,clay,2026-04-11,2025-12-29,email,noble-outreach.com,aeo-saas-jul,booked,,
C100780,Megan,Kowalski,megan_kowalski@latitudeone.ai,https://linkedin.com/in/megan-kowalski-716,Director of Acquisition,director,Latitudeone,latitudeone.ai,620,SaaS,Brazil,apollo,2025-11-28,,,,,,lead,
C100781,Isabella,Brown,isabellab@emberlyai.io,https://linkedin.com/in/isabella-brown-7933,Head of Organic Growth,head,Emberly AI,emberlyai.io,180,Fintech,United States,apollo,2025-12-11,,,,,,,
C100782,Yuki,Sanchez,yukis@zenithlyhq.io,https://linkedin.com/in/yuki-sanchez-4143,Founder,cxo,Zenithly HQ,zenithlyhq.io,120,Fintech,United States,apollo,2025-11-01,,,,,,,
C100783,Karthik,Souza,ksouza@wheatfieldnutrition.co,https://linkedin.com/in/karthik-souza-7175,Technical SEO Manager,manager,Wheatfield Nutrition,wheatfieldnutrition.co,22,Beauty & Personal Care,United States,apollo,2025-10-10,,,,,,,
C100784,Minjun,Silva,minjun_silva@hubspot.com,https://linkedin.com/in/minjun-silva-1424,Head of SEO,head,HubSpot,hubspot.com,340,Cybersecurity,United States,apollo,2026-05-27,,,,,,,
C100785,Jessica,Jung,jessica_jung@foundryhqsoftware.com,https://linkedin.com/in/jessica-jung-2303,Technical SEO Manager,manager,Foundryhq Software,foundryhqsoftware.com,1400,Data & Analytics,United States,list_upload,2025-09-05,,,,,,,
C100786,Kwame,Martinez,k.martinez@brightvale.io,https://linkedin.com/in/kwame-martinez-599,Head of Communications,head,Brightvale,brightvale.io,1400,HR Tech,United States,apollo,2026-06-05,,,,,,,
C100787,Sanjay,Otieno,s.otieno@longshorepartners.agency,https://linkedin.com/in/sanjay-otieno-5424,SEO Manager,manager,Longshore Partners,longshorepartners.agency,45,Digital Agency,United States,clay,2026-03-23,2025-11-12,email,trynoble.co,aeo-saas-jul,no_reply,,
C100788,Bruno,Gallagher,bruno@inkwellsoftware.com,https://linkedin.com/in/bruno-gallagher-8641,Content Marketing Manager,manager,Inkwell Software,inkwellsoftware.com,310,Data & Analytics,Germany,apollo,2026-01-05,,,,,,marketingqualifiedlead,
C100789,Freja,Johnson,f.johnson@meadowlarknutrition.com,https://linkedin.com/in/freja-johnson-4382,AEO Lead,manager,Meadowlark Nutrition,meadowlarknutrition.com,280,Health & Wellness,United States,inbound_form,2025-11-07,2025-12-18,linkedin,,refresh-midmarket-jun,opened_no_reply,,
C100790,Megan,Schmidt,m.schmidt@flintlocksoftware.com,https://linkedin.com/in/megan-schmidt-2522,VP of Marketing,vp,Flintlock Software,flintlocksoftware.com,240,B2B Software,United Kingdom,clay,2026-01-08,2025-11-27,linkedin,,refresh-midmarket-jun,no_reply,,
C100791,Yuki,Nowak,yuki@signalpathai.com,https://linkedin.com/in/yuki-nowak-292,Head of Digital,head,Signalpath AI,signalpathai.com,1400,Martech,Netherlands,apollo,2026-01-04,,,,,,,
C100792,Joshua,Kobayashi,j.kobayashi@brightsparkdigital.com,https://linkedin.com/in/joshua-kobayashi-7030,PR Manager,manager,Brightspark Digital,brightsparkdigital.com,8,PR Agency,Spain,apollo,2025-07-31,,,,,,lead,
C100793,Chen,Hall,chen@fathomlyplatform.com,https://linkedin.com/in/chen-hall-7143,Head of Organic Growth,head,Fathomly Platform,fathomlyplatform.com,1400,Developer Tools,United States,apollo,2026-06-16,,,,,,,
C100794,Ryan,Clark,ryan.clark@superbloomstudio.com,https://linkedin.com/in/ryan-clark-9384,Marketing Operations Manager,manager,Superbloom Studio,superbloomstudio.com,32,Digital Agency,United Kingdom,linkedin_scrape,2025-11-30,,,,,,,
C100795,Larissa,Davis,l.davis@mercury9agency.com,https://linkedin.com/in/larissa-davis-6363,PR Manager,manager,Mercury9 Agency,mercury9agency.com,45,SEO Agency,United States,clay,2026-04-18,,,,,,lead,
C100796,Rohan,Ramirez,rohan_ramirez@crestlinesoftware.com,https://linkedin.com/in/rohan-ramirez-7152,Head of Growth,head,Crestline Software,crestlinesoftware.com,240,Developer Tools,India,linkedin_scrape,2025-12-30,2026-03-20,email,trynoble.co,linkedin-seo-leads-jun,unsubscribed,,replied: please stop emailing me
C100797,Adaeze,Brown,adaeze@foldworkmarketing.co,https://linkedin.com/in/adaeze-brown-7095,VP of Marketing,vp,Foldwork Marketing,foldworkmarketing.co,90,Marketing Agency,Germany,linkedin_scrape,2026-02-25,,,,,,lead,
C100798,Chloe,Nelson,chloe@brightsparkdigital.com,https://linkedin.com/in/chloe-nelson-2658,Head of Digital,head,Brightspark Digital,brightsparkdigital.com,8,Digital Agency,India,apollo,2025-07-25,,,,,,lead,
C100799,Sanne,Torres,sanne@gingerlily.co,https://linkedin.com/in/sanne-torres-3286,Head of SEO,head,Gingerlily,gingerlily.co,400,Home Goods,United States,clay,2025-08-06,,,,,,,
C100800,Tomas,Nielsen,tomas_nielsen@oakhausmarketing.agency,https://linkedin.com/in/tomas-nielsen-6303,AEO Lead,manager,Oakhaus Marketing,oakhausmarketing.agency,90,Marketing Agency,United States,apollo,2025-12-12,,,,,,,
C100801,Christopher,Chen,christopher.chen@umberstonebeauty.com,https://linkedin.com/in/christopher-chen-1898,Head of Marketing,head,Umberstone Beauty,umberstonebeauty.com,140,Supplements,United States,list_upload,2026-05-22,,,,,,,
C100802,Meera,Gupta,meera@goldleafco.co,https://linkedin.com/in/meera-gupta-6500,Content Marketing Manager,manager,Goldleaf & Co,goldleafco.co,70,Home Goods,United Kingdom,partner_referral,2026-06-11,,,,,,,
C100803,KWAME,Smith,  KWAME.SMITH@MERIDIANSYSTEMS.COM ,https://linkedin.com/in/kwame-smith-6177,Head of Demand Generation,head,Meridian Systems,meridiansystems.com,1400,Developer Tools,United States,apollo,2026-05-06,,,,,,,
C100804,Vikram,Martinez,vikram@zenithlyhq.io,https://linkedin.com/in/vikram-martinez-8942,Marketing Operations Manager,manager,Zenithly HQ,zenithlyhq.io,120,Fintech,United Kingdom,clay,2025-07-03,,,,,,,
C100805,Anja,Reddy,anja@rosewaterco.com,https://linkedin.com/in/anja-reddy-2329,CMO,cxo,Rosewater & Co,rosewaterco.com,140,Health & Wellness,United States,apollo,2026-06-01,,,,,,,
C100806,Kwame,Williams,kwame_williams@vertexly.app,https://linkedin.com/in/kwame-williams-8462,Head of Communications,head,Vertexly,vertexly.app,45,B2B Software,United States,apollo,2025-08-27,2026-05-23,email,getnoble.io,aeo-saas-jul,opened_no_reply,,
C100807,HARUTO,Mehta,  HARUTO.MEHTA@UMBERSTONEBEAUTY.COM ,https://linkedin.com/in/haruto-mehta-2586,Content Marketing Manager,manager,Umberstone Beauty,umberstonebeauty.com,140,Supplements,United States,partner_referral,2026-01-06,,,,,,,
C100808,Haruto,Mehta,haruto.mehta@umberstonebeauty.com,https://linkedin.com/in/haruto-mehta-3723,Growth Marketing Manager,manager,Umberstone Beauty,umberstonebeauty.com,140,Home Goods,Canada,apollo,2026-04-17,2026-02-19,email,getnoble.io,geo-agency-may,no_reply,,
C100809,Michael,Rossi,mrossi@rosewaterco.com,https://linkedin.com/in/michael-rossi-9729,Head of Growth,head,Rosewater & Co,rosewaterco.com,,Beauty & Personal Care,,linkedin_scrape,2026-06-10,,,,,,lead,
C100810,Fatima,Garcia,fgarcia@hazelnook.shop,https://linkedin.com/in/fatima-garcia-7049,SEO Lead,manager,Hazelnook,hazelnook.shop,70,Home Goods,Netherlands,inbound_form,2025-12-20,2026-01-09,email,noblehq.io,aeo-saas-jul,opened_no_reply,,
C100811,Stephanie,Scott,s.scott@goldleafco.co,https://linkedin.com/in/stephanie-scott-7183,Director of SEO,director,Goldleaf & Co,goldleafco.co,70,Apparel,United States,clay,2025-10-23,,,,,,,
C100812,Emily,Perez,eperez@ironbridge.com,https://linkedin.com/in/emily-perez-3231,Head of Communications,head,Ironbridge,ironbridge.com,900,Cybersecurity,United States,list_upload,2025-09-11,2026-01-10,email,trynoble.co,aeo-saas-jul,no_reply,,
C100813,Sarah,Bianchi,s.bianchi@trellismarketing.com,https://linkedin.com/in/sarah-bianchi-6842,SEO Manager,manager,Trellis Marketing,trellismarketing.com,8,Marketing Agency,United States,linkedin_scrape,2025-09-11,,,,,,,
C100814,Amara,White,a.white@lanterndigital.com,https://linkedin.com/in/amara-white-4553,Head of Organic Growth,head,Lantern Digital,lanterndigital.com,8,PR Agency,United States,inbound_form,2026-04-20,2026-04-23,email,noblehq.io,geo-agency-may,no_reply,,
C100815,Nathan,Clark,nclark@alderpoint.ai,https://linkedin.com/in/nathan-clark-2454,Head of Growth,head,Alderpoint,alderpoint.ai,28,HR Tech,United Kingdom,clay,2025-10-15,2026-07-17,linkedin,,refresh-midmarket-jun,replied_negative,,
C100816,Omar,Kelly,o.kelly@fieldnotesmarketing.io,https://linkedin.com/in/omar-kelly-3181,Co-Founder & CEO,cxo,Fieldnotes Marketing,fieldnotesmarketing.io,14,Marketing Agency,United States,apollo,2025-08-19,,,,,,opportunity,
C100817,Tomas,Santos,tomas_santos@vertexly.app,https://linkedin.com/in/tomas-santos-1735,Marketing Operations Manager,manager,Vertexly,vertexly.app,45,HR Tech,United States,list_upload,2026-06-20,2026-01-10,linkedin,,geo-agency-may,no_reply,subscriber,
C100818,Ngozi,Rodriguez,ngozir@yarrowhillsupply.shop,https://linkedin.com/in/ngozi-rodriguez-4378,Director of Content,director,Yarrowhill Supply,yarrowhillsupply.shop,200,Health & Wellness,United Kingdom,apollo,2026-02-20,2025-11-22,email,trynoble.co,aeo-consumer-jun,opened_no_reply,marketingqualifiedlead,
C100819,Daniel,Adeyemi,daniel.adeyemi@cadenceio.io,https://linkedin.com/in/daniel-adeyemi-5093,Performance Marketing Manager,manager,Cadenceio,cadenceio.io,45,B2B Software,United States,inbound_form,2026-06-17,2026-01-31,email,noblehq.io,geo-agency-may,no_reply,,
C100820,Andrew,Kowalski,andrewk@beaconworkslabs.com,https://linkedin.com/in/andrew-kowalski-4765,Director of Growth,director,Beaconworks Labs,beaconworkslabs.com,45,HR Tech,United States,clay,2025-11-26,2025-12-03,email,getnoble.io,linkedin-seo-leads-jun,no_reply,,
C100821,Adaeze,Thompson,adaeze_thompson@cirruspointai.io,https://linkedin.com/in/adaeze-thompson-2776,Growth Marketing Manager,manager,Cirruspoint AI,cirruspointai.io,45,SaaS,United States,apollo,2025-07-21,,,,,,,
C100822,Yuki,Malhotra,yuki_malhotra@silverbrookplatform.com,https://linkedin.com/in/yuki-malhotra-4968,Founder,cxo,Silverbrook Platform,silverbrookplatform.com,240,Cybersecurity,Singapore,list_upload,2025-10-08,,,,,,lead,
C100823,Priya,Kim,p.kim@signalpathai.com,https://linkedin.com/in/priya-kim-3119,Head of Demand Generation,head,Signalpath AI,signalpathai.com,1400,Data & Analytics,United States,list_upload,2025-06-19,2025-11-16,email,getnoble.io,aeo-saas-jul,opened_no_reply,lead,
C100824,Lucas,Martinez,lucas_martinez@threadbarepartners.co,https://linkedin.com/in/lucas-martinez-6442,Head of Growth,head,Threadbare Partners,threadbarepartners.co,130,Marketing Agency,United States,apollo,2025-07-12,,,,,,lead,
C100825,Rebecca,Wang,r.wang@tideworksai.io,https://linkedin.com/in/rebecca-wang-3704,Head of Content,head,Tideworks AI,tideworksai.io,180,Fintech,United States,apollo,2026-01-18,,,,,,subscriber,
C100826,Sanjay,Adeyemi,sadeyemi@nimbusworksplatform.co,https://linkedin.com/in/sanjay-adeyemi-7458,Chief Growth Officer,cxo,Nimbusworks Platform,nimbusworksplatform.co,1400,SaaS,United Kingdom,apollo,2025-12-11,,,,,,,
C100827,Justin,Jung,justin_jung@vertexly.app,https://linkedin.com/in/justin-jung-8732,SEO Lead,manager,Vertexly,vertexly.app,45,Martech,United States,apollo,2025-06-23,2025-12-09,email,getnoble.io,aeo-saas-q2,opened_no_reply,lead,
C100828,Chloe,Diallo,chloed@goldleafco.co,https://linkedin.com/in/chloe-diallo-4141,Demand Generation Manager,manager,Goldleaf & Co,goldleafco.co,70,Beauty & Personal Care,United States,apollo,2025-08-12,,,,,,lead,
C100829,Neha,Kelly,neha@threadbarepartners.co,https://linkedin.com/in/neha-kelly-4010,Head of Content,head,Threadbare Partners,threadbarepartners.co,130,Digital Agency,United States,apollo,2025-12-13,2026-06-13,email,trynoble.co,aeo-saas-jul,no_reply,,
C100830,Joshua,Clark,jclark@duskwood.com,https://linkedin.com/in/joshua-clark-3866,Performance Marketing Manager,manager,Duskwood,duskwood.com,140,Home Goods,United States,apollo,2026-06-09,,,,,,lead,
C100831,Brandon,Pereira,brandonp@nightjarhome.com,https://linkedin.com/in/brandon-pereira-1266,Founder,cxo,Nightjar Home,nightjarhome.com,280,Supplements,United States,apollo,2026-04-18,2026-01-30,email,trynoble.co,aeo-saas-q2,no_reply,opportunity,
C100832,,,info@wheatfieldnutrition.co,https://linkedin.com/in/--3068,,,Wheatfield Nutrition,wheatfieldnutrition.co,22,Consumer Goods,Germany,inbound_form,2025-10-28,,,,,,marketingqualifiedlead,
C100833,Takashi,Becker,takashi.becker@mossbankwellnesscom,https://linkedin.com/in/takashi-becker-136,Head of Communications,head,Mossbank Wellness,mossbankwellness.com,140,Apparel,Canada,list_upload,2026-01-01,,,,,,,
C100834,Layla,Park,l.park@yardstickhq.com,https://linkedin.com/in/layla-park-3913,Brand Manager,manager,Yardstick HQ,yardstickhq.com,310,SaaS,United States,clay,2026-06-24,,,,,,,
C100835,Rachel,Thompson,rachel.thompson@stacklinehq.com,https://linkedin.com/in/rachel-thompson-1938,Senior SEO Specialist,ic,Stackline HQ,stacklinehq.com,450,Developer Tools,United States,clay,2026-05-19,,,,,,,
C100836,Ethan,Martinez,emartinez@orderly.io,https://linkedin.com/in/ethan-martinez-311,SEO Lead,manager,Orderly,orderly.io,340,Developer Tools,Canada,list_upload,2026-05-01,,,,,,,
C100837,Mikkel,Lewis,mikkel@alderpoint.ai,https://linkedin.com/in/mikkel-lewis-2418,Head of SEO,head,Alderpoint,alderpoint.ai,28,Fintech,United States,apollo,2025-08-15,,,,,,opportunity,open opp - do not prospect
C100838,Larissa,Robinson,l.robinson@clearwaterplatform.com,https://linkedin.com/in/larissa-robinson-6121,Director of Growth,director,Clearwater Platform,clearwaterplatform.com,1400,Cybersecurity,United States,apollo,2026-06-03,2025-11-22,linkedin,,geo-agency-may,no_reply,,
C100839,Isaac,Smith,i.smith@stacklinehq.com,https://linkedin.com/in/isaac-smith-2761,Marketing Operations Manager,manager,Stackline HQ,stacklinehq.com,450,Developer Tools,United States,list_upload,2026-01-19,,,,,,,
C100840,Bruno,Kelly,bruno.kelly@inkwellsoftware.com,https://linkedin.com/in/bruno-kelly-3954,Head of Marketing,head,Inkwell Software,inkwellsoftware.com,310,Developer Tools,Germany,partner_referral,2025-07-21,2026-03-28,email,noble-outreach.com,aeo-saas-jul,unsubscribed,opportunity,
C100841,Yusuf,Fitzgerald,yusuf_fitzgerald@jasmindale.com,https://linkedin.com/in/yusuf-fitzgerald-5297,Head of Digital,head,Jasmindale,jasmindale.com,48,Apparel,United Kingdom,apollo,2025-09-16,2026-04-07,linkedin,,aeo-saas-q2,no_reply,subscriber,
C100842,Chen,Suzuki,csuzuki@halcyontechnologies.io,https://linkedin.com/in/chen-suzuki-1243,Head of Growth,head,Halcyon Technologies,halcyontechnologies.io,900,Martech,United States,list_upload,2025-10-13,,,,,,,
C100843,Magda,Novak,magda_novak@truenorthsoftware.com,https://linkedin.com/in/magda-novak-3699,Marketing Director,director,Truenorth Software,truenorthsoftware.com,450,Martech,United States,apollo,2026-02-12,,,,,,,
C100844,Omar,Wright,omar.wright@glasswingsoftware.app,https://linkedin.com/in/omar-wright-9956,Content Marketing Manager,manager,Glasswing Software,glasswingsoftware.app,450,Fintech,United States,apollo,2025-08-05,2026-02-13,linkedin,,linkedin-seo-leads-jun,no_reply,lead,
C100845,Adaeze,Zhou,adaeze.zhou@gmail.com,https://linkedin.com/in/adaeze-zhou-6351,Demand Generation Manager,manager,Lavenderly Wellness,lavenderlywellness.com,48,Home Goods,Australia,clay,2025-12-03,,,,,,,personal email captured from webinar signup
C100846,Yuki,Patel,y.patel@brightsparkdigital.com,https://linkedin.com/in/yuki-patel-422,Director of Demand Gen,director,Brightspark Digital,brightsparkdigital.com,8,Digital Agency,United States,clay,2026-05-23,,,,,,,
C100847,Folake,Wojcik,folake_wojcik@willowmerenutrition.com,https://linkedin.com/in/folake-wojcik-4185,Director of Acquisition,director,Willowmere Nutrition,willowmerenutrition.com,70,Food & Beverage,Canada,apollo,2025-12-13,,,,,,,
C100848,Neha,Sullivan,nsullivan@quantumleafhq.app,https://linkedin.com/in/neha-sullivan-3508,Head of Growth,head,Quantumleaf HQ,quantumleafhq.app,120,Martech,Spain,apollo,2026-01-30,,,,,,,
C100849,Sarah,Santos,sarah.santos@loopworkplatform.com,https://linkedin.com/in/sarah-santos-7992,Performance Marketing Manager,manager,Loopwork Platform,loopworkplatform.com,180,B2B Software,United Kingdom,apollo,2026-06-05,2026-02-09,linkedin,,refresh-midmarket-jun,opened_no_reply,lead,
C100850,Stephanie,Reddy,stephanie@hazelnook.shop,https://linkedin.com/in/stephanie-reddy-7451,SEO Manager,manager,Hazelnook,hazelnook.shop,70,Food & Beverage,United States,linkedin_scrape,2026-05-07,,,,,,opportunity,open opp - do not prospect
C100851,Laura,Byrne,l.byrne@brightvale.io,https://linkedin.com/in/laura-byrne-4339,Chief Growth Officer,cxo,Brightvale,brightvale.io,1400,B2B Software,United States,clay,2025-07-26,,,,,,,
C100852,Ingrid,Becker,i.becker@sunhavencollective.shop,https://linkedin.com/in/ingrid-becker-7710,Senior SEO Specialist,ic,Sunhaven Collective,sunhavencollective.shop,400,Food & Beverage,United States,apollo,2025-11-07,,,,,,,
C100853,Amara,Wilson,amaraw@stonepath.io,https://linkedin.com/in/amara-wilson-9806,VP of Marketing,vp,Stonepath,stonepath.io,120,HR Tech,United States,list_upload,2025-11-09,2026-01-15,email,trynoble.co,aeo-saas-jul,no_reply,lead,
C100854,Sanne,Smith,sanne.smith@clearwaterplatform.com,https://linkedin.com/in/sanne-smith-329,Demand Generation Manager,manager,Clearwater Platform,clearwaterplatform.com,1400,Fintech,United States,apollo,2026-01-14,,,,,,,
C100855,Yan,Martinez,yanm@oakhausmarketing.agency,https://linkedin.com/in/yan-martinez-9923,Technical SEO Manager,manager,Oakhaus Marketing,oakhausmarketing.agency,90,SEO Agency,Canada,apollo,2026-07-01,,,,,,,
C100856,Omar,Kapoor,okapoor@clearwaterplatform.com,https://linkedin.com/in/omar-kapoor-1677,Director of Content,director,Clearwater Platform,clearwaterplatform.com,1400,Fintech,United States,apollo,2026-03-21,,,,,,customer,
C100857,Diego,Becker,diego.becker@gmail.com,https://linkedin.com/in/diego-becker-7202,AEO Lead,manager,Kindred Group,kindredgroup.io,65,Marketing Agency,Australia,apollo,2026-04-06,,,,,,lead,personal email captured from webinar signup
C100858,Wei,Allen,weia@beelinestudio.io,https://linkedin.com/in/wei-allen-1548,Co-Founder & CEO,cxo,Beeline Studio,beelinestudio.io,90,Digital Agency,United States,apollo,2025-11-14,2026-06-08,email,noble-outreach.com,aeo-consumer-jun,opened_no_reply,,
C100859,David,Souza,david@oakhausmarketing.agency,https://linkedin.com/in/david-souza-2075,Director of Demand Gen,director,Oakhaus Marketing,oakhausmarketing.agency,90,SEO Agency,United Kingdom,apollo,2025-12-12,,,,,,,
C100860,Laura,Almeida,lauraa@harborview.co,https://linkedin.com/in/laura-almeida-8652,SEO Lead,manager,Harborview Systems,harborview.co,810,Fintech,United States,apollo,2026-03-27,2026-06-12,email,noble-outreach.com,linkedin-seo-leads-jun,bounced,customer,
C100861,Nora,Hansen,norah@highwatercollective.com,https://linkedin.com/in/nora-hansen-813,Senior SEO Specialist,ic,Highwater Collective,highwatercollective.com,65,Marketing Agency,Australia,list_upload,2025-08-29,,,,,,opportunity,
C100862,Yusuf,Kelly,yusufk@halcyontechnologies.io,https://linkedin.com/in/yusuf-kelly-5642,Marketing Director,director,Halcyon Technologies,halcyontechnologies.io,900,Developer Tools,Canada,apollo,2026-02-18,,,,,,,
C100863,Aisha,Pereira,aisha.pereira@gingerlily.co,https://linkedin.com/in/aisha-pereira-6924,Affiliate Marketing Manager,manager,Gingerlily,gingerlily.co,400,Beauty & Personal Care,United States,apollo,2025-07-30,,,,,,,
C100864,Mikkel,Byrne,mbyrne@quarryhq.com,https://linkedin.com/in/mikkel-byrne-4346,Growth Marketing Manager,manager,Quarryhq,quarryhq.com,85,Cybersecurity,United States,apollo,2025-10-25,,,,,,,
C100865,Christopher,Schmidt,christopher@riverstonepartners.agency,https://linkedin.com/in/christopher-schmidt-2285,Chief Growth Officer,cxo,Riverstone Partners,riverstonepartners.agency,90,SEO Agency,United States,apollo,2025-10-16,,,,,,,
C100866,Arjun,Sun,arjun_sun@nightjarhome.com,https://linkedin.com/in/arjun-sun-4004,Head of Organic Growth,head,Nightjar Home,nightjarhome.com,280,Beauty & Personal Care,United States,apollo,2026-05-13,,,,,,,
C100867,Andrew,Suzuki,asuzuki@vertexly.app,https://linkedin.com/in/andrew-suzuki-7621,Head of Marketing,head,Vertexly,vertexly.app,45,Fintech,India,partner_referral,2025-08-18,,,,,,,
C100868,Isaac,Torres,itorres@keystone.co,https://linkedin.com/in/isaac-torres-886,Brand Manager,manager,Keystone,keystone.co,450,SaaS,United States,clay,2026-03-21,,,,,,,
C100869,Ananya,Nowak,ananya_nowak@alderpoint.ai,https://linkedin.com/in/ananya-nowak-7864,Marketing Director,director,Alderpoint,alderpoint.ai,28,Data & Analytics,Netherlands,list_upload,2026-04-30,,,,,,lead,
C100870,Larissa,Reddy,lreddy@harborview.com,https://linkedin.com/in/larissa-reddy-3892,Director of SEO,director,Harborview,harborview.com,45,B2B Software,United States,partner_referral,2026-05-20,2026-02-10,email,noblehq.io,aeo-saas-jul,opened_no_reply,marketingqualifiedlead,
C100871,Sakura,Baker,sakurab@mercury9agency.com,https://linkedin.com/in/sakura-baker-2644,Director of Demand Gen,director,Mercury9 Agency,mercury9agency.com,45,Marketing Agency,United States,apollo,2026-06-22,,,,,,,
C100872,Divya,Jones,divya.jones@foldworkmarketing.co,https://linkedin.com/in/divya-jones-466,Marketing Director,director,Foldwork Marketing,foldworkmarketing.co,90,Digital Agency,United States,list_upload,2025-10-11,2026-02-19,email,noble-outreach.com,aeo-saas-jul,no_reply,opportunity,
C100873,Aaron,Moore,a.moore@orchardlynutrition.com,https://linkedin.com/in/aaron-moore-9182,Founder,cxo,Orchardly Nutrition,orchardlynutrition.com,48,Supplements,United Kingdom,clay,2025-10-06,,,,,,,
C100874,Divya,Miller,divya_miller@reedmarsh.com,https://linkedin.com/in/divya-miller-4155,SEO Manager,manager,Reedmarsh,reedmarsh.com,22,Consumer Goods,Australia,apollo,2026-03-08,,,,,,lead,
C100875,Lauren,Silva,lauren.silva@meridiansystems.com,https://linkedin.com/in/lauren-silva-824,Head of Communications,head,Meridian Systems,meridiansystems.com,1400,HR Tech,United Kingdom,clay,2026-02-13,2026-07-03,email,noble-outreach.com,aeo-saas-jul,replied_positive,,
C100876,Xiu,Iyer,xiu.iyer@lavenderlywellness.com,https://linkedin.com/in/xiu-iyer-6059,Co-Founder & CEO,cxo,Lavenderly Wellness,lavenderlywellness.com,48,Supplements,United Kingdom,apollo,2026-02-08,2025-12-03,email,trynoble.co,aeo-saas-q2,opened_no_reply,marketingqualifiedlead,
C100877,Emeka,Hansen,emeka.hansen@hammersmithstudio.co,https://linkedin.com/in/emeka-hansen-2292,Marketing Operations Manager,manager,Hammersmith Studio,hammersmithstudio.co,65,Marketing Agency,United States,apollo,2026-03-01,,,,,,marketingqualifiedlead,
C100878,Jihoon,Romano,jromano@quarryhq.com,https://linkedin.com/in/jihoon-romano-3680,Affiliate Marketing Manager,manager,Quarryhq,quarryhq.com,85,Fintech,United States,clay,2026-06-01,,,,,,,
C100879,Rafael,Adams,rafael@lavenderlywellness.com,https://linkedin.com/in/rafael-adams-2079,Technical SEO Manager,manager,Lavenderly Wellness,lavenderlywellness.com,48,Beauty & Personal Care,United Kingdom,clay,2025-09-25,,,,,,subscriber,
C100880,Hao,Romano,h.romano@vantagepoint.app,https://linkedin.com/in/hao-romano-7862,Marketing Director,director,Vantagepoint,vantagepoint.app,120,B2B Software,United States,clay,2026-06-03,,,,,,marketingqualifiedlead,
C100881,Pieter,Lewis,pieter_lewis@halogengroup.agency,https://linkedin.com/in/pieter-lewis-5319,Director of Acquisition,director,Halogen Group,halogengroup.agency,45,Marketing Agency,Australia,clay,2025-09-28,,,,,,,
C100882,Emeka,Scott,emeka_scott@honeycresthome.shop,https://linkedin.com/in/emeka-scott-5854,Head of Organic Growth,head,Honeycrest Home,honeycresthome.shop,35,Supplements,United States,apollo,2026-06-29,,,,,,,
C100883,,,team@silverbrookplatform.com,https://linkedin.com/in/--1023,,,Silverbrook Platform,silverbrookplatform.com,240,Martech,Canada,apollo,2026-02-15,,,,,,,
C100884,Aisha,Iyer,aishai@beelinestudio.io,https://linkedin.com/in/aisha-iyer-4386,Head of Growth,head,Beeline Studio,beelinestudio.io,90,PR Agency,Canada,apollo,2026-03-24,2026-06-23,email,noble-outreach.com,aeo-consumer-jun,no_reply,,
C100885,Laura,Kapoor,lkapoor@threadbarepartners.co,https://linkedin.com/in/laura-kapoor-9838,Founder,cxo,Threadbare Partners,threadbarepartners.co,130,SEO Agency,Singapore,apollo,2026-04-21,,,,,,,
C100886,Neha,Patel,neha.patel@rosewaterco.com,https://linkedin.com/in/neha-patel-3207,Director of Content,director,Rosewater & Co,rosewaterco.com,140,Consumer Goods,United States,list_upload,2026-06-06,,,,,,,
C100887,Kofi,Baker,kofi@junipercloud.com,https://linkedin.com/in/kofi-baker-1182,Demand Generation Manager,manager,Junipercloud,junipercloud.com,900,HR Tech,United States,apollo,2026-02-17,,,,,,,
C100888,Eric,Zhao,eric_zhao@fieldnotesmarketing.io,https://linkedin.com/in/eric-zhao-4770,Co-Founder & CEO,cxo,Fieldnotes Marketing,fieldnotesmarketing.io,14,PR Agency,United States,clay,2025-09-22,,,,,,marketingqualifiedlead,
C100889,Fatima,Quinn,f.quinn@oakhausmarketing.agency,https://linkedin.com/in/fatima-quinn-2151,Head of Partnerships,head,Oakhaus Marketing,oakhausmarketing.agency,90,PR Agency,United States,apollo,2026-04-28,2026-04-15,email,trynoble.co,linkedin-seo-leads-jun,no_reply,lead,
C100890,Ethan,Martin,ethan.martin@vantagepoint.app,https://linkedin.com/in/ethan-martin-4486,Digital Marketing Specialist,ic,Vantagepoint,vantagepoint.app,120,SaaS,United States,partner_referral,2026-05-26,,,,,,,
C100891,Ingrid,Gallagher,igallagher@glasswingsoftware.app,https://linkedin.com/in/ingrid-gallagher-1239,VP of Marketing,vp,Glasswing Software,glasswingsoftware.app,450,Data & Analytics,United States,apollo,2025-06-27,2025-11-20,linkedin,,aeo-consumer-jun,replied_negative,,
C100892,Zoe,Weber,z.weber@alderpoint.ai,https://linkedin.com/in/zoe-weber-3251,Head of SEO,head,Alderpoint,alderpoint.ai,28,B2B Software,United Kingdom,clay,2025-10-07,2026-07-13,email,noblehq.io,aeo-saas-jul,no_reply,lead,
C100893,Christopher,Romano,c.romano@ridgelinetechnologies.com,https://linkedin.com/in/christopher-romano-9346,Director of Acquisition,director,Ridgeline Technologies,ridgelinetechnologies.com,45,HR Tech,United States,apollo,2026-03-24,2026-06-10,linkedin,,linkedin-seo-leads-jun,opened_no_reply,,
C100894,Chidi,Zhou,chidiz@kindredgroup.io,https://linkedin.com/in/chidi-zhou-9608,Co-Founder & CEO,cxo,Kindred Group,kindredgroup.io,65,Marketing Agency,United States,apollo,2026-06-27,,,,,,,
C100895,Hannah,Garcia,hgarcia@blueprintlabs.co,https://linkedin.com/in/hannah-garcia-7190,Head of Organic Growth,head,Blueprint Labs,blueprintlabs.co,45,Cybersecurity,United States,list_upload,2025-09-10,2026-02-16,email,trynoble.co,refresh-midmarket-jun,bounced,opportunity,hard bounce - 550 no such user
C100896,Olivia,Lewis,olewis@trellismarketing.com,https://linkedin.com/in/olivia-lewis-881,Demand Generation Manager,manager,Trellis Marketing,trellismarketing.com,8,Digital Agency,United States,apollo,2026-03-21,2026-04-26,email,trynoble.co,aeo-saas-jul,opened_no_reply,lead,
C100897,Neha,Green,neha_green@zenithlyhq.io,https://linkedin.com/in/neha-green-5436,Co-Founder & CEO,cxo,Zenithly HQ,zenithlyhq.io,120,SaaS,United States,apollo,2026-03-01,2026-04-17,email,getnoble.io,aeo-consumer-jun,no_reply,,
C100898,Anja,Carvalho,anjac@meadowlarknutrition.com,https://linkedin.com/in/anja-carvalho-3399,Content Marketing Manager,manager,Meadowlark Nutrition,meadowlarknutrition.com,280,Home Goods,United Kingdom,apollo,2026-03-26,2026-02-03,email,noble-outreach.com,geo-agency-may,no_reply,,
C100899,Zoe,Yang,zoe@flintlocksoftware.com,https://linkedin.com/in/zoe-yang-3666,Marketing Director,director,Flintlock Software,flintlocksoftware.com,240,Fintech,United States,apollo,2025-11-28,,,,,,,
C100900,Sofia,Huang,sofia@cedarcrestnutrition.com,https://linkedin.com/in/sofia-huang-8881,Digital Marketing Specialist,ic,Cedarcrest Nutrition,cedarcrestnutrition.com,12,Consumer Goods,United States,apollo,2026-06-14,2026-04-22,email,noble-outreach.com,aeo-consumer-jun,no_reply,,
C100901,Renata,Kelly,rkelly@lanterndigital.com,https://linkedin.com/in/renata-kelly-8352,SEO Lead,manager,Lantern Digital,lanterndigital.com,8,PR Agency,United States,partner_referral,2025-10-25,,,,,,,
C100902,Tomas,Jung,tomas@foxgloveco.com,https://linkedin.com/in/tomas-jung-444,Founder,cxo,Foxglove & Co,foxgloveco.com,22,Food & Beverage,Canada,apollo,2025-11-02,,,,,,subscriber,
C100903,Caleb,Patel,calebp@copperkettlenutrition.com,https://linkedin.com/in/caleb-patel-1223,Co-Founder & CEO,cxo,Copperkettle Nutrition,copperkettlenutrition.com,70,Supplements,United States,apollo,2025-08-25,2026-02-01,email,getnoble.io,refresh-midmarket-jun,no_reply,,
C100904,Michael,Souza,michael_souza@foldworkmarketing.co,https://linkedin.com/in/michael-souza-9553,VP of Marketing,vp,Foldwork Marketing,foldworkmarketing.co,90,Digital Agency,United States,partner_referral,2026-03-16,2026-05-28,email,noble-outreach.com,geo-agency-may,no_reply,,
C100905,Greta,Walker,greta.walker@riverstonepartners.agency,https://linkedin.com/in/greta-walker-269,Director of SEO,director,Riverstone Partners,riverstonepartners.agency,90,SEO Agency,United States,list_upload,2026-06-27,2026-02-26,email,getnoble.io,linkedin-seo-leads-jun,no_reply,,
C100906,Rachel,Thomas,r.thomas@rosewaterco.com,https://linkedin.com/in/rachel-thomas-9155,AEO Lead,manager,Rosewater & Co,rosewaterco.com,140,Home Goods,United States,apollo,2025-06-21,,,,,,,
C100907,Minjun,Wu,minjun_wu@ashgrovenutrition.com,https://linkedin.com/in/minjun-wu-1623,Director of Acquisition,director,Ashgrove Nutrition,ashgrovenutrition.com,400,Apparel,United Kingdom,linkedin_scrape,2025-07-23,,,,,,,
C100908,Piotr,Traore,piotr@blueprintlabs.co,https://linkedin.com/in/piotr-traore-8138,VP of Marketing,vp,Blueprint Labs,blueprintlabs.co,45,Martech,United States,apollo,2025-10-25,,,,,,,
C100909,Ruby,Zhang,ruby@wheatfieldnutrition.co,https://linkedin.com/in/ruby-zhang-9317,Digital Marketing Specialist,ic,Wheatfield Nutrition,wheatfieldnutrition.co,22,Beauty & Personal Care,United States,apollo,2026-01-24,,,,,,,
C100910,David,Yang,david@solsticehq.ai,https://linkedin.com/in/david-yang-9670,Director of Content,director,Solstice HQ,solsticehq.ai,45,SaaS,United States,apollo,2026-03-23,,,,,,lead,
C100911,Emeka,Zhou,ezhou@fieldnotesmarketing.io,https://linkedin.com/in/emeka-zhou-289,Marketing Operations Manager,manager,Fieldnotes Marketing,fieldnotesmarketing.io,14,SEO Agency,United States,clay,2026-05-26,,,,,,,
C100912,Laura,Wang,laura_wang@cybernews.com,https://linkedin.com/in/laura-wang-8937,Managing Editor,head,Cybernews,cybernews.com,40,SaaS,Spain,clay,2026-02-10,2026-06-21,email,noblehq.io,publisher-outreach-jul,replied_negative,,publisher - active in Noble publisher program
C100913,Zoe,Kowalski,zkowalski@harborview.com,https://linkedin.com/in/zoe-kowalski-9202,AEO Lead,manager,Harborview,harborview.com,45,Martech,United Kingdom,clay,2026-04-20,2026-03-09,email,noblehq.io,aeo-saas-q2,no_reply,,
C100914,Eric,Oliveira,e.oliveira@blueprintlabs.co,https://linkedin.com/in/eric-oliveira-6121,AEO Lead,manager,Blueprint Labs,blueprintlabs.co,45,SaaS,Ireland,clay,2026-05-21,2026-06-28,email,noble-outreach.com,aeo-saas-jul,no_reply,,
C100915,Adam,Martinez,amartinez@rosewaterco.com,https://linkedin.com/in/adam-martinez-4620,AEO Lead,manager,Rosewater & Co,rosewaterco.com,140,Consumer Goods,United States,list_upload,2026-01-04,,,,,,,
C100916,Christina,Wang,christina@signalpathai.com,https://linkedin.com/in/christina-wang-8605,Head of Growth,head,Signalpath AI,signalpathai.com,1400,SaaS,United States,apollo,2025-10-01,,,,,,lead,
C100917,Adaeze,Malhotra,amalhotra@argentum.io,https://linkedin.com/in/adaeze-malhotra-8372,Director of Growth,director,Argentum,argentum.io,180,Data & Analytics,United States,apollo,2025-11-22,,,,,,,
C100918,Yusuf,Andersen,yusuf.andersen@kindredgroup.io,https://linkedin.com/in/yusuf-andersen-2593,Digital Marketing Specialist,ic,Kindred Group,kindredgroup.io,65,Marketing Agency,United States,apollo,2025-09-10,2026-04-01,email,getnoble.io,geo-agency-may,replied_negative,,
C100919,Amanda,Perez,amanda_perez@xenonlabscloud.com,https://linkedin.com/in/amanda-perez-3578,VP of Marketing,vp,Xenonlabs Cloud,xenonlabscloud.com,28,Cybersecurity,United States,list_upload,2026-01-04,,,,,,opportunity,
C100920,Lauren,Zhang,lauren_zhang@umbrahqsoftware.co,https://linkedin.com/in/lauren-zhang-3263,Digital Marketing Specialist,ic,Umbrahq Software,umbrahqsoftware.co,1400,Cybersecurity,United States,partner_referral,2025-10-23,,,,,,,
C100921,,,marketing@wavelengthgroup.agency,https://linkedin.com/in/--2902,,,Wavelength Group,wavelengthgroup.agency,130,PR Agency,United States,apollo,2026-05-07,2026-02-16,email,noble-outreach.com,aeo-saas-q2,no_reply,lead,
C100922,Marieke,Allen,marieke_allen@tideworksai.io,https://linkedin.com/in/marieke-allen-2484,CMO,cxo,Tideworks AI,tideworksai.io,180,Martech,Netherlands,apollo,2025-12-22,,,,,,,
C100923,Vikram,Huang,vikramh@waypointhqhq.app,https://linkedin.com/in/vikram-huang-229,AEO Lead,manager,Waypointhq HQ,waypointhqhq.app,45,Developer Tools,United States,list_upload,2026-06-11,,,,,,,
C100924,Ingrid,Lewis,ingrid_lewis@longshorepartners.agency,https://linkedin.com/in/ingrid-lewis-4104,CMO,cxo,Longshore Partners,longshorepartners.agency,45,SEO Agency,Germany,apollo,2026-04-23,,,,,,,
C100925,Anja,Fischer,anja_fischer@verdantbeauty.com,https://linkedin.com/in/anja-fischer-7553,Chief Growth Officer,cxo,Verdant Beauty,verdantbeauty.com,140,Health & Wellness,Germany,partner_referral,2025-10-08,2026-07-11,linkedin,,linkedin-seo-leads-jun,no_reply,,
C100926,Felipe,Rao,felipe@argentum.io,https://linkedin.com/in/felipe-rao-5835,Head of Organic Growth,head,Argentum,argentum.io,180,Martech,Netherlands,apollo,2026-02-11,2025-11-24,email,getnoble.io,linkedin-seo-leads-jun,booked,,
C100927,Jonah,Verma,jonahv@reedmarsh.com,https://linkedin.com/in/jonah-verma-2848,Head of SEO,head,Reedmarsh,reedmarsh.com,22,Health & Wellness,Canada,apollo,2026-03-17,2026-05-18,email,getnoble.io,aeo-saas-q2,replied_negative,,
C100928,Rebecca,Wright,rebecca_wright@birchmoorgoods.com,https://linkedin.com/in/rebecca-wright-4941,Head of Growth,head,Birchmoor Goods,birchmoorgoods.com,400,Health & Wellness,United States,apollo,2025-09-26,,,,,,,
C100929,Yusuf,Chen,yusuf.chen@cobaltsoftware.app,https://linkedin.com/in/yusuf-chen-8687,Content Marketing Manager,manager,Cobalt Software,cobaltsoftware.app,28,HR Tech,United States,list_upload,2025-09-10,2026-06-06,linkedin,,linkedin-seo-leads-jun,no_reply,,
C100930,Bruno,Wang,bruno.wang@emberlyai.io,https://linkedin.com/in/bruno-wang-1828,VP of Marketing,vp,Emberly AI,emberlyai.io,180,HR Tech,United Kingdom,linkedin_scrape,2026-03-09,,,,,,opportunity,
C100931,Diego,Walker,d.walker@signalpathai.com,https://linkedin.com/in/diego-walker-3419,Digital Marketing Specialist,ic,Signalpath AI,signalpathai.com,1400,Martech,United States,clay,2026-05-16,,,,,,,
C100932,Samuel,Schmidt,samuel_schmidt@lavenderlywellness.com,https://linkedin.com/in/samuel-schmidt-3294,Head of Growth,head,Lavenderly Wellness,lavenderlywellness.com,48,Home Goods,United States,apollo,2025-09-28,,,,,,,
C100933,Layla,Schmidt,layla@lanterndigital.com,https://linkedin.com/in/layla-schmidt-2484,Chief Growth Officer,cxo,Lantern Digital,lanterndigital.com,8,Marketing Agency,Germany,apollo,2026-05-22,,,,,,marketingqualifiedlead,
C100934,Kevin,Robinson,kevin.robinson@novafoldsoftware.com,https://linkedin.com/in/kevin-robinson-87,Head of Content,head,Novafold Software,novafoldsoftware.com,28,HR Tech,United States,list_upload,2026-06-15,2026-04-13,email,getnoble.io,aeo-saas-jul,opened_no_reply,,
C100935,Lars,Desai,l.desai@verdantbeauty.com,https://linkedin.com/in/lars-desai-1906,Digital Marketing Specialist,ic,Verdant Beauty,verdantbeauty.com,140,Health & Wellness,United States,apollo,2025-08-19,,,,,,customer,active Noble account
C100936,,,press@saltmarshnutrition.shop,https://linkedin.com/in/--4340,,,Saltmarsh Nutrition,saltmarshnutrition.shop,140,Supplements,United States,clay,2025-11-23,2025-12-19,linkedin,,refresh-midmarket-jun,replied_negative,,
C100937,Wei,Joshi,wjoshi@umbrahqsoftware.co,https://linkedin.com/in/wei-joshi-4643,Director of Content,director,Umbrahq Software,umbrahqsoftware.co,1400,SaaS,United States,clay,2025-06-20,,,,,,opportunity,
C100938,Piotr,Torres,piotr.torres@anchorlinesoftware.com,https://linkedin.com/in/piotr-torres-8168,Head of Digital,head,Anchorline Software,anchorlinesoftware.com,620,Developer Tools,United States,apollo,2026-07-02,,,,,,,
C100939,Emily,Young,eyoung@waypointhqhq.app,https://linkedin.com/in/emily-young-678,Marketing Director,director,Waypointhq HQ,waypointhqhq.app,45,HR Tech,United States,apollo,2026-03-11,,,,,,marketingqualifiedlead,
C100940,Beatriz,Wojcik,beatriz_wojcik@quillfeatherwellness.com,https://linkedin.com/in/beatriz-wojcik-2260,Head of Communications,head,Quillfeather Wellness,quillfeatherwellness.com,200,Apparel,Canada,apollo,2025-07-01,,,,,,lead,
C100941,Greta,Kim,gkim@riverstonepartners.agency,https://linkedin.com/in/greta-kim-8782,Senior SEO Specialist,ic,Riverstone Partners,riverstonepartners.agency,90,PR Agency,United States,apollo,2026-03-07,2026-07-17,email,noblehq.io,refresh-midmarket-jun,no_reply,,
C100942,Rafael,Choi,rafael@kelpforest.co,https://linkedin.com/in/rafael-choi-1929,Founder,cxo,Kelpforest,kelpforest.co,95,Apparel,United States,apollo,2025-06-24,2026-07-15,linkedin,,linkedin-seo-leads-jun,no_reply,,
C100943,Fatima,Thompson,fatima@petalwiseco.com,https://linkedin.com/in/fatima-thompson-8355,Senior SEO Specialist,ic,Petalwise & Co,petalwiseco.com,140,Food & Beverage,United Kingdom,list_upload,2026-01-27,,,,,,,
C100944,Beatriz,Zhang,b.zhang@softwareadvice.com,https://linkedin.com/in/beatriz-zhang-4942,Contributing Writer,ic,Software Advice,softwareadvice.com,220,B2B Software,Australia,apollo,2026-06-14,2026-06-25,linkedin,,publisher-outreach-jul,opened_no_reply,lead,publisher - active in Noble publisher program
C100945,Yan,Sharma,yan.sharma@brightsparkdigital.com,https://linkedin.com/in/yan-sharma-9936,Growth Marketing Manager,manager,Brightspark Digital,brightsparkdigital.com,8,SEO Agency,Spain,apollo,2026-05-08,2026-03-30,email,noble-outreach.com,aeo-consumer-jun,replied_negative,,
C100946,Emeka,Fitzgerald,emeka.fitzgerald@beelinestudio.io,https://linkedin.com/in/emeka-fitzgerald-8227,AEO Lead,manager,Beeline Studio,beelinestudio.io,90,Digital Agency,United States,apollo,2025-12-28,,,,,,,
C100947,Aaron,Sun,a.sun@goldleafco.co,https://linkedin.com/in/aaron-sun-3284,Head of Content,head,Goldleaf & Co,goldleafco.co,70,Apparel,Ireland,clay,2026-02-22,,,,,,,
C100948,Caleb,Moore,caleb.moore@jasmindale.com,https://linkedin.com/in/caleb-moore-4503,Head of Demand Generation,head,Jasmindale,jasmindale.com,48,Consumer Goods,United States,clay,2026-02-20,,,,,,lead,
C100949,Chen,Moore,chenm@quarryhq.com,https://linkedin.com/in/chen-moore-9708,Digital Marketing Specialist,ic,Quarryhq,quarryhq.com,85,Cybersecurity,Spain,apollo,2026-02-24,,,,,,opportunity,
C100950,Joshua,Suzuki,j.suzuki@gingerlily.co,https://linkedin.com/in/joshua-suzuki-281,Director of Growth,director,Gingerlily,gingerlily.co,400,Health & Wellness,United States,apollo,2025-11-11,,,,,,,
C100951,Chidi,King,cking@vantagepoint.app,https://linkedin.com/in/chidi-king-6816,Marketing Director,director,Vantagepoint,vantagepoint.app,120,Fintech,Canada,inbound_form,2025-10-18,2026-07-17,email,trynoble.co,geo-agency-may,no_reply,,
C100952,Hassan,Sharma,h.sharma@mossbankwellness.com,https://linkedin.com/in/hassan-sharma-2844,Head of SEO,head,Mossbank Wellness,mossbankwellness.com,140,Beauty & Personal Care,United States,clay,2025-07-01,,,,,,,
C100953,Stephanie,Jackson,stephanie.jackson@terracottagoods.co,https://linkedin.com/in/stephanie-jackson-5241,Head of Growth,head,Terracotta Goods,terracottagoods.co,22,Beauty & Personal Care,United States,list_upload,2025-08-08,,,,,,subscriber,
C100954,Tunde,Silva,tunde_silva@vertexly.app,https://linkedin.com/in/tunde-silva-5642,Head of Ecommerce,head,Vertexly,vertexly.app,45,B2B Software,United States,apollo,2025-06-21,2026-03-10,email,trynoble.co,refresh-midmarket-jun,replied_positive,,
C100955,Wei,Adams,wadams@scrunchai.com,https://linkedin.com/in/wei-adams-7984,SEO Lead,manager,Scrunch AI,scrunchai.com,900,B2B Software,United States,list_upload,2025-07-27,2026-04-13,email,noble-outreach.com,aeo-saas-q2,no_reply,lead,
C100956,Aisha,Martinez,aisha.martinez@basecamp9.ai,https://linkedin.com/in/aisha-martinez-1528,Head of Growth,head,Basecamp9,basecamp9.ai,450,SaaS,Australia,apollo,2026-04-15,,,,,,,
C100957,Sakura,Sun,sakuras@longshorepartners.agency,https://linkedin.com/in/sakura-sun-1207,Head of Digital,head,Longshore Partners,longshorepartners.agency,45,Digital Agency,United States,apollo,2026-03-16,,,,,,,
C100958,Isabella,Clark,i.clark@driftwood.co,https://linkedin.com/in/isabella-clark-8913,Head of Communications,head,Driftwood,driftwood.co,620,SaaS,United States,clay,2026-05-01,,,,,,marketingqualifiedlead,
C100959,Nicole,Johnson,njohnson@amberfieldgoods.com,https://linkedin.com/in/nicole-johnson-4527,Technical SEO Manager,manager,Amberfield Goods,amberfieldgoods.com,22,Supplements,Australia,clay,2026-05-24,2026-06-30,email,trynoble.co,refresh-midmarket-jun,bounced,,
C100960,Isabella,Zhou,isabella_zhou@wavelengthgroup.agency,https://linkedin.com/in/isabella-zhou-6609,Performance Marketing Manager,manager,Wavelength Group,wavelengthgroup.agency,130,Marketing Agency,United States,list_upload,2026-06-15,2026-04-06,email,noble-outreach.com,aeo-saas-q2,no_reply,,
C100961,Valentina,Huang,valentina_huang@harborview.com,https://linkedin.com/in/valentina-huang-2981,Founder,cxo,Harborview,harborview.com,45,HR Tech,United States,apollo,2025-12-11,,,,,,,
C100962,Piotr,Verma,piotr@hubspot.com,https://linkedin.com/in/piotr-verma-8662,Growth Marketing Manager,manager,HubSpot,hubspot.com,340,Cybersecurity,Australia,apollo,2025-11-28,,,,,,,
C100963,Adaeze,O'Brien,a.obrien@kelpforest.co,https://linkedin.com/in/adaeze-obrien-1086,Digital Marketing Specialist,ic,Kelpforest,kelpforest.co,95,Apparel,United States,linkedin_scrape,2025-12-12,,,,,,opportunity,
C100964,Tomas,Suzuki,tsuzuki@blueprintlabs.co,https://linkedin.com/in/tomas-suzuki-6027,Director of Acquisition,director,Blueprint Labs,blueprintlabs.co,45,HR Tech,Canada,clay,2026-03-22,,,,,,marketingqualifiedlead,
C100965,Megan,Becker,meganb@anchorlinesoftware.com,https://linkedin.com/in/megan-becker-1375,Technical SEO Manager,manager,Anchorline Software,anchorlinesoftware.com,620,HR Tech,Canada,apollo,2025-07-04,,,,,,,
C100966,Aaron,Kelly,aaron.kelly@saltmarshnutrition.shop,https://linkedin.com/in/aaron-kelly-1460,Head of Growth,head,Saltmarsh Nutrition,saltmarshnutrition.shop,140,Beauty & Personal Care,United States,apollo,2026-04-23,2026-05-10,linkedin,,linkedin-seo-leads-jun,no_reply,subscriber,
C100967,Magda,Jung,magda@cedarcrestnutrition.com,https://linkedin.com/in/magda-jung-7782,Director of Content,director,Cedarcrest Nutrition,cedarcrestnutrition.com,12,Consumer Goods,United States,clay,2025-09-26,,,,,,lead,
C100968,Ashley,Weber,aweber@fieldnotesmarketing.io,https://linkedin.com/in/ashley-weber-1439,Head of Marketing,head,Fieldnotes Marketing,fieldnotesmarketing.io,14,Marketing Agency,United States,inbound_form,2025-12-14,,,,,,lead,
C100969,Adam,Gupta,agupta@honeycresthome.shop,https://linkedin.com/in/adam-gupta-9508,Head of Ecommerce,head,Honeycrest Home,honeycresthome.shop,35,Apparel,India,apollo,2025-08-14,2026-03-31,email,getnoble.io,aeo-saas-q2,no_reply,marketingqualifiedlead,
C100970,Camila,Suzuki,camila@beaconworkslabs.com,https://linkedin.com/in/camila-suzuki-6925,Director of Demand Gen,director,Beaconworks Labs,beaconworkslabs.com,45,Martech,United States,apollo,2026-02-08,2026-07-17,email,trynoble.co,aeo-consumer-jun,no_reply,opportunity,
C100971,Meera,Ferrari,meera_ferrari@latitudeone.ai,https://linkedin.com/in/meera-ferrari-8216,Co-Founder & CEO,cxo,Latitudeone,latitudeone.ai,620,Fintech,United Kingdom,apollo,2026-03-28,,,,,,,
C100972,Wei,Park,wei.parkwheatfieldnutrition.co,https://linkedin.com/in/wei-park-7800,Director of Content,director,Wheatfield Nutrition,wheatfieldnutrition.co,22,Food & Beverage,United States,apollo,2025-12-20,,,,,,subscriber,
C100973,Jessica,Muller,jessica@fathomhousestudio.agency,https://linkedin.com/in/jessica-muller-1364,Growth Marketing Manager,manager,Fathomhouse Studio,fathomhousestudio.agency,8,Marketing Agency,Brazil,list_upload,2025-09-10,,,,,,,
C100974,Layla,Brown,layla@tideworksai.io,https://linkedin.com/in/layla-brown-1369,Head of Organic Growth,head,Tideworks AI,tideworksai.io,180,Cybersecurity,Netherlands,apollo,2026-06-04,,,,,,subscriber,
C100975,Sofia,Wang,swang@latitudeone.ai,https://linkedin.com/in/sofia-wang-8446,Affiliate Marketing Manager,manager,Latitudeone,latitudeone.ai,620,Cybersecurity,United States,linkedin_scrape,2025-06-21,,,,,,,
C100976,Adaeze,Sun,adaeze.sun@glasswingsoftware.app,https://linkedin.com/in/adaeze-sun-143,Marketing Operations Manager,manager,Glasswing Software,glasswingsoftware.app,450,Data & Analytics,United States,clay,2025-12-02,,,,,,marketingqualifiedlead,
C100977,Megan,Jensen,mjensen@lavenderlywellness.com,https://linkedin.com/in/megan-jensen-1794,Head of Digital,head,Lavenderly Wellness,lavenderlywellness.com,48,Health & Wellness,United States,apollo,2025-07-05,,,,,,opportunity,
C100978,Nicole,Nguyen,nicole_nguyen@wildrootcollective.com,https://linkedin.com/in/nicole-nguyen-9474,Content Marketing Manager,manager,Wildroot Collective,wildrootcollective.com,400,Home Goods,United States,clay,2026-05-29,,,,,,,
C100979,Sanjay,Desai,sanjayd@blueprintlabs.co,https://linkedin.com/in/sanjay-desai-2606,Technical SEO Manager,manager,Blueprint Labs,blueprintlabs.co,45,SaaS,Netherlands,apollo,2026-04-22,,,,,,,
C100980,Rebecca,Fitzgerald,rebecca_fitzgerald@violetgrove.com,https://linkedin.com/in/rebecca-fitzgerald-2375,Director of Content,director,Violetgrove,violetgrove.com,400,Beauty & Personal Care,United States,apollo,2025-12-21,,,,,,marketingqualifiedlead,
C100981,Megan,Baker,megan.baker@nimbusworksplatform.co,https://linkedin.com/in/megan-baker-3434,Head of Digital,head,Nimbusworks Platform,nimbusworksplatform.co,1400,Martech,Canada,apollo,2025-12-29,,,,,,opportunity,
C100982,Tomasz,Ryan,tomasz_ryan@nightjarhome.com,https://linkedin.com/in/tomasz-ryan-6324,Affiliate Marketing Manager,manager,Nightjar Home,nightjarhome.com,280,Home Goods,United States,inbound_form,2025-10-18,,,,,,,
C100983,Divya,Harris,divya_harris@solsticehq.ai,https://linkedin.com/in/divya-harris-1766,SEO Lead,manager,Solstice HQ,solsticehq.ai,45,HR Tech,United States,linkedin_scrape,2025-12-15,,,,,,,
C100984,Magda,Jensen,magdaj@brightvale.io,https://linkedin.com/in/magda-jensen-385,Head of Digital,head,Brightvale,brightvale.io,1400,Cybersecurity,United Kingdom,clay,2026-02-14,,,,,,,
C100985,Ingrid,Gupta,ingrid@wavelengthgroup.agency,https://linkedin.com/in/ingrid-gupta-6802,Demand Generation Manager,manager,Wavelength Group,wavelengthgroup.agency,130,Digital Agency,Australia,clay,2026-04-25,,,,,,marketingqualifiedlead,
C100986,Adaeze,Wojcik,a.wojcik@basecamp9.ai,https://linkedin.com/in/adaeze-wojcik-1633,Head of Organic Growth,head,Basecamp9,basecamp9.ai,450,HR Tech,United States,apollo,2025-12-11,,,,,,opportunity,open opp - do not prospect
C100987,Tomas,Thomas,tthomas@hazelnook.shop,https://linkedin.com/in/tomas-thomas-2860,CMO,cxo,Hazelnook,hazelnook.shop,70,Health & Wellness,Spain,apollo,2026-06-19,2026-04-07,email,getnoble.io,geo-agency-may,no_reply,,
C100988,Hannah,Almeida,hannah@cedarcrestnutrition.com,https://linkedin.com/in/hannah-almeida-4785,Content Marketing Manager,manager,Cedarcrest Nutrition,cedarcrestnutrition.com,12,Consumer Goods,Canada,partner_referral,2025-10-21,,,,,,lead,
C100989,Sofia,Miller,s.miller@verdantbeauty.com,https://linkedin.com/in/sofia-miller-5552,Head of Partnerships,head,Verdant Beauty,verdantbeauty.com,140,Home Goods,Netherlands,apollo,2025-06-19,,,,,,,
C100990,Kevin,Diallo,kevin.diallo@northlightmedia.co,https://linkedin.com/in/kevin-diallo-9123,Head of SEO,head,Northlight Media,northlightmedia.co,45,SEO Agency,Canada,apollo,2025-09-18,,,,,,,
C100991,Tyler,Zhou,tyler@terracottagoods.co,https://linkedin.com/in/tyler-zhou-9175,Marketing Director,director,Terracotta Goods,terracottagoods.co,22,Apparel,India,clay,2026-05-17,2026-03-30,email,noblehq.io,aeo-saas-q2,no_reply,marketingqualifiedlead,
C100992,Rohan,Taylor,rtaylor@harborview.com,https://linkedin.com/in/rohan-taylor-2295,Founder,cxo,Harborview,harborview.com,45,HR Tech,United States,clay,2026-01-04,2026-06-18,email,trynoble.co,refresh-midmarket-jun,no_reply,,
C100993,Layla,Nielsen,lnielsen@highwatercollective.com,https://linkedin.com/in/layla-nielsen-2375,Demand Generation Manager,manager,Highwater Collective,highwatercollective.com,65,Marketing Agency,United States,inbound_form,2026-06-13,,,,,,,
C100994,Laura,Nair,lnair@blueprintlabs.co,https://linkedin.com/in/laura-nair-1985,Director of Demand Gen,director,Blueprint Labs,blueprintlabs.co,45,Developer Tools,Germany,clay,2025-10-26,2026-05-25,email,trynoble.co,aeo-saas-jul,bounced,,hard bounce - 550 no such user
C100995,Isabella,Ribeiro,isabella.ribeiro+noble@nightjarhome.com,https://linkedin.com/in/isabella-ribeiro-6433,Director of Acquisition,director,Nightjar Home,nightjarhome.com,280,Home Goods,United States,apollo,2025-10-16,,,,,,,
C100996,Larissa,Jung,larissa@verdantbeauty.com,https://linkedin.com/in/larissa-jung-1157,Brand Manager,manager,Verdant Beauty,verdantbeauty.com,140,Health & Wellness,United States,list_upload,2026-01-30,2025-12-21,linkedin,,aeo-saas-q2,no_reply,lead,
C100997,Mikkel,Clark,mclark@cirruspointai.io,https://linkedin.com/in/mikkel-clark-2823,Director of Content,director,Cirruspoint AI,cirruspointai.io,45,Cybersecurity,United States,apollo,2026-02-25,,,,,,lead,
C100998,Nathan,Jung,njung@mercury9agency.com,https://linkedin.com/in/nathan-jung-6605,Head of Partnerships,head,Mercury9 Agency,mercury9agency.com,45,Marketing Agency,Spain,clay,2025-08-05,,,,,,,
C100999,Freja,Quinn,freja.quinn@oakhausmarketing.agency,https://linkedin.com/in/freja-quinn-7764,Marketing Operations Manager,manager,Oakhaus Marketing,oakhausmarketing.agency,90,Digital Agency,United States,apollo,2025-08-24,2025-12-01,email,noblehq.io,refresh-midmarket-jun,opened_no_reply,marketingqualifiedlead,
C101000,Eric,Ferreira,e.ferreira@loopworkplatform.com,https://linkedin.com/in/eric-ferreira-6313,Head of Content,head,Loopwork Platform,loopworkplatform.com,180,Developer Tools,United Kingdom,apollo,2025-11-26,,,,,,,
C101001,Amara,Okafor,amara_okafor@wildrootcollective.com,https://linkedin.com/in/amara-okafor-9739,Digital Marketing Specialist,ic,Wildroot Collective,wildrootcollective.com,400,Food & Beverage,Canada,clay,2025-12-02,,,,,,,
C101002,Daniel,Thomas,dthomas@solsticehq.ai,https://linkedin.com/in/daniel-thomas-3433,Head of SEO,head,Solstice HQ,solsticehq.ai,45,SaaS,United States,apollo,2026-02-21,2026-05-06,linkedin,,geo-agency-may,replied_positive,,
C101003,Layla,Brown,layla_brown@birchmoorgoods.com,https://linkedin.com/in/layla-brown-1369,Content Marketing Manager,manager,Birchmoor Goods,birchmoorgoods.com,400,Apparel,United States,clay,2025-07-03,2025-10-09,email,noblehq.io,refresh-midmarket-jun,no_reply,,
C101004,Ethan,Davis,ethand@hammersmithstudio.co,https://linkedin.com/in/ethan-davis-8554,Head of Marketing,head,Hammersmith Studio,hammersmithstudio.co,65,Digital Agency,United States,linkedin_scrape,2025-10-23,,,,,,,
C101005,Minjun,Ramirez,minjun.ramirez@stacklinehq.com,https://linkedin.com/in/minjun-ramirez-3451,Brand Manager,manager,Stackline HQ,stacklinehq.com,450,SaaS,United States,clay,2026-03-19,,,,,,,
C101006,Bruno,Hill,brunoh@latitudeone.ai,https://linkedin.com/in/bruno-hill-9220,Senior SEO Specialist,ic,Latitudeone,latitudeone.ai,620,Fintech,United Kingdom,clay,2026-06-10,,,,,,,
C101007,Bruno,Huang,bruno_huang@reedmarsh.com,https://linkedin.com/in/bruno-huang-5220,Marketing Director,director,Reedmarsh,reedmarsh.com,22,Health & Wellness,United States,linkedin_scrape,2026-06-24,,,,,,,
C101008,Mateo,Gupta,mateog@crestlinesoftware.com,https://linkedin.com/in/mateo-gupta-7757,Director of Content,director,Crestline Software,crestlinesoftware.com,240,Martech,United States,partner_referral,2026-04-10,2025-11-22,linkedin,,geo-agency-may,no_reply,,
C101009,Tunde,Ramirez,t.ramirez@citeworks.io,https://linkedin.com/in/tunde-ramirez-5252,Affiliate Marketing Manager,manager,CiteWorks,citeworks.io,60,HR Tech,United States,apollo,2026-02-22,,,,,,,
C101010,Ruby,Gallagher,r.gallagher@silverbrookplatform.com,https://linkedin.com/in/ruby-gallagher-2523,Digital Marketing Specialist,ic,Silverbrook Platform,silverbrookplatform.com,240,HR Tech,United States,apollo,2025-08-06,,,,,,lead,
C101011,Yuki,Thomas,yukit@cadenceio.io,https://linkedin.com/in/yuki-thomas-8052,Growth Marketing Manager,manager,Cadenceio,cadenceio.io,45,HR Tech,United States,inbound_form,2025-06-28,2025-12-26,email,noble-outreach.com,aeo-saas-q2,opened_no_reply,,
C101012,Meera,Choi,m.choi@orchardlynutrition.com,https://linkedin.com/in/meera-choi-9546,AEO Lead,manager,Orchardly Nutrition,orchardlynutrition.com,48,Health & Wellness,Canada,clay,2025-09-14,,,,,,,
C101013,Aaron,Torres,aaron@duskwood.com,https://linkedin.com/in/aaron-torres-4273,Technical SEO Manager,manager,Duskwood,duskwood.com,140,Supplements,United States,apollo,2026-06-22,,,,,,,
C101014,Layla,Reddy,layla@stacklinehq.com,https://linkedin.com/in/layla-reddy-9983,VP of Marketing,vp,Stackline HQ,stacklinehq.com,450,Developer Tools,United States,apollo,2025-07-31,,,,,,subscriber,
C101015,Sarah,Reddy,sarah_reddy@everbloom.shop,https://linkedin.com/in/sarah-reddy-2006,Head of Organic Growth,head,Everbloom,everbloom.shop,48,Home Goods,India,inbound_form,2025-11-14,,,,,,,
C101016,Grace,Green,graceg@longshorepartners.agency,https://linkedin.com/in/grace-green-330,SEO Manager,manager,Longshore Partners,longshorepartners.agency,45,Digital Agency,United States,apollo,2026-01-31,2026-03-23,linkedin,,linkedin-seo-leads-jun,no_reply,,
C101017,Karthik,Silva,karthiks@nightjarhome.com,https://linkedin.com/in/karthik-silva-9776,Chief Growth Officer,cxo,Nightjar Home,nightjarhome.com,280,Food & Beverage,Spain,apollo,2025-07-08,,,,,,,
C101018,Yusuf,Torres,yusuf.torres@gingerlily.co,https://linkedin.com/in/yusuf-torres-6246,Head of Partnerships,head,Gingerlily,gingerlily.co,400,Supplements,Australia,clay,2026-05-03,,,,,,,
C101019,Katherine,Novak,knovak@silverbrookplatform.com,https://linkedin.com/in/katherine-novak-8825,Head of Marketing,head,Silverbrook Platform,silverbrookplatform.com,240,Developer Tools,Netherlands,apollo,2026-04-07,,,,,,,
C101020,Aaron,Sun,aaron@palmwoodco.shop,https://linkedin.com/in/aaron-sun-1121,Director of Demand Gen,director,Palmwood & Co,palmwoodco.shop,12,Supplements,United Kingdom,apollo,2025-12-15,,,,,,marketingqualifiedlead,
C101021,Jing,Zhao,jzhao@longshorepartners.agency,https://linkedin.com/in/jing-zhao-8175,AEO Lead,manager,Longshore Partners,longshorepartners.agency,45,SEO Agency,India,apollo,2026-02-26,,,,,,,
C101022,Amara,Nkemelu,amara.nkemelu@brightsparkdigital.com,https://linkedin.com/in/amara-nkemelu-4625,Technical SEO Manager,manager,Brightspark Digital,brightsparkdigital.com,8,Digital Agency,Canada,clay,2025-07-10,,,,,,,
C101023,Ruby,Sullivan,ruby@compassmarketing.com,https://linkedin.com/in/ruby-sullivan-7469,Affiliate Marketing Manager,manager,Compass Marketing,compassmarketing.com,45,Digital Agency,United States,list_upload,2025-09-11,,,,,,,
C101024,Lucas,Green,lucas.green@zenithlyhq.io,https://linkedin.com/in/lucas-green-334,Head of Partnerships,head,Zenithly HQ,zenithlyhq.io,120,Cybersecurity,United States,apollo,2025-09-23,2026-03-24,linkedin,,aeo-saas-jul,no_reply,,
C101025,Adaeze,Ryan,adaezer@superbloomstudio.com,https://linkedin.com/in/adaeze-ryan-94,AEO Lead,manager,Superbloom Studio,superbloomstudio.com,32,SEO Agency,Germany,clay,2026-01-30,2026-03-08,linkedin,,aeo-saas-jul,no_reply,lead,
C101026,James,Scott,jamess@wildrootcollective.com,https://linkedin.com/in/james-scott-1534,AEO Lead,manager,Wildroot Collective,wildrootcollective.com,400,Home Goods,United States,list_upload,2025-11-13,,,,,,customer,active Noble account
C101027,Melissa,Watanabe,m.watanabe@longshorepartners.agency,https://linkedin.com/in/melissa-watanabe-6853,SEO Lead,manager,Longshore Partners,longshorepartners.agency,45,SEO Agency,Germany,clay,2025-11-10,,,,,,,
C101028,Magda,Fischer,magda.fischer@oakhausmarketing.agency,https://linkedin.com/in/magda-fischer-1880,Head of SEO,head,Oakhaus Marketing,oakhausmarketing.agency,90,SEO Agency,Australia,apollo,2026-05-10,,,,,,,
C101029,Emily,Kapoor,emily@vertexly.app,https://linkedin.com/in/emily-kapoor-4077,SEO Lead,manager,Vertexly,vertexly.app,45,Martech,Germany,clay,2026-04-26,,,,,,,
C101030,Nicole,Lee,nicolel@junipercloud.com,https://linkedin.com/in/nicole-lee-6550,Senior SEO Specialist,ic,Junipercloud,junipercloud.com,900,Developer Tools,United States,apollo,2025-07-21,,,,,,lead,
C101031,Rachel,Zhou,rachel_zhou@blueprintlabs.co,https://linkedin.com/in/rachel-zhou-8514,Head of Marketing,head,Blueprint Labs,blueprintlabs.co,45,HR Tech,United States,apollo,2026-01-25,,,,,,lead,
C101032,Brandon,Thomas,brandon_thomas@duskwood.com,https://linkedin.com/in/brandon-thomas-6558,Head of Partnerships,head,Duskwood,duskwood.com,140,Home Goods,United States,clay,2025-10-25,,,,,,lead,
C101033,Yusuf,Anderson,yanderson@petalwiseco.com,https://linkedin.com/in/yusuf-anderson-1425,Director of Content,director,Petalwise & Co,petalwiseco.com,140,Home Goods,United States,apollo,2025-12-10,,,,,,subscriber,
C101034,Adam,Choi,a.choi@tryprofound.com,https://linkedin.com/in/adam-choi-438,Founder,cxo,Profound,tryprofound.com,340,Martech,Ireland,clay,2025-10-03,2026-01-02,email,noble-outreach.com,refresh-midmarket-jun,opened_no_reply,,
C101035,Ananya,Anderson,ananya_anderson@petalwiseco.com,https://linkedin.com/in/ananya-anderson-3999,Head of Communications,head,Petalwise & Co,petalwiseco.com,140,Home Goods,India,clay,2025-10-04,,,,,,,
C101036,Aaron,Lewis,aaron_lewis@northpeakai.co,https://linkedin.com/in/aaron-lewis-5940,SEO Lead,manager,Northpeak AI,northpeakai.co,28,SaaS,United States,apollo,2025-09-09,2026-04-13,email,noblehq.io,geo-agency-may,no_reply,marketingqualifiedlead,
C101037,Larissa,Jackson,ljackson@shopverdant.co,https://linkedin.com/in/larissa-jackson-2571,Head of Demand Generation,head,Verdant Home,shopverdant.co,110,Fintech,United States,list_upload,2026-01-10,,,,,,,
C101038,Rachel,Hall,rachelh@amberfieldgoods.com,https://linkedin.com/in/rachel-hall-6964,Founder,cxo,Amberfield Goods,amberfieldgoods.com,22,Food & Beverage,Canada,list_upload,2026-01-16,2026-01-19,email,noble-outreach.com,linkedin-seo-leads-jun,bounced,lead,
C101039,Samuel,Clark,sclark@palmwoodco.shop,https://linkedin.com/in/samuel-clark-2670,Chief Growth Officer,cxo,Palmwood & Co,palmwoodco.shop,12,Apparel,United States,clay,2025-07-10,2026-01-18,email,getnoble.io,aeo-saas-jul,no_reply,,
C101040,Lars,Okafor,lars_okafor@silverbrook.io,https://linkedin.com/in/lars-okafor-3240,Performance Marketing Manager,manager,Silverbrook Technologies,silverbrook.io,810,SaaS,United States,clay,2025-12-22,2026-06-12,email,noble-outreach.com,aeo-saas-jul,no_reply,subscriber,
C101041,Bruno,Adeyemi,brunoa@stonepath.io,https://linkedin.com/in/bruno-adeyemi-9258,CMO,cxo,Stonepath,stonepath.io,120,HR Tech,United States,apollo,2026-06-01,2025-12-24,email,noblehq.io,linkedin-seo-leads-jun,no_reply,,
C101042,Kofi,Costa,kofi_costa@lavenderlywellness.com,https://linkedin.com/in/kofi-costa-4510,Head of Communications,head,Lavenderly Wellness,lavenderlywellness.com,48,Food & Beverage,United Kingdom,apollo,2025-12-09,2026-06-01,email,noble-outreach.com,refresh-midmarket-jun,bounced,,
C101043,Christopher,O'Brien,christopher_obrien@alderpoint.ai,https://linkedin.com/in/christopher-obrien-5403,SEO Lead,manager,Alderpoint,alderpoint.ai,28,Developer Tools,Australia,clay,2025-07-30,,,,,,,
C101044,Nicole,Wright,nicolew@willowmerenutrition.com,https://linkedin.com/in/nicole-wright-7955,PR Manager,manager,Willowmere Nutrition,willowmerenutrition.com,70,Supplements,United States,apollo,2026-02-15,2026-05-05,email,getnoble.io,aeo-saas-jul,no_reply,,
C101045,Brandon,Martin,brandon.martin@zenithlyhq.io,https://linkedin.com/in/brandon-martin-9898,Marketing Director,director,Zenithly HQ,zenithlyhq.io,120,Fintech,Netherlands,apollo,2026-02-04,,,,,,,
C101046,Ingrid,Becker,ibecker@stonepath.io,https://linkedin.com/in/ingrid-becker-1645,Head of Marketing,head,Stonepath,stonepath.io,120,SaaS,United States,apollo,2025-07-13,,,,,,,
C101047,Xiu,Torres,x.torres@amberfieldgoods.com,https://linkedin.com/in/xiu-torres-6633,Growth Marketing Manager,manager,Amberfield Goods,amberfieldgoods.com,22,Health & Wellness,United States,partner_referral,2026-02-20,,,,,,,
C101048,Priya,Garcia,priya.garcia@orchardlynutrition.com,https://linkedin.com/in/priya-garcia-1615,Director of Content,director,Orchardly Nutrition,orchardlynutrition.com,48,Food & Beverage,United Kingdom,inbound_form,2025-09-15,,,,,,,
C101049,Ananya,Tanaka,ananya.tanaka@quillfeatherwellness.com,https://linkedin.com/in/ananya-tanaka-9181,Head of Communications,head,Quillfeather Wellness,quillfeatherwellness.com,200,Health & Wellness,Ireland,apollo,2025-12-24,2026-03-10,email,trynoble.co,refresh-midmarket-jun,replied_negative,,
C101050,Magda,Ramirez,mramirez@mercury9agency.com,https://linkedin.com/in/magda-ramirez-6229,Head of Organic Growth,head,Mercury9 Agency,mercury9agency.com,45,Digital Agency,United Kingdom,list_upload,2026-01-13,,,,,,,
C101051,Sofia,Fitzgerald,sofia_fitzgerald@petalwiseco.com,https://linkedin.com/in/sofia-fitzgerald-9990,Director of Growth,director,Petalwise & Co,petalwiseco.com,140,Food & Beverage,India,inbound_form,2025-12-02,2026-01-01,email,noble-outreach.com,geo-agency-may,no_reply,,
C101052,Michael,Scott,michael_scott@driftwood.co,https://linkedin.com/in/michael-scott-3475,Brand Manager,manager,Driftwood,driftwood.co,620,SaaS,United States,list_upload,2025-11-04,2026-06-28,email,noble-outreach.com,linkedin-seo-leads-jun,opened_no_reply,,
C101053,Emily,Nguyen,emily.nguyen@quillfeatherwellness.com,https://linkedin.com/in/emily-nguyen-7103,SEO Manager,manager,Quillfeather Wellness,quillfeatherwellness.com,200,Consumer Goods,United Kingdom,apollo,2026-05-18,2026-06-04,linkedin,,aeo-saas-q2,no_reply,,
C101054,Christopher,Ferrari,christopher@ironbridge.com,https://linkedin.com/in/christopher-ferrari-1486,Technical SEO Manager,manager,Ironbridge,ironbridge.com,900,Data & Analytics,United States,apollo,2025-10-01,2025-12-02,email,getnoble.io,aeo-consumer-jun,no_reply,,
C101055,Jonah,Byrne,jonah_byrne@brightsparkdigital.com,https://linkedin.com/in/jonah-byrne-7035,Head of SEO,head,Brightspark Digital,brightsparkdigital.com,8,Marketing Agency,United States,apollo,2025-11-28,,,,,,,
C101056,Anders,King,andersk@novafoldsoftware.com,https://linkedin.com/in/anders-king-5701,VP of Marketing,vp,Novafold Software,novafoldsoftware.com,28,Data & Analytics,United States,partner_referral,2025-07-22,2026-02-07,email,getnoble.io,aeo-saas-jul,unsubscribed,lead,
C101057,Matthew,Bianchi,mbianchi@foundryhqsoftware.com,https://linkedin.com/in/matthew-bianchi-8948,Head of Growth,head,Foundryhq Software,foundryhqsoftware.com,1400,SaaS,Australia,inbound_form,2025-09-23,,,,,,,
C101058,Sanne,Choi,sanne@petalwiseco.com,https://linkedin.com/in/sanne-choi-5463,Performance Marketing Manager,manager,Petalwise & Co,petalwiseco.com,140,Supplements,United States,clay,2025-07-30,2025-11-18,email,getnoble.io,geo-agency-may,unsubscribed,,
C101059,Tomasz,Andersen,tandersen@meadowlarknutrition.com,https://linkedin.com/in/tomasz-andersen-8147,Head of Content,head,Meadowlark Nutrition,meadowlarknutrition.com,280,Beauty & Personal Care,United States,clay,2026-01-19,2026-01-29,email,noble-outreach.com,aeo-saas-jul,replied_negative,lead,
C101060,Maya,Wu,maya_wu@brightvale.io,https://linkedin.com/in/maya-wu-3998,Brand Manager,manager,Brightvale,brightvale.io,1400,B2B Software,India,apollo,2025-10-26,2026-04-18,email,getnoble.io,aeo-saas-jul,no_reply,lead,
C101061,Santiago,Kelly,santiago_kelly@vantagepoint.app,https://linkedin.com/in/santiago-kelly-8863,Affiliate Marketing Manager,manager,Vantagepoint,vantagepoint.app,120,B2B Software,Spain,apollo,2026-06-17,,,,,,,
C101062,Emily,Mehta,emily.mehta@xenonlabscloud.com,https://linkedin.com/in/emily-mehta-3129,SEO Lead,manager,Xenonlabs Cloud,xenonlabscloud.com,28,B2B Software,United States,apollo,2026-05-16,,,,,,,
C101063,Elias,Huang,elias.huang@willowmerenutrition.com,https://linkedin.com/in/elias-huang-1627,Director of Content,director,Willowmere Nutrition,willowmerenutrition.com,70,Home Goods,Australia,clay,2026-01-08,,,,,,,
C101064,Kwame,Clark,kwame.clark@umbrahqsoftware.co,https://linkedin.com/in/kwame-clark-2017,Head of Organic Growth,head,Umbrahq Software,umbrahqsoftware.co,1400,Martech,United States,apollo,2026-02-07,,,,,,,
C101065,Rebecca,Hall,rebeccah@brightsparkdigital.com,https://linkedin.com/in/rebecca-hall-2717,Director of Growth,director,Brightspark Digital,brightsparkdigital.com,8,Marketing Agency,United States,apollo,2025-08-18,,,,,,,
C101066,Mateo,Diallo,mateo.diallo@petalwiseco.com,https://linkedin.com/in/mateo-diallo-735,Content Marketing Manager,manager,Petalwise & Co,petalwiseco.com,140,Food & Beverage,United States,list_upload,2025-07-13,2025-12-03,email,noble-outreach.com,aeo-saas-jul,booked,,
C101067,Lucas,Oliveira,lucas@copperkettlenutrition.com,https://linkedin.com/in/lucas-oliveira-4964,Marketing Operations Manager,manager,Copperkettle Nutrition,copperkettlenutrition.com,70,Home Goods,United States,clay,2026-04-21,,,,,,,
C101068,Isaac,Sanchez,isanchez@quillfeatherwellness.com,https://linkedin.com/in/isaac-sanchez-3626,Director of SEO,director,Quillfeather Wellness,quillfeatherwellness.com,200,Consumer Goods,United Kingdom,clay,2025-08-28,,,,,,marketingqualifiedlead,
C101069,Zainab,Liu,z.liu@thetoolreport.io,https://linkedin.com/in/zainab-liu-5396,Contributing Writer,ic,The Tool Report,thetoolreport.io,40,Martech,United States,list_upload,2026-06-20,,,,,,,
C101070,Anders,Sharma,anders@compassmarketing.com,https://linkedin.com/in/anders-sharma-8339,Head of Partnerships,head,Compass Marketing,compassmarketing.com,45,PR Agency,Brazil,apollo,2025-07-22,2026-04-29,email,getnoble.io,geo-agency-may,unsubscribed,marketingqualifiedlead,asked to be removed
C101071,Grace,Watanabe,grace_watanabe@cedarcrestnutrition.com,https://linkedin.com/in/grace-watanabe-7851,Affiliate Marketing Manager,manager,Cedarcrest Nutrition,cedarcrestnutrition.com,12,Home Goods,United States,apollo,2025-11-18,2026-02-11,email,trynoble.co,geo-agency-may,no_reply,,
C101072,Hannah,Rao,hrao@nightjarhome.com,https://linkedin.com/in/hannah-rao-6516,Head of Ecommerce,head,Nightjar Home,nightjarhome.com,280,Beauty & Personal Care,United States,linkedin_scrape,2025-11-29,2025-12-25,email,trynoble.co,aeo-saas-jul,opened_no_reply,,
C101073,Eric,Kowalski,eric_kowalski@gingerlily.co,https://linkedin.com/in/eric-kowalski-4121,Affiliate Marketing Manager,manager,Gingerlily,gingerlily.co,400,Food & Beverage,Germany,apollo,2026-05-06,,,,,,,
C101074,Freja,Walker,fwalker@terrafirma.com,https://linkedin.com/in/freja-walker-518,Head of Ecommerce,head,Terrafirma,terrafirma.com,60,Martech,United States,clay,2025-10-10,,,,,,lead,
C101075,Felipe,Davis,fdavis@wheatfieldnutrition.co,https://linkedin.com/in/felipe-davis-2140,Head of Content,head,Wheatfield Nutrition,wheatfieldnutrition.co,22,Health & Wellness,India,apollo,2025-11-20,,,,,,,
C101076,Vikram,Brown,vikram@gingerlily.co,https://linkedin.com/in/vikram-brown-7755,Head of Growth,head,Gingerlily,gingerlily.co,400,Consumer Goods,United States,list_upload,2026-01-02,,,,,,,
C101077,Laura,Choi,l.choi@goldleafco.co,https://linkedin.com/in/laura-choi-6545,SEO Manager,manager,Goldleaf & Co,goldleafco.co,70,Health & Wellness,Netherlands,list_upload,2025-11-02,,,,,,,
C101078,Zainab,O'Brien,zainab_obrien@anchorlinesoftware.com,https://linkedin.com/in/zainab-obrien-9005,Director of SEO,director,Anchorline Software,anchorlinesoftware.com,620,Fintech,United States,apollo,2025-11-07,,,,,,,
C101079,Pieter,Jung,p.jung@mentionable.ai,https://linkedin.com/in/pieter-jung-4525,Marketing Operations Manager,manager,Mentionable,mentionable.ai,34,Developer Tools,United States,apollo,2026-05-11,,,,,,,
C101080,Priya,Verma,priya_verma@inkwellsoftware.com,https://linkedin.com/in/priya-verma-9322,Performance Marketing Manager,manager,Inkwell Software,inkwellsoftware.com,310,B2B Software,United Kingdom,apollo,2026-02-10,,,,,,,
C101081,Marieke,Choi,mchoi@lavenderlywellness.com,https://linkedin.com/in/marieke-choi-9846,Director of SEO,director,Lavenderly Wellness,lavenderlywellness.com,48,Supplements,United States,apollo,2026-03-10,2026-04-11,email,noblehq.io,aeo-consumer-jun,no_reply,,
C101082,Ethan,Zhang,ezhang@tideworksai.io,https://linkedin.com/in/ethan-zhang-8804,CMO,cxo,Tideworks AI,tideworksai.io,180,Data & Analytics,United States,apollo,2025-07-28,2026-06-05,linkedin,,aeo-saas-jul,no_reply,,
C101083,Caleb,Traore,c.traore@wavelengthgroup.agency,https://linkedin.com/in/caleb-traore-5261,VP of Marketing,vp,Wavelength Group,wavelengthgroup.agency,130,Marketing Agency,United States,clay,2026-05-11,,,,,,lead,
C101084,Renata,Hall,renata_hall@kindredgroup.io,https://linkedin.com/in/renata-hall-7134,Brand Manager,manager,Kindred Group,kindredgroup.io,65,SEO Agency,Canada,apollo,2025-12-14,2026-06-23,email,getnoble.io,aeo-saas-q2,no_reply,,
C101085,Klaus,Muller,klaus_muller@umbrahqsoftware.co,https://linkedin.com/in/klaus-muller-6463,Director of Content,director,Umbrahq Software,umbrahqsoftware.co,1400,Fintech,Canada,apollo,2026-02-27,2026-03-02,email,trynoble.co,refresh-midmarket-jun,no_reply,,
C101086,Joshua,Hernandez,joshua_hernandez@tideworksai.io,https://linkedin.com/in/joshua-hernandez-5932,Brand Manager,manager,Tideworks AI,tideworksai.io,180,Cybersecurity,Canada,linkedin_scrape,2026-02-16,,,,,,lead,
C101087,Caleb,Fitzgerald,caleb@northpeak.eu,https://linkedin.com/in/caleb-fitzgerald-2441,Director of SEO,director,Northpeak EU,northpeak.eu,110,Martech,United States,apollo,2026-01-03,,,,,,,
C101088,Ethan,King,eking@nexuscoresystems.co,https://linkedin.com/in/ethan-king-9961,Director of Demand Gen,director,Nexuscore Systems,nexuscoresystems.co,180,B2B Software,United States,inbound_form,2026-03-12,,,,,,lead,
C101089,Jessica,White,jessica@orchardlynutrition.com,https://linkedin.com/in/jessica-white-3503,Director of Acquisition,director,Orchardly Nutrition,orchardlynutrition.com,48,Food & Beverage,United States,partner_referral,2026-06-24,2026-06-08,email,noble-outreach.com,aeo-saas-q2,no_reply,,
C101090,Mikkel,Otieno,motieno@novafoldsoftware.com,https://linkedin.com/in/mikkel-otieno-6144,Director of Content,director,Novafold Software,novafoldsoftware.com,28,HR Tech,United States,apollo,2026-01-28,2025-12-28,email,trynoble.co,linkedin-seo-leads-jun,no_reply,,
C101091,Lucas,Rao,lucas_rao@harborview.com,https://linkedin.com/in/lucas-rao-405,Technical SEO Manager,manager,Harborview,harborview.com,45,HR Tech,United States,list_upload,2025-07-06,2026-06-23,email,noble-outreach.com,geo-agency-may,no_reply,,
C101092,Mateo,Anderson,mateo.anderson@loopworkplatform.com,https://linkedin.com/in/mateo-anderson-9155,Co-Founder & CEO,cxo,Loopwork Platform,loopworkplatform.com,180,Martech,United States,apollo,2025-07-21,2026-01-29,linkedin,,refresh-midmarket-jun,opened_no_reply,marketingqualifiedlead,
C101093,Neha,Sharma,nsharma@pinnaclesoftcloud.com,https://linkedin.com/in/neha-sharma-2919,SEO Manager,manager,Pinnaclesoft Cloud,pinnaclesoftcloud.com,45,B2B Software,United Kingdom,list_upload,2026-01-24,,,,,,,
C101094,Ryan,Byrne,ryan.byrne@beaconworkslabs.com,https://linkedin.com/in/ryan-byrne-5899,Head of Organic Growth,head,Beaconworks Labs,beaconworkslabs.com,45,B2B Software,United States,clay,2025-06-29,,,,,,marketingqualifiedlead,
C101095,Camila,Ribeiro,cribeiro@superbloomstudio.com,https://linkedin.com/in/camila-ribeiro-358,Director of SEO,director,Superbloom Studio,superbloomstudio.com,32,Digital Agency,United States,list_upload,2026-05-02,,,,,,,
C101096,Grace,Oliveira,goliveira@willowmerenutrition.com,https://linkedin.com/in/grace-oliveira-726,Digital Marketing Specialist,ic,Willowmere Nutrition,willowmerenutrition.com,70,Home Goods,Canada,clay,2025-09-20,,,,,,opportunity,
C101097,Valentina,Nkemelu,valentina.nkemelu@hammersmithstudio.co,https://linkedin.com/in/valentina-nkemelu-3110,Director of Acquisition,director,Hammersmith Studio,hammersmithstudio.co,65,Digital Agency,Canada,inbound_form,2026-06-13,2026-06-17,email,noble-outreach.com,aeo-saas-q2,unsubscribed,,
C101098,Yan,Kowalski,yan.kowalski@meridiansystems.com,https://linkedin.com/in/yan-kowalski-697,Marketing Operations Manager,manager,Meridian Systems,meridiansystems.com,1400,Martech,United States,list_upload,2026-07-03,2026-06-18,email,noble-outreach.com,linkedin-seo-leads-jun,opened_no_reply,,
C101099,Fatima,Suzuki,fatima@rosewaterco.com,https://linkedin.com/in/fatima-suzuki-7493,Director of SEO,director,Rosewater & Co,rosewaterco.com,140,Health & Wellness,Netherlands,apollo,2025-10-12,2025-12-16,email,noblehq.io,linkedin-seo-leads-jun,no_reply,,
C101100,Hassan,Ryan,hryan@mosaiclysystems.io,https://linkedin.com/in/hassan-ryan-2778,SEO Lead,manager,Mosaicly Systems,mosaiclysystems.io,450,B2B Software,United States,partner_referral,2026-04-06,,,,,,,
C101101,Arjun,Mwangi,arjun.mwangi@sagebrushco.co,https://linkedin.com/in/arjun-mwangi-8583,Technical SEO Manager,manager,Sagebrush & Co,sagebrushco.co,70,Home Goods,United States,partner_referral,2026-05-12,,,,,,,
C101102,Michael,Zhang,m.zhang@quantumleafhq.app,https://linkedin.com/in/michael-zhang-650,Head of Growth,head,Quantumleaf HQ,quantumleafhq.app,120,SaaS,United States,apollo,2026-01-08,,,,,,,
C101103,Elias,Abubakar,elias_abubakar@wildrootcollective.com,https://linkedin.com/in/elias-abubakar-1449,Head of SEO,head,Wildroot Collective,wildrootcollective.com,400,Home Goods,Singapore,list_upload,2026-05-27,2026-02-22,email,noblehq.io,aeo-saas-jul,opened_no_reply,,
C101104,Christina,Taylor,c.taylor@flintlocksoftware.com,https://linkedin.com/in/christina-taylor-9913,Director of Content,director,Flintlock Software,flintlocksoftware.com,240,SaaS,Ireland,apollo,2025-11-24,,,,,,marketingqualifiedlead,
C101105,Karthik,Otieno,karthiko@kelpforest.co,https://linkedin.com/in/karthik-otieno-8109,Director of Acquisition,director,Kelpforest,kelpforest.co,95,Apparel,United States,apollo,2025-11-14,,,,,,,
C101106,Felipe,Nelson,felipe@honeycresthome.shop,https://linkedin.com/in/felipe-nelson-5900,Performance Marketing Manager,manager,Honeycrest Home,honeycresthome.shop,35,Beauty & Personal Care,United States,list_upload,2025-10-14,2026-01-03,email,noblehq.io,aeo-saas-jul,bounced,,
C101107,Takashi,Miller,takashim@mosaiclysystems.io,https://linkedin.com/in/takashi-miller-2758,Director of Demand Gen,director,Mosaicly Systems,mosaiclysystems.io,450,Martech,United States,clay,2025-06-26,,,,,,,
C101108,Elias,Adams,elias@ironwillowhome.com,https://linkedin.com/in/elias-adams-6303,Head of Marketing,head,Ironwillow Home,ironwillowhome.com,140,Beauty & Personal Care,United States,inbound_form,2025-09-09,2026-03-27,email,trynoble.co,refresh-midmarket-jun,no_reply,,
C101109,Meera,Mwangi,meera@northpeakai.co,https://linkedin.com/in/meera-mwangi-4231,AEO Lead,manager,Northpeak AI,northpeakai.co,28,Fintech,United States,list_upload,2025-08-14,,,,,,,
C101110,Nathan,Zhang,nathanz@verdantbeauty.com,https://linkedin.com/in/nathan-zhang-8389,Demand Generation Manager,manager,Verdant Beauty,verdantbeauty.com,140,Consumer Goods,United Kingdom,apollo,2026-01-31,2026-02-21,email,noble-outreach.com,aeo-saas-jul,no_reply,lead,
C101111,Elias,Ryan,elias@kindredgroup.io,https://linkedin.com/in/elias-ryan-5136,Head of Organic Growth,head,Kindred Group,kindredgroup.io,65,PR Agency,United States,clay,2026-03-11,,,,,,,
C101112,Amara,Nkemelu,a.nkemelu@nimbusworksplatform.co,https://linkedin.com/in/amara-nkemelu-5279,Performance Marketing Manager,manager,Nimbusworks Platform,nimbusworksplatform.co,1400,Martech,United States,clay,2026-04-16,,,,,,marketingqualifiedlead,
C101113,Amara,Adeyemi,amara.adeyemi@violetgrove.com,https://linkedin.com/in/amara-adeyemi-1725,Head of Partnerships,head,Violetgrove,violetgrove.com,400,Apparel,United States,linkedin_scrape,2026-01-13,,,,,,,
C101114,Omar,Banerjee,omarb@driftwood.co,https://linkedin.com/in/omar-banerjee-1533,Head of Communications,head,Driftwood,driftwood.co,620,Cybersecurity,United Kingdom,apollo,2026-03-01,,,,,,,
C101115,Marieke,Sanchez,marieke@fernwood.io,https://linkedin.com/in/marieke-sanchez-5415,Chief Growth Officer,cxo,Fernwood,fernwood.io,620,Fintech,Ireland,clay,2025-06-27,,,,,,,
C101116,Nathan,Sun,nathan_sun@westgatecloud.co,https://linkedin.com/in/nathan-sun-496,Content Marketing Manager,manager,Westgate Cloud,westgatecloud.co,120,Developer Tools,Spain,list_upload,2025-10-28,2025-12-31,email,noble-outreach.com,refresh-midmarket-jun,no_reply,,
C101117,Christina,Baker,christina_baker@kindredgroup.io,https://linkedin.com/in/christina-baker-7029,Head of Partnerships,head,Kindred Group,kindredgroup.io,65,PR Agency,United States,list_upload,2025-08-25,2026-05-05,email,noblehq.io,aeo-consumer-jun,opened_no_reply,lead,
C101118,Mateo,Martin,mateo_martin@cirruspointai.io,https://linkedin.com/in/mateo-martin-1250,Director of Content,director,Cirruspoint AI,cirruspointai.io,45,B2B Software,United States,list_upload,2025-10-07,,,,,,,
C101119,Elias,Ribeiro,eribeiro@emberlyai.io,https://linkedin.com/in/elias-ribeiro-8206,Senior SEO Specialist,ic,Emberly AI,emberlyai.io,180,SaaS,United States,apollo,2026-06-04,,,,,,,
C101120,Sarah,Ribeiro,sarahr@cedarcrestnutrition.com,https://linkedin.com/in/sarah-ribeiro-4854,PR Manager,manager,Cedarcrest Nutrition,cedarcrestnutrition.com,12,Food & Beverage,United States,list_upload,2025-09-23,2026-01-02,email,trynoble.co,refresh-midmarket-jun,booked,,
C101121,Tomasz,Gupta,tgupta@wheatfieldnutrition.co,https://linkedin.com/in/tomasz-gupta-8520,Co-Founder & CEO,cxo,Wheatfield Nutrition,wheatfieldnutrition.co,22,Apparel,United States,inbound_form,2025-11-27,,,,,,,
C101122,Pieter,Muller,pieter@elmstreetsystems.com,https://linkedin.com/in/pieter-muller-5752,Brand Manager,manager,Elmstreet Systems,elmstreetsystems.com,450,Data & Analytics,United States,list_upload,2025-11-05,,,,,,lead,
C101123,Piotr,Schmidt,piotr_schmidt@hammersmithstudio.co,https://linkedin.com/in/piotr-schmidt-5109,Brand Manager,manager,Hammersmith Studio,hammersmithstudio.co,65,SEO Agency,Australia,apollo,2025-10-06,2025-12-27,email,trynoble.co,aeo-saas-jul,no_reply,,
C101124,Jonah,Souza,jsouza@nexuscoresystems.co,https://linkedin.com/in/jonah-souza-8174,Director of Demand Gen,director,Nexuscore Systems,nexuscoresystems.co,180,Developer Tools,United States,clay,2025-08-02,2025-11-05,linkedin,,aeo-consumer-jun,no_reply,,
C101125,Hassan,Weber,hassanw@mossbankwellness.com,https://linkedin.com/in/hassan-weber-9378,Affiliate Marketing Manager,manager,Mossbank Wellness,mossbankwellness.com,140,Health & Wellness,India,apollo,2025-12-06,,,,,,,
C101126,Stephanie,Jackson,stephanie.jackson@brightvale.io,https://linkedin.com/in/stephanie-jackson-6585,Head of Marketing,head,Brightvale,brightvale.io,1400,B2B Software,United States,clay,2025-09-24,,,,,,,
C101127,Layla,Fischer,layla.fischer@brightvale.io,https://linkedin.com/in/layla-fischer-639,Marketing Operations Manager,manager,Brightvale,brightvale.io,1400,SaaS,United States,apollo,2025-07-17,,,,,,,
C101128,Adam,Wilson,adam_wilson@fathomhousestudio.agency,https://linkedin.com/in/adam-wilson-5336,Performance Marketing Manager,manager,Fathomhouse Studio,fathomhousestudio.agency,8,PR Agency,Ireland,apollo,2025-07-29,2026-05-15,linkedin,,linkedin-seo-leads-jun,replied_negative,,
C101129,Megan,Harris,megan_harris@blueprintlabs.co,https://linkedin.com/in/megan-harris-6518,Head of Ecommerce,head,Blueprint Labs,blueprintlabs.co,45,Fintech,United Kingdom,clay,2026-05-19,,,,,,,
C101130,Amanda,Becker,amandabecker41@proton.me,https://linkedin.com/in/amanda-becker-7042,Marketing Operations Manager,manager,Freelance,proton.me,1,Digital Agency,United States,list_upload,2026-01-16,,,,,,opportunity,
C101131,Grace,Chatterjee,g.chatterjee@hazelnook.shop,https://linkedin.com/in/grace-chatterjee-1014,Growth Marketing Manager,manager,Hazelnook,hazelnook.shop,70,Home Goods,United States,apollo,2025-09-23,,,,,,,
C101132,Lars,Sullivan,lsullivan@overtone.com,https://linkedin.com/in/lars-sullivan-2638,Head of Marketing,head,Overtone,overtone.com,310,SaaS,United Kingdom,partner_referral,2025-12-13,,,,,,,
C101133,Neha,Wojcik,neha.wojcik@northlightmedia.co,https://linkedin.com/in/neha-wojcik-7626,Head of SEO,head,Northlight Media,northlightmedia.co,45,PR Agency,United States,apollo,2026-01-14,2026-05-14,email,noble-outreach.com,aeo-saas-q2,unsubscribed,subscriber,
C101134,Daniel,Jensen,danielj@ashgrovenutrition.com,https://linkedin.com/in/daniel-jensen-2948,Marketing Operations Manager,manager,Ashgrove Nutrition,ashgrovenutrition.com,400,Consumer Goods,United States,apollo,2026-04-16,2026-03-13,email,noble-outreach.com,aeo-consumer-jun,no_reply,,
C101135,Chloe,Liu,chloe.liu@trellismarketing.com,https://linkedin.com/in/chloe-liu-4919,AEO Lead,manager,Trellis Marketing,trellismarketing.com,8,SEO Agency,United States,apollo,2025-11-11,2026-03-17,email,noblehq.io,aeo-saas-q2,replied_negative,lead,
C101136,Isabella,Watanabe,isabella.watanabe@northpeakai.co,https://linkedin.com/in/isabella-watanabe-2179,Director of SEO,director,Northpeak AI,northpeakai.co,28,Cybersecurity,United States,apollo,2026-02-16,,,,,,,
C101137,Brandon,Wojcik,brandon@lightkeel.co,https://linkedin.com/in/brandon-wojcik-8812,Head of Demand Generation,head,Lightkeel,lightkeel.co,180,Developer Tools,United States,apollo,2025-11-26,,,,,,,
C101138,Rachel,Oliveira,rachel_oliveira@alderpoint.ai,https://linkedin.com/in/rachel-oliveira-9747,AEO Lead,manager,Alderpoint,alderpoint.ai,28,Fintech,United States,apollo,2026-05-19,,,,,,marketingqualifiedlead,
C101139,Chloe,Silva,csilva@latitudeone.ai,https://linkedin.com/in/chloe-silva-3779,Head of Demand Generation,head,Latitudeone,latitudeone.ai,620,Data & Analytics,United Kingdom,apollo,2025-08-28,,,,,,,
C101140,Chen,Fischer,chen.fischer@halogengroup.agency,https://linkedin.com/in/chen-fischer-5758,Brand Manager,manager,Halogen Group,halogengroup.agency,45,SEO Agency,Canada,apollo,2025-07-18,2026-01-14,email,trynoble.co,geo-agency-may,no_reply,lead,
C101141,Eric,Adams,erica@silverbrookplatform.com,https://linkedin.com/in/eric-adams-5686,Head of Organic Growth,head,Silverbrook Platform,silverbrookplatform.com,240,Cybersecurity,India,list_upload,2025-08-19,2026-01-29,email,noblehq.io,aeo-saas-q2,no_reply,,
C101142,Hannah,King,hannah.king@quantumleafhq.app,https://linkedin.com/in/hannah-king-4076,Performance Marketing Manager,manager,Quantumleaf HQ,quantumleafhq.app,120,Data & Analytics,United States,list_upload,2025-12-04,,,,,,,
C101143,Haruto,Ferrari,harutof@mosaiclysystems.io,https://linkedin.com/in/haruto-ferrari-6286,CMO,cxo,Mosaicly Systems,mosaiclysystems.io,450,B2B Software,Australia,apollo,2026-01-17,2025-12-24,email,getnoble.io,linkedin-seo-leads-jun,no_reply,,
C101144,Santiago,Zhang,santiago.zhang@petalwiseco.com,https://linkedin.com/in/santiago-zhang-5120,Head of Organic Growth,head,Petalwise & Co,petalwiseco.com,140,Supplements,Canada,apollo,2025-06-28,,,,,,,
C101145,Tunde,Johnson,tundej@nimbusworksplatform.co,https://linkedin.com/in/tunde-johnson-6556,Director of Content,director,Nimbusworks Platform,nimbusworksplatform.co,1400,Fintech,Australia,apollo,2025-09-26,,,,,,,
C101146,Adam,Bianchi,adam@northlightmedia.co,https://linkedin.com/in/adam-bianchi-8683,CMO,cxo,Northlight Media,northlightmedia.co,45,Digital Agency,United States,apollo,2025-11-19,,,,,,,
C101147,Jonah,Robinson,j.robinson@lightkeel.co,https://linkedin.com/in/jonah-robinson-1970,Head of Digital,head,Lightkeel,lightkeel.co,180,Developer Tools,United States,apollo,2025-09-24,,,,,,,
C101148,Grace,Thompson,g.thompson@fieldnotesmarketing.io,https://linkedin.com/in/grace-thompson-5441,Performance Marketing Manager,manager,Fieldnotes Marketing,fieldnotesmarketing.io,14,SEO Agency,United States,apollo,2025-07-29,,,,,,,
C101149,Xiu,Ryan,xryan@tideworksai.io,https://linkedin.com/in/xiu-ryan-3993,Content Marketing Manager,manager,Tideworks AI,tideworksai.io,180,SaaS,United States,apollo,2025-06-20,2025-10-01,email,noblehq.io,refresh-midmarket-jun,opened_no_reply,,
C101150,Jessica,Jung,jessica@helixware.io,https://linkedin.com/in/jessica-jung-4978,AEO Lead,manager,Helixware,helixware.io,310,HR Tech,United States,apollo,2025-09-20,2026-02-04,email,noblehq.io,aeo-saas-q2,no_reply,,
C101151,Divya,Schmidt,divya_schmidt@westgatecloud.co,https://linkedin.com/in/divya-schmidt-7667,Head of Digital,head,Westgate Cloud,westgatecloud.co,120,Martech,United States,apollo,2026-03-26,,,,,,,
C101152,Folake,Walker,folakew@westgatecloud.co,https://linkedin.com/in/folake-walker-6437,Head of Growth,head,Westgate Cloud,westgatecloud.co,120,Data & Analytics,United States,clay,2026-02-06,2025-12-01,email,noblehq.io,linkedin-seo-leads-jun,no_reply,,
C101153,Hyeri,Souza,hyeris@beaconworkslabs.com,https://linkedin.com/in/hyeri-souza-447,Digital Marketing Specialist,ic,Beaconworks Labs,beaconworkslabs.com,45,Cybersecurity,United States,partner_referral,2025-11-22,,,,,,,
C101154,Beatriz,Scott,beatriz.scott@fathomlyplatform.com,https://linkedin.com/in/beatriz-scott-6969,Marketing Operations Manager,manager,Fathomly Platform,fathomlyplatform.com,1400,SaaS,Australia,list_upload,2025-09-04,2026-03-03,email,noblehq.io,geo-agency-may,bounced,,
C101155,Rachel,Sun,rachel.sun@novafoldsoftware.com,https://linkedin.com/in/rachel-sun-8423,Head of Marketing,head,Novafold Software,novafoldsoftware.com,28,SaaS,United States,list_upload,2026-02-19,2026-03-09,email,noble-outreach.com,geo-agency-may,no_reply,,
C101156,Lars,Weber,lars.weber@meridiansystems.com,https://linkedin.com/in/lars-weber-237,Head of Growth,head,Meridian Systems,meridiansystems.com,720,Developer Tools,India,list_upload,2025-08-01,2026-06-19,email,trynoble.co,aeo-consumer-jun,replied_positive,,
C101157,Omar,Garcia,o.garcia@foxgloveco.com,https://linkedin.com/in/omar-garcia-3793,Growth Marketing Manager,manager,Foxglove & Co,foxgloveco.com,22,Consumer Goods,United States,partner_referral,2026-06-28,,,,,,,
C101158,Yan,Wright,yan@rosewaterco.com,https://linkedin.com/in/yan-wright-778,SEO Lead,manager,Rosewater & Co,rosewaterco.com,140,Supplements,India,clay,2025-11-15,2026-04-27,linkedin,,geo-agency-may,no_reply,lead,
C101159,Renata,Anderson,renata_anderson@nightjarhome.com,https://linkedin.com/in/renata-anderson-4057,Director of Growth,director,Nightjar Home,nightjarhome.com,280,Home Goods,United States,apollo,2026-06-12,2026-05-18,linkedin,,aeo-saas-q2,no_reply,,
C101160,Lucas,Almeida,lucas_almeida@helixware.io,https://linkedin.com/in/lucas-almeida-8199,Brand Manager,manager,Helixware,helixware.io,310,HR Tech,Australia,apollo,2025-07-18,,,,,,marketingqualifiedlead,
C101161,Magda,Nair,magda@terracottagoods.co,https://linkedin.com/in/magda-nair-7116,Director of Content,director,Terracotta Goods,terracottagoods.co,22,Beauty & Personal Care,United States,clay,2026-06-17,,,,,,,
C101162,Mateo,Mwangi,mateom@foxgloveco.com,https://linkedin.com/in/mateo-mwangi-2499,Head of Marketing,head,Foxglove & Co,foxgloveco.com,22,Health & Wellness,United States,inbound_form,2026-06-03,,,,,,,
C101163,Larissa,Chatterjee,larissa.chatterjee@yarrowhillsupply.shop,https://linkedin.com/in/larissa-chatterjee-4568,Growth Marketing Manager,manager,Yarrowhill Supply,yarrowhillsupply.shop,200,Consumer Goods,Germany,apollo,2025-08-16,,,,,,,
C101164,Rohan,Wu,r.wu@superbloomstudio.com,https://linkedin.com/in/rohan-wu-9901,Brand Manager,manager,Superbloom Studio,superbloomstudio.com,32,SEO Agency,United Kingdom,apollo,2026-02-16,,,,,,,
C101165,Camila,Kapoor,camila.kapoor@gmail.com,https://linkedin.com/in/camila-kapoor-2339,Demand Generation Manager,manager,Inkwell Software,inkwellsoftware.com,310,Developer Tools,United Kingdom,clay,2025-07-24,,,,,,lead,personal email captured from webinar signup
C101166,Melissa,Banerjee,mbanerjee@halcyontechnologies.io,https://linkedin.com/in/melissa-banerjee-4901,Director of Content,director,Halcyon Technologies,halcyontechnologies.io,900,SaaS,Germany,inbound_form,2025-09-18,2025-12-07,email,trynoble.co,aeo-saas-q2,replied_positive,,
C101167,Vikram,Perez,vikramp@hazelnook.shop,https://linkedin.com/in/vikram-perez-2593,Marketing Director,director,Hazelnook,hazelnook.shop,70,Consumer Goods,United States,apollo,2025-12-24,,,,,,marketingqualifiedlead,
C101168,Meera,Torres,meerat@rankpilot.ai,https://linkedin.com/in/meera-torres-6912,Head of Demand Generation,head,RankPilot AI,rankpilot.ai,34,B2B Software,United States,apollo,2025-10-30,,,,,,,
C101169,Fatima,Jones,f.jones@threadbarepartners.co,https://linkedin.com/in/fatima-jones-178,Chief Growth Officer,cxo,Threadbare Partners,threadbarepartners.co,130,SEO Agency,Canada,clay,2026-03-14,,,,,,,
C101170,Chen,Perez,cperez@ironwillowhome.com,https://linkedin.com/in/chen-perez-1283,Marketing Director,director,Ironwillow Home,ironwillowhome.com,140,Supplements,Australia,clay,2026-02-07,,,,,,marketingqualifiedlead,
C101171,Ashley,Suzuki,a.suzuki@zenithlyhq.io,https://linkedin.com/in/ashley-suzuki-6187,Chief Growth Officer,cxo,Zenithly HQ,zenithlyhq.io,120,Martech,United States,list_upload,2025-08-04,,,,,,lead,
C101172,Hassan,Brown,hassan.brown@silverbrook.io,https://linkedin.com/in/hassan-brown-6177,Technical SEO Manager,manager,Silverbrook Technologies,silverbrook.io,810,Data & Analytics,United Kingdom,apollo,2026-05-28,2026-07-11,email,getnoble.io,aeo-saas-jul,opened_no_reply,customer,
C101173,Michael,Diallo,michael@superbloomstudio.com,https://linkedin.com/in/michael-diallo-4470,Head of Organic Growth,head,Superbloom Studio,superbloomstudio.com,32,PR Agency,United States,clay,2026-05-24,2025-12-03,email,getnoble.io,aeo-saas-jul,no_reply,,
C101174,Takashi,Sullivan,takashi@orchardlynutrition.com,https://linkedin.com/in/takashi-sullivan-6427,Chief Growth Officer,cxo,Orchardly Nutrition,orchardlynutrition.com,48,Beauty & Personal Care,India,partner_referral,2026-01-29,,,,,,marketingqualifiedlead,
C101175,Hannah,Otieno,hannah.otieno@terracottagoods.co,https://linkedin.com/in/hannah-otieno-6424,Director of Acquisition,director,Terracotta Goods,terracottagoods.co,22,Home Goods,Australia,list_upload,2026-02-20,,,,,,,
C101176,David,Adeyemi,david_adeyemi@honeycresthome.shop,https://linkedin.com/in/david-adeyemi-747,Brand Manager,manager,Honeycrest Home,honeycresthome.shop,35,Apparel,United States,clay,2026-05-08,,,,,,marketingqualifiedlead,
C101177,Tomas,Lopez,tomas@overtone.com,https://linkedin.com/in/tomas-lopez-8247,Marketing Operations Manager,manager,Overtone,overtone.com,310,HR Tech,Netherlands,list_upload,2025-07-20,2026-07-03,email,trynoble.co,aeo-saas-q2,no_reply,,
C101178,Emeka,White,emekaw@quillfeatherwellness.com,https://linkedin.com/in/emeka-white-509,Head of Content,head,Quillfeather Wellness,quillfeatherwellness.com,200,Consumer Goods,United States,apollo,2026-03-02,,,,,,marketingqualifiedlead,
C101179,Meera,Osei,meera_osei@basecamp9.ai,https://linkedin.com/in/meera-osei-7399,SEO Lead,manager,Basecamp9,basecamp9.ai,450,HR Tech,Germany,clay,2025-09-24,2026-02-18,email,noblehq.io,aeo-saas-q2,no_reply,,
C101180,Emily,Lewis,,https://linkedin.com/in/emily-lewis-7249,Director of SEO,director,Kelpforest,kelpforest.co,95,Beauty & Personal Care,United Kingdom,apollo,2025-12-30,2026-05-12,linkedin,,linkedin-seo-leads-jun,no_reply,,no email found - linkedin only
C101181,MATEO,Park,  MATEO.PARK@VERDANTBEAUTY.COM ,https://linkedin.com/in/mateo-park-7358,Head of Ecommerce,head,Verdant Beauty,verdantbeauty.com,140,Home Goods,United States,partner_referral,2025-07-29,,,,,,,
C101182,Michael,Malhotra,michael.malhotra@clovergrovecollective.com,https://linkedin.com/in/michael-malhotra-2495,Performance Marketing Manager,manager,Clovergrove Collective,clovergrovecollective.com,22,Consumer Goods,United Kingdom,inbound_form,2026-01-19,,,,,,lead,
C101183,Ananya,Yang,ananya@terrafirma.com,https://linkedin.com/in/ananya-yang-2795,Co-Founder & CEO,cxo,Terrafirma,terrafirma.com,60,HR Tech,Australia,apollo,2026-06-01,,,,,,,
C101184,Santiago,White,santiago_white@longshorepartners.agency,https://linkedin.com/in/santiago-white-8015,Founder,cxo,Longshore Partners,longshorepartners.agency,45,Digital Agency,United States,apollo,2026-01-11,,,,,,,
C101185,Folake,Johnson,folake@nightjarhome.com,https://linkedin.com/in/folake-johnson-2771,Head of Demand Generation,head,Nightjar Home,nightjarhome.com,280,Consumer Goods,Canada,clay,2026-06-25,,,,,,,
C101186,Camila,Nelson,camilan@flintlocksoftware.com,https://linkedin.com/in/camila-nelson-8235,Marketing Director,director,Flintlock Software,flintlocksoftware.com,240,Cybersecurity,Brazil,inbound_form,2026-02-25,2026-01-15,email,getnoble.io,refresh-midmarket-jun,no_reply,,
C101187,Lars,Harris,lharris@nexuscoresystems.co,https://linkedin.com/in/lars-harris-6301,SEO Manager,manager,Nexuscore Systems,nexuscoresystems.co,180,Data & Analytics,Brazil,list_upload,2026-01-01,,,,,,,
C101188,Anja,Anderson,aanderson@vertexly.app,https://linkedin.com/in/anja-anderson-4043,Head of Marketing,head,Vertexly,vertexly.app,45,Cybersecurity,United States,apollo,2025-08-18,,,,,,marketingqualifiedlead,
C101189,Andrew,Hernandez,andrew.hernandez@lightkeel.co,https://linkedin.com/in/andrew-hernandez-73,Founder,cxo,Lightkeel,lightkeel.co,180,B2B Software,United States,clay,2025-10-26,,,,,,lead,
C101190,Hannah,Byrne,h.byrne@superbloomstudio.com,https://linkedin.com/in/hannah-byrne-4758,Content Marketing Manager,manager,Superbloom Studio,superbloomstudio.com,32,Marketing Agency,United States,clay,2026-04-25,2026-06-03,linkedin,,linkedin-seo-leads-jun,no_reply,,
C101191,Larissa,Jung,larissaj@superbloomstudio.com,https://linkedin.com/in/larissa-jung-5326,Growth Marketing Manager,manager,Superbloom Studio,superbloomstudio.com,32,SEO Agency,Australia,list_upload,2025-11-01,,,,,,,
C101192,Zainab,Zhao,zainabz@goldleafco.co,https://linkedin.com/in/zainab-zhao-9641,Performance Marketing Manager,manager,Goldleaf & Co,goldleafco.co,70,Supplements,United Kingdom,inbound_form,2025-06-23,2026-07-10,linkedin,,refresh-midmarket-jun,replied_positive,,
C101193,Xiu,Hall,x.hall@kindredgroup.io,https://linkedin.com/in/xiu-hall-2296,Performance Marketing Manager,manager,Kindred Group,kindredgroup.io,65,Marketing Agency,United States,apollo,2026-06-11,,,,,,,
C101194,Joshua,Jung,joshua@quarryhq.com,https://linkedin.com/in/joshua-jung-148,CMO,cxo,Quarryhq,quarryhq.com,85,Developer Tools,Australia,list_upload,2025-08-30,,,,,,,
C101195,Ruby,Doyle,r.doyle@terrafirma.com,https://linkedin.com/in/ruby-doyle-7743,Senior SEO Specialist,ic,Terrafirma,terrafirma.com,60,SaaS,United Kingdom,apollo,2025-09-10,,,,,,,
C101196,Grace,Martinez,grace_martinez@reedmarsh.com,https://linkedin.com/in/grace-martinez-4659,Head of Content,head,Reedmarsh,reedmarsh.com,22,Beauty & Personal Care,Canada,inbound_form,2025-08-04,,,,,,lead,
C101197,Brandon,Ferreira,bferreira@brightsparkdigital.com,https://linkedin.com/in/brandon-ferreira-581,Demand Generation Manager,manager,Brightspark Digital,brightsparkdigital.com,8,PR Agency,Canada,clay,2025-08-17,,,,,,,
C101198,Michael,Kelly,michael_kelly@loopworkplatform.com,https://linkedin.com/in/michael-kelly-2975,VP of Marketing,vp,Loopwork Platform,loopworkplatform.com,180,Fintech,United States,list_upload,2025-08-13,2026-03-20,email,trynoble.co,geo-agency-may,no_reply,customer,
C101199,Isabella,Schmidt,isabella@anchorlinesoftware.com,https://linkedin.com/in/isabella-schmidt-780,Marketing Director,director,Anchorline Software,anchorlinesoftware.com,620,HR Tech,Canada,apollo,2025-10-14,,,,,,marketingqualifiedlead,
C101200,Jing,Bianchi,jbianchi@saltmarshnutrition.shop,https://linkedin.com/in/jing-bianchi-8050,Head of SEO,head,Saltmarsh Nutrition,saltmarshnutrition.shop,140,Home Goods,United States,apollo,2025-08-20,2025-12-26,email,noblehq.io,aeo-saas-q2,no_reply,,
C101201,Olivia,Liu,olivial@foxgloveco.com,https://linkedin.com/in/olivia-liu-1895,Growth Marketing Manager,manager,Foxglove & Co,foxgloveco.com,22,Health & Wellness,United States,apollo,2025-07-08,,,,,,,
C101202,Amanda,Zhang,amanda@terrafirma.com,https://linkedin.com/in/amanda-zhang-4723,Director of Demand Gen,director,Terrafirma,terrafirma.com,60,B2B Software,Brazil,partner_referral,2026-03-29,,,,,,,
C101203,Ashley,Costa,ashleyc@quarryhq.com,https://linkedin.com/in/ashley-costa-1076,CMO,cxo,Quarryhq,quarryhq.com,85,Developer Tools,United Kingdom,linkedin_scrape,2026-02-20,2026-02-10,email,noble-outreach.com,aeo-consumer-jun,no_reply,,
C101204,Chidi,Chen,chidi@yarrowhillsupply.shop,https://linkedin.com/in/chidi-chen-6500,Marketing Director,director,Yarrowhill Supply,yarrowhillsupply.shop,200,Consumer Goods,Spain,apollo,2026-04-08,2025-11-06,email,getnoble.io,aeo-saas-q2,no_reply,lead,
C101205,Daniel,Taylor,dtaylor@lightkeel.co,https://linkedin.com/in/daniel-taylor-911,Marketing Director,director,Lightkeel,lightkeel.co,180,Developer Tools,Canada,apollo,2025-09-24,,,,,,opportunity,
C101206,Zainab,Mehta,zainab_mehta@ashgrovenutrition.com,https://linkedin.com/in/zainab-mehta-8682,Director of Growth,director,Ashgrove Nutrition,ashgrovenutrition.com,400,Beauty & Personal Care,United States,clay,2026-02-06,,,,,,,
C101207,Neha,Green,n.green@goldleafco.co,https://linkedin.com/in/neha-green-8058,AEO Lead,manager,Goldleaf & Co,goldleafco.co,70,Supplements,United States,apollo,2025-08-10,,,,,,,
C101208,Olivia,Chatterjee,o.chatterjee@ironbridge.com,https://linkedin.com/in/olivia-chatterjee-9940,Head of Marketing,head,Ironbridge,ironbridge.com,900,B2B Software,Germany,apollo,2026-04-27,2026-05-05,email,getnoble.io,geo-agency-may,bounced,lead,hard bounce - 550 no such user
C101209,Melissa,Tanaka,melissat@terracottagoods.co,https://linkedin.com/in/melissa-tanaka-1410,Senior SEO Specialist,ic,Terracotta Goods,terracottagoods.co,22,Home Goods,Brazil,apollo,2025-10-28,,,,,,,
C101210,Rebecca,Ryan,r.ryan@clovergrovecollective.com,https://linkedin.com/in/rebecca-ryan-5381,Brand Manager,manager,Clovergrove Collective,clovergrovecollective.com,22,Supplements,United Kingdom,partner_referral,2026-06-04,,,,,,,
C101211,Isabella,Rao,isabellar@brightvale.io,https://linkedin.com/in/isabella-rao-8837,Affiliate Marketing Manager,manager,Brightvale,brightvale.io,1400,SaaS,Spain,apollo,2025-07-21,2026-03-30,email,noblehq.io,aeo-saas-jul,no_reply,,
C101212,Camila,Becker,camila.becker@driftwood.co,https://linkedin.com/in/camila-becker-6941,SEO Manager,manager,Driftwood,driftwood.co,620,Martech,United States,apollo,2026-01-13,,,,,,lead,
C101213,Justin,Novak,j.novak@foundryhqsoftware.com,https://linkedin.com/in/justin-novak-3998,Head of Growth,head,Foundryhq Software,foundryhqsoftware.com,1400,HR Tech,United States,apollo,2025-08-04,,,,,,marketingqualifiedlead,
C101214,Omar,Chatterjee,omarc@umbrahqsoftware.co,https://linkedin.com/in/omar-chatterjee-8896,PR Manager,manager,Umbrahq Software,umbrahqsoftware.co,1400,HR Tech,United States,list_upload,2026-04-10,,,,,,,
C101215,Tomas,Davis,tomasd@meadowlarknutrition.com,https://linkedin.com/in/tomas-davis-7848,Head of Communications,head,Meadowlark Nutrition,meadowlarknutrition.com,280,Beauty & Personal Care,Canada,apollo,2025-09-20,,,,,,,
C101216,Sanne,Kapoor,sannek@loopworkplatform.com,https://linkedin.com/in/sanne-kapoor-2497,Marketing Operations Manager,manager,Loopwork Platform,loopworkplatform.com,180,SaaS,United States,clay,2026-04-03,,,,,,marketingqualifiedlead,
C101217,Kwame,Larsen,kwame@verdantbeauty.com,https://linkedin.com/in/kwame-larsen-3060,Head of Partnerships,head,Verdant Beauty,verdantbeauty.com,140,Beauty & Personal Care,Canada,clay,2025-11-08,,,,,,,
C101218,Yuki,Gallagher,yukig@vantagepoint.app,https://linkedin.com/in/yuki-gallagher-7502,Brand Manager,manager,Vantagepoint,vantagepoint.app,120,Cybersecurity,Ireland,list_upload,2025-09-02,,,,,,,
C101219,Santiago,Costa,santiago_costa@vertexly.app,https://linkedin.com/in/santiago-costa-3250,Head of Organic Growth,head,Vertexly,vertexly.app,45,Data & Analytics,United States,clay,2025-06-19,,,,,,lead,
C101220,Katherine,Johnson,katherine@ashgrovenutrition.com,https://linkedin.com/in/katherine-johnson-6438,Digital Marketing Specialist,ic,Ashgrove Nutrition,ashgrovenutrition.com,400,Apparel,United States,clay,2026-01-14,,,,,,customer,
C101221,Amanda,Mensah,amanda@foundryhqsoftware.com,https://linkedin.com/in/amanda-mensah-4756,VP of Marketing,vp,Foundryhq Software,foundryhqsoftware.com,1400,Cybersecurity,United States,apollo,2025-08-18,2026-03-13,linkedin,,geo-agency-may,no_reply,,
C101222,Haruto,Adeyemi,haruto_adeyemi@lightkeel.co,https://linkedin.com/in/haruto-adeyemi-4384,Head of Digital,head,Lightkeel,lightkeel.co,180,Fintech,Brazil,apollo,2026-04-21,2026-03-21,email,noble-outreach.com,geo-agency-may,no_reply,subscriber,
C101223,Tomas,Weber,tomas@gingerlily.co,https://linkedin.com/in/tomas-weber-557,Head of Marketing,head,Gingerlily,gingerlily.co,400,Food & Beverage,India,inbound_form,2026-03-19,2025-11-23,email,trynoble.co,aeo-saas-jul,no_reply,,
C101224,Yusuf,Martinez,yusufm@trellismarketing.com,https://linkedin.com/in/yusuf-martinez-6887,Chief Growth Officer,cxo,Trellis Marketing,trellismarketing.com,8,Digital Agency,Canada,apollo,2026-02-15,2026-04-17,linkedin,,aeo-consumer-jun,no_reply,,
C101225,Camila,Jensen,cjensen@threadbarepartners.co,https://linkedin.com/in/camila-jensen-2977,Head of Content,head,Threadbare Partners,threadbarepartners.co,130,Marketing Agency,United States,apollo,2026-06-15,,,,,,,
C101226,Wei,Jung,wei.jung@fernwood.io,https://linkedin.com/in/wei-jung-7856,Director of SEO,director,Fernwood,fernwood.io,620,SaaS,Canada,partner_referral,2025-06-28,2026-02-03,linkedin,,aeo-saas-jul,no_reply,,
C101227,Freja,Anderson,fanderson@cadenceio.io,https://linkedin.com/in/freja-anderson-1255,Head of Organic Growth,head,Cadenceio,cadenceio.io,,SaaS,,apollo,2025-11-20,,,,,,,
C101228,Christina,Miller,cmiller@quantumleafhq.app,https://linkedin.com/in/christina-miller-5705,Technical SEO Manager,manager,Quantumleaf HQ,quantumleafhq.app,120,B2B Software,United States,apollo,2026-06-20,,,,,,lead,
C101229,Mikkel,Jensen,mjensen@elmstreetsystems.com,https://linkedin.com/in/mikkel-jensen-8524,Head of Ecommerce,head,Elmstreet Systems,elmstreetsystems.com,450,Fintech,United States,apollo,2025-09-10,,,,,,,
C101230,Samuel,Taylor,samuel.taylor@northlightmedia.co,https://linkedin.com/in/samuel-taylor-9908,Growth Marketing Manager,manager,Northlight Media,northlightmedia.co,45,Digital Agency,United States,clay,2026-02-17,2026-06-08,email,trynoble.co,aeo-consumer-jun,no_reply,,
C101231,Jing,Nielsen,jing@silverbrookplatform.com,https://linkedin.com/in/jing-nielsen-3422,Marketing Director,director,Silverbrook Platform,silverbrookplatform.com,240,SaaS,Germany,apollo,2025-10-06,,,,,,marketingqualifiedlead,
C101232,Sanne,Novak,s.novak@jasmindale.com,https://linkedin.com/in/sanne-novak-3072,Director of Content,director,Jasmindale,jasmindale.com,48,Supplements,United Kingdom,clay,2025-09-17,,,,,,,
C101233,Emily,Joshi,emilyj@honeycresthome.shop,https://linkedin.com/in/emily-joshi-8266,Head of Content,head,Honeycrest Home,honeycresthome.shop,35,Health & Wellness,United States,apollo,2025-07-13,2026-02-09,email,trynoble.co,aeo-consumer-jun,no_reply,,
C101234,Hannah,Jones,hannah.jones@birchmoorgoods.com,https://linkedin.com/in/hannah-jones-537,Demand Generation Manager,manager,Birchmoor Goods,birchmoorgoods.com,400,Food & Beverage,Canada,clay,2026-05-07,,,,,,,
C101235,Marieke,Costa,m.costa@brightsparkdigital.com,https://linkedin.com/in/marieke-costa-8364,Head of Organic Growth,head,Brightspark Digital,brightsparkdigital.com,8,SEO Agency,United States,apollo,2025-10-28,,,,,,,
C101236,Piotr,Okafor,p.okafor@loopworkplatform.com,https://linkedin.com/in/piotr-okafor-4243,Director of Content,director,Loopwork Platform,loopworkplatform.com,180,HR Tech,Brazil,apollo,2026-06-25,,,,,,,
C101237,Amara,Costa,amara.costa@gmail.com,https://linkedin.com/in/amara-costa-2313,Performance Marketing Manager,manager,Kindred Group,kindredgroup.io,65,SEO Agency,United States,apollo,2025-10-28,,,,,,marketingqualifiedlead,personal email captured from webinar signup
C101238,Brandon,Chatterjee,brandon.chatterjee@lightkeel.co,https://linkedin.com/in/brandon-chatterjee-9316,Director of Acquisition,director,Lightkeel,lightkeel.co,180,Fintech,United States,apollo,2025-07-27,2026-02-09,email,getnoble.io,aeo-saas-q2,replied_positive,,
C101239,Ingrid,Johnson,i.johnson@loopworkplatform.com,https://linkedin.com/in/ingrid-johnson-4222,Head of Digital,head,Loopwork Platform,loopworkplatform.com,180,B2B Software,United States,clay,2025-06-19,2026-07-04,email,noblehq.io,aeo-saas-q2,no_reply,subscriber,
C101240,Min,Muller,m.muller@ashgrovenutrition.com,https://linkedin.com/in/min-muller-8030,Head of Communications,head,Ashgrove Nutrition,ashgrovenutrition.com,400,Home Goods,United States,apollo,2026-06-21,2026-07-18,email,noblehq.io,aeo-saas-q2,no_reply,,
C101241,James,Jensen,james_jensen@willowmerenutrition.com,https://linkedin.com/in/james-jensen-6122,Marketing Operations Manager,manager,Willowmere Nutrition,willowmerenutrition.com,70,Beauty & Personal Care,United States,apollo,2025-12-02,2026-01-10,email,trynoble.co,geo-agency-may,no_reply,,
C101242,Aisha,Jones,aishaj@meridian-analytics.io,https://linkedin.com/in/aisha-jones-4297,Technical SEO Manager,manager,Meridian Analytics,meridian-analytics.io,190,Data & Analytics,Australia,clay,2025-09-30,,,,,,lead,
C101243,Olivia,Santos,olivias@signalpathai.com,https://linkedin.com/in/olivia-santos-1060,Director of Acquisition,director,Signalpath AI,signalpathai.com,1400,HR Tech,United States,apollo,2025-11-19,,,,,,,
C101244,Felipe,Osei,felipeo@clearwaterplatform.com,https://linkedin.com/in/felipe-osei-3244,Marketing Operations Manager,manager,Clearwater Platform,clearwaterplatform.com,1400,HR Tech,United States,clay,2025-08-31,2026-03-15,linkedin,,aeo-saas-q2,no_reply,,
C101245,Sakura,Doyle,sakura.doyle@jasmindale.com,https://linkedin.com/in/sakura-doyle-1170,CMO,cxo,Jasmindale,jasmindale.com,48,Supplements,Australia,apollo,2025-10-13,,,,,,opportunity,
C101246,Elias,Watanabe,elias.watanabe@threadbarepartners.co,https://linkedin.com/in/elias-watanabe-7389,Digital Marketing Specialist,ic,Threadbare Partners,threadbarepartners.co,130,PR Agency,United States,apollo,2025-09-30,2026-02-01,email,getnoble.io,aeo-saas-jul,no_reply,,
C101247,Matthew,Sharma,matthew@ironbridge.com,https://linkedin.com/in/matthew-sharma-3202,Head of Growth,head,Ironbridge,ironbridge.com,900,Cybersecurity,United States,clay,2026-05-19,,,,,,,
C101248,Wei,Romano,w.romano@northpeakai.co,https://linkedin.com/in/wei-romano-5613,Director of Demand Gen,director,Northpeak AI,northpeakai.co,28,Data & Analytics,United States,inbound_form,2025-09-13,,,,,,,
C101249,Marieke,Perez,mperez@tideworksai.io,https://linkedin.com/in/marieke-perez-2128,Technical SEO Manager,manager,Tideworks AI,tideworksai.io,180,Developer Tools,United States,list_upload,2026-06-08,,,,,,,
C101250,Folake,Verma,folake@mercury9agency.com,https://linkedin.com/in/folake-verma-77,Director of Demand Gen,director,Mercury9 Agency,mercury9agency.com,45,PR Agency,United States,partner_referral,2026-06-05,,,,,,,
C101251,Santiago,Moore,santiago.moore@hammersmithstudio.co,https://linkedin.com/in/santiago-moore-495,Head of Organic Growth,head,Hammersmith Studio,hammersmithstudio.co,65,Marketing Agency,Australia,clay,2025-08-24,2026-04-22,email,noble-outreach.com,aeo-consumer-jun,opened_no_reply,,
C101252,Rafael,Bianchi,rafael.bianchi@vantagepoint.app,https://linkedin.com/in/rafael-bianchi-8724,Director of Growth,director,Vantagepoint,vantagepoint.app,120,Fintech,Spain,inbound_form,2025-06-28,,,,,,,
C101253,Piotr,Ryan,,https://linkedin.com/in/piotr-ryan-3826,Marketing Operations Manager,manager,Wavelength Group,wavelengthgroup.agency,130,SEO Agency,United States,apollo,2025-12-09,,,,,,,no email found - linkedin only
C101254,Jihoon,Fischer,jihoon@sunhavencollective.shop,https://linkedin.com/in/jihoon-fischer-211,Head of Growth,head,Sunhaven Collective,sunhavencollective.shop,400,Apparel,United States,list_upload,2026-03-05,,,,,,,
C101255,Stephanie,Chatterjee,s.chatterjee@beelinestudio.io,https://linkedin.com/in/stephanie-chatterjee-482,Co-Founder & CEO,cxo,Beeline Studio,beelinestudio.io,90,SEO Agency,Germany,list_upload,2025-07-06,,,,,,,
C101256,Marieke,Robinson,marieke_robinson@foundryhqsoftware.com,https://linkedin.com/in/marieke-robinson-9858,Content Marketing Manager,manager,Foundryhq Software,foundryhqsoftware.com,1400,Fintech,United States,apollo,2026-02-25,2026-04-17,email,getnoble.io,aeo-consumer-jun,bounced,,
C101257,Nicole,Oliveira,nicole.oliveira@thistledowncollective.shop,https://linkedin.com/in/nicole-oliveira-3509,Director of SEO,director,Thistledown Collective,thistledowncollective.shop,12,Food & Beverage,United States,apollo,2025-09-13,,,,,,,
C101258,Yan,Abubakar,yan@signalpathai.com,https://linkedin.com/in/yan-abubakar-1100,Head of Partnerships,head,Signalpath AI,signalpathai.com,1400,HR Tech,United States,apollo,2026-04-24,2026-07-08,email,trynoble.co,aeo-consumer-jun,replied_negative,marketingqualifiedlead,
C101259,James,Nowak,james@stonepath.io,https://linkedin.com/in/james-nowak-5930,Head of Ecommerce,head,Stonepath,stonepath.io,120,HR Tech,United States,clay,2026-06-06,,,,,,,
C101260,Xiu,Ferrari,xiu_ferrari@clearwaterplatform.com,https://linkedin.com/in/xiu-ferrari-5318,Senior SEO Specialist,ic,Clearwater Platform,clearwaterplatform.com,1400,Martech,United Kingdom,linkedin_scrape,2026-01-18,,,,,,,
C101261,Yuki,Allen,yallen@halogengroup.agency,https://linkedin.com/in/yuki-allen-7423,Technical SEO Manager,manager,Halogen Group,halogengroup.agency,45,PR Agency,Canada,apollo,2025-07-23,2026-01-16,email,getnoble.io,linkedin-seo-leads-jun,opened_no_reply,lead,
C101262,Piotr,Thomas,piotr_thomas@everbloom.shop,https://linkedin.com/in/piotr-thomas-7884,SEO Lead,manager,Everbloom,everbloom.shop,48,Supplements,India,inbound_form,2025-11-23,2026-06-19,linkedin,,geo-agency-may,no_reply,subscriber,
C101263,Chloe,Kowalski,chloe@nightjarhome.com,https://linkedin.com/in/chloe-kowalski-9021,VP of Marketing,vp,Nightjar Home,nightjarhome.com,280,Beauty & Personal Care,United States,apollo,2026-03-30,,,,,,,
C101264,Freja,Thompson,freja@kindredgroup.io,https://linkedin.com/in/freja-thompson-1689,Director of Content,director,Kindred Group,kindredgroup.io,65,Digital Agency,United States,linkedin_scrape,2026-06-08,,,,,,,
C101265,Daniel,Young,dyoung@vantagepoint.app,https://linkedin.com/in/daniel-young-6817,Marketing Director,director,Vantagepoint,vantagepoint.app,120,Data & Analytics,United Kingdom,apollo,2025-07-25,2026-06-08,email,trynoble.co,geo-agency-may,no_reply,lead,
C101266,Layla,White,laylaw@clearwaterplatform.com,https://linkedin.com/in/layla-white-3949,Senior SEO Specialist,ic,Clearwater Platform,clearwaterplatform.com,1400,Cybersecurity,United States,apollo,2026-05-06,2026-01-11,linkedin,,linkedin-seo-leads-jun,unsubscribed,lead,
C101267,Melissa,Zhao,m.zhao@goldleafco.co,https://linkedin.com/in/melissa-zhao-7447,VP of Marketing,vp,Goldleaf & Co,goldleafco.co,70,Health & Wellness,Brazil,apollo,2026-03-21,,,,,,,
C101268,Justin,Becker,justin.becker@clearwaterplatform.com,https://linkedin.com/in/justin-becker-5371,Head of Communications,head,Clearwater Platform,clearwaterplatform.com,1400,Cybersecurity,United States,inbound_form,2026-01-25,,,,,,,
C101269,Sarah,Thomas,sarah.thomas@anchorlinesoftware.com,https://linkedin.com/in/sarah-thomas-5762,Digital Marketing Specialist,ic,Anchorline Software,anchorlinesoftware.com,620,Data & Analytics,United States,apollo,2026-02-12,,,,,,,
C101270,Sarah,Iyer,sarah.iyer@cobaltsoftware.app,https://linkedin.com/in/sarah-iyer-6043,Director of SEO,director,Cobalt Software,cobaltsoftware.app,28,Martech,United States,list_upload,2026-06-29,2026-02-21,linkedin,,aeo-consumer-jun,no_reply,,
C101271,Valentina,O'Brien,vobrien@meadowlarknutrition.com,https://linkedin.com/in/valentina-obrien-5231,Founder,cxo,Meadowlark Nutrition,meadowlarknutrition.com,280,Home Goods,United States,apollo,2026-06-09,2026-06-08,email,noblehq.io,refresh-midmarket-jun,no_reply,,
C101272,Kevin,Thompson,k.thompson@yarrowhillsupply.shop,https://linkedin.com/in/kevin-thompson-4409,Demand Generation Manager,manager,Yarrowhill Supply,yarrowhillsupply.shop,200,Health & Wellness,Canada,clay,2025-10-19,2026-06-20,email,noblehq.io,aeo-consumer-jun,no_reply,opportunity,
C101273,Daniel,Souza,daniel@reedmarsh.com,https://linkedin.com/in/daniel-souza-7768,Director of Growth,director,Reedmarsh,reedmarsh.com,22,Consumer Goods,United Kingdom,apollo,2026-04-17,2026-02-08,email,trynoble.co,refresh-midmarket-jun,no_reply,subscriber,
C101274,Freja,Ramirez,freja.ramirez@wavelengthgroup.agency,https://linkedin.com/in/freja-ramirez-4419,Director of Demand Gen,director,Wavelength Group,wavelengthgroup.agency,130,PR Agency,United States,apollo,2025-09-10,2026-03-29,linkedin,,aeo-consumer-jun,no_reply,,
C101275,Christina,Nkemelu,christinan@beaconworkslabs.com,https://linkedin.com/in/christina-nkemelu-3830,Head of Growth,head,Beaconworks Labs,beaconworkslabs.com,45,B2B Software,Netherlands,apollo,2026-02-26,,,,,,opportunity,
C101276,Piotr,Scott,p.scott@palmwoodco.shop,https://linkedin.com/in/piotr-scott-7174,Brand Manager,manager,Palmwood & Co,palmwoodco.shop,12,Food & Beverage,Ireland,inbound_form,2025-07-23,,,,,,,
C101277,Lars,Davis,larsd@cedarcrestnutrition.com,https://linkedin.com/in/lars-davis-3836,AEO Lead,manager,Cedarcrest Nutrition,cedarcrestnutrition.com,12,Food & Beverage,Australia,clay,2025-11-09,,,,,,subscriber,
C101278,Elias,Bianchi,eliasb@hammersmithstudio.co,https://linkedin.com/in/elias-bianchi-3322,AEO Lead,manager,Hammersmith Studio,hammersmithstudio.co,65,SEO Agency,India,clay,2025-12-11,,,,,,,
C101279,Larissa,King,larissa.king@cadenceio.io,https://linkedin.com/in/larissa-king-5532,VP of Marketing,vp,Cadenceio,cadenceio.io,45,SaaS,Netherlands,clay,2025-09-28,2026-06-14,email,noblehq.io,geo-agency-may,replied_negative,,
C101280,Lauren,Bianchi,laurenb@hammersmithstudio.co,https://linkedin.com/in/lauren-bianchi-9117,Director of Demand Gen,director,Hammersmith Studio,hammersmithstudio.co,65,Digital Agency,United States,apollo,2025-09-11,2026-03-04,linkedin,,aeo-saas-q2,replied_positive,,
C101281,Grace,Ryan,g.ryan@waypointhqhq.app,https://linkedin.com/in/grace-ryan-6078,VP of Marketing,vp,Waypointhq HQ,waypointhqhq.app,45,B2B Software,Netherlands,apollo,2026-05-25,,,,,,lead,
C101282,Rafael,Hansen,rafael_hansen@meridiansystems.com,https://linkedin.com/in/rafael-hansen-8707,Growth Marketing Manager,manager,Meridian Systems,meridiansystems.com,1400,B2B Software,United States,clay,2026-06-01,,,,,,,
C101283,Lars,Gonzalez,lgonzalez@petalwiseco.com,https://linkedin.com/in/lars-gonzalez-2739,Senior SEO Specialist,ic,Petalwise & Co,petalwiseco.com,140,Apparel,Canada,list_upload,2026-06-01,,,,,,,
C101284,Greta,Tanaka,g.tanaka@duskwood.com,https://linkedin.com/in/greta-tanaka-3730,Head of Partnerships,head,Duskwood,duskwood.com,140,Food & Beverage,United States,clay,2026-06-03,2026-06-16,linkedin,,aeo-saas-jul,no_reply,,
C101285,Laura,Kobayashi,lkobayashi@trellismarketing.com,https://linkedin.com/in/laura-kobayashi-7858,Head of Growth,head,Trellis Marketing,trellismarketing.com,8,SEO Agency,Spain,apollo,2025-11-24,2026-03-15,email,noble-outreach.com,refresh-midmarket-jun,replied_negative,marketingqualifiedlead,
C101286,Marieke,Davis,marieke_davis@hazelnook.shop,https://linkedin.com/in/marieke-davis-4521,Head of Communications,head,Hazelnook,hazelnook.shop,70,Supplements,United States,apollo,2025-06-30,2026-06-27,email,getnoble.io,aeo-consumer-jun,no_reply,,
C101287,Hassan,Hansen,hassanh@copperkettlenutrition.com,https://linkedin.com/in/hassan-hansen-9042,Brand Manager,manager,Copperkettle Nutrition,copperkettlenutrition.com,70,Consumer Goods,Australia,inbound_form,2026-04-29,,,,,,,
C101288,Adam,Kim,adam.kim@longshorepartners.agency,https://linkedin.com/in/adam-kim-3424,Digital Marketing Specialist,ic,Longshore Partners,longshorepartners.agency,45,Marketing Agency,United States,partner_referral,2026-07-02,,,,,,,
C101289,Chen,Thomas,chen.thomas@harborview.com,https://linkedin.com/in/chen-thomas-3375,Affiliate Marketing Manager,manager,Harborview,harborview.com,45,B2B Software,United States,apollo,2025-09-19,,,,,,,
C101290,Andrew,Walker,andreww@pinnaclesoftcloud.com,https://linkedin.com/in/andrew-walker-1539,Technical SEO Manager,manager,Pinnaclesoft Cloud,pinnaclesoftcloud.com,,Cybersecurity,,inbound_form,2026-02-04,,,,,,,
C101291,Seoyeon,Nowak,snowak@emberlyai.io,https://linkedin.com/in/seoyeon-nowak-7383,PR Manager,manager,Emberly AI,emberlyai.io,180,Fintech,United States,clay,2025-09-07,,,,,,,
C101292,Anja,Weber,anja.weber@stacklinehq.com,https://linkedin.com/in/anja-weber-2745,Head of SEO,head,Stackline HQ,stacklinehq.com,450,Developer Tools,Australia,apollo,2026-03-03,,,,,,,
C101293,Tyler,Sun,tyler.sun@yarrowhillsupply.shop,https://linkedin.com/in/tyler-sun-3208,SEO Lead,manager,Yarrowhill Supply,yarrowhillsupply.shop,200,Apparel,United States,partner_referral,2025-07-11,2026-04-28,linkedin,,geo-agency-may,no_reply,,
C101294,Piotr,Taylor,piotr.taylor@ridgelinetechnologies.com,https://linkedin.com/in/piotr-taylor-860,Director of Content,director,Ridgeline Technologies,ridgelinetechnologies.com,45,Cybersecurity,United Kingdom,list_upload,2025-10-14,2026-04-11,email,getnoble.io,aeo-saas-jul,replied_negative,,
C101295,Adaeze,Chen,a.chen@meridiansystems.com,https://linkedin.com/in/adaeze-chen-8001,Founder,cxo,Meridian Systems,meridiansystems.com,1400,HR Tech,Brazil,apollo,2026-02-28,,,,,,lead,
C101296,Minjun,Costa,minjun@brightsparkdigital.com,https://linkedin.com/in/minjun-costa-204,Director of Demand Gen,director,Brightspark Digital,brightsparkdigital.com,8,Marketing Agency,United States,apollo,2025-09-12,,,,,,marketingqualifiedlead,
C101297,Megan,Doyle,megan.doyle@everbloom.shop,https://linkedin.com/in/megan-doyle-8366,Demand Generation Manager,manager,Everbloom,everbloom.shop,48,Apparel,United States,apollo,2025-11-14,2026-02-19,email,trynoble.co,refresh-midmarket-jun,opened_no_reply,,
C101298,Olivia,Wojcik,olivia.wojcik@umbrahqsoftware.co,https://linkedin.com/in/olivia-wojcik-1349,Director of Content,director,Umbrahq Software,umbrahqsoftware.co,1400,HR Tech,Canada,apollo,2026-02-01,,,,,,,
C101299,Jihoon,Sanchez,jihoons@copperlinehq.com,https://linkedin.com/in/jihoon-sanchez-6937,AEO Lead,manager,Copperline HQ,copperlinehq.com,900,Fintech,Ireland,list_upload,2026-01-30,,,,,,,
C101300,Aaron,Costa,,https://linkedin.com/in/aaron-costa-9662,Co-Founder & CEO,cxo,Beaconworks Labs,beaconworkslabs.com,45,Data & Analytics,United Kingdom,inbound_form,2025-07-10,,,,,,marketingqualifiedlead,no email found - linkedin only
C101301,Min,Silva,min@sagebrushco.co,https://linkedin.com/in/min-silva-3298,SEO Manager,manager,Sagebrush & Co,sagebrushco.co,70,Consumer Goods,United States,apollo,2025-12-16,2025-11-19,email,trynoble.co,geo-agency-may,booked,,
C101302,Rafael,Kowalski,rafael.kowalski@meadowlarknutrition.com,https://linkedin.com/in/rafael-kowalski-8559,Brand Manager,manager,Meadowlark Nutrition,meadowlarknutrition.com,280,Apparel,United States,inbound_form,2025-12-28,,,,,,,
C101303,Katherine,Ramirez,katherine.ramirez@crestlinesoftware.com,https://linkedin.com/in/katherine-ramirez-7669,Senior SEO Specialist,ic,Crestline Software,crestlinesoftware.com,240,Fintech,United States,apollo,2026-05-23,,,,,,lead,
C101304,Omar,Oliveira,omaro@lightkeel.co,https://linkedin.com/in/omar-oliveira-2548,Head of Growth,head,Lightkeel,lightkeel.co,180,Data & Analytics,United States,apollo,2025-08-15,,,,,,,
C101305,Camila,Almeida,camila.almeida@compassmarketing.com,https://linkedin.com/in/camila-almeida-5508,Head of SEO,head,Compass Marketing,compassmarketing.com,45,SEO Agency,United States,inbound_form,2026-03-27,2025-11-13,email,noble-outreach.com,refresh-midmarket-jun,no_reply,lead,
C101306,Kwame,Mwangi,kwamem@xenonlabscloud.com,https://linkedin.com/in/kwame-mwangi-6127,Head of SEO,head,Xenonlabs Cloud,xenonlabscloud.com,28,B2B Software,Canada,clay,2025-11-02,,,,,,marketingqualifiedlead,
C101307,Hassan,Thompson,hthompson@wavelengthgroup.agency,https://linkedin.com/in/hassan-thompson-7594,Head of Organic Growth,head,Wavelength Group,wavelengthgroup.agency,130,Digital Agency,United States,inbound_form,2025-10-02,,,,,,lead,
C101308,Klaus,Brown,kbrown@cedarcrestnutrition.com,https://linkedin.com/in/klaus-brown-5890,Director of Content,director,Cedarcrest Nutrition,cedarcrestnutrition.com,12,Supplements,United States,list_upload,2026-04-14,2026-02-07,email,noble-outreach.com,aeo-consumer-jun,opened_no_reply,,
C101309,Aaron,Yang,aaron_yang@ironbridge.com,https://linkedin.com/in/aaron-yang-5570,Head of Partnerships,head,Ironbridge,ironbridge.com,900,Cybersecurity,United States,linkedin_scrape,2025-10-25,,,,,,,
C101310,Michael,Diallo,michael@scrunchai.com,https://linkedin.com/in/michael-diallo-9008,SEO Manager,manager,Scrunch AI,scrunchai.com,900,HR Tech,United States,clay,2025-07-12,2026-05-22,email,noble-outreach.com,aeo-saas-q2,bounced,,
C101311,Michael,Suzuki,m.suzuki@nightjarhome.com,https://linkedin.com/in/michael-suzuki-3551,Marketing Operations Manager,manager,Nightjar Home,nightjarhome.com,280,Beauty & Personal Care,Australia,apollo,2025-12-14,2025-11-16,email,getnoble.io,linkedin-seo-leads-jun,replied_positive,,
C101312,Wei,Lewis,wlewis@fernwood.io,https://linkedin.com/in/wei-lewis-2479,Head of Growth,head,Fernwood,fernwood.io,620,Cybersecurity,United States,clay,2025-09-09,,,,,,,
C101313,Hao,Martin,hmartin@stacklinehq.com,https://linkedin.com/in/hao-martin-5430,Head of Ecommerce,head,Stackline HQ,stacklinehq.com,450,Data & Analytics,United States,apollo,2026-06-23,2025-12-16,linkedin,,aeo-consumer-jun,no_reply,,
C101314,Zainab,Nowak,zainab_nowak@waypointhqhq.app,https://linkedin.com/in/zainab-nowak-5408,Chief Growth Officer,cxo,Waypointhq HQ,waypointhqhq.app,45,HR Tech,United States,clay,2025-11-12,,,,,,,
C101315,Omar,Romano,omarr@tryprofound.com,https://linkedin.com/in/omar-romano-5987,Performance Marketing Manager,manager,Profound,tryprofound.com,340,Developer Tools,United States,apollo,2025-06-28,2026-02-24,email,trynoble.co,linkedin-seo-leads-jun,opened_no_reply,,
C101316,Diego,Torres,dtorres@hammersmithstudio.co,https://linkedin.com/in/diego-torres-6897,SEO Manager,manager,Hammersmith Studio,hammersmithstudio.co,65,SEO Agency,United States,clay,2025-06-30,,,,,,,
C101317,Joshua,Wu,joshua_wu@palmwoodco.shop,https://linkedin.com/in/joshua-wu-2979,Director of Content,director,Palmwood & Co,palmwoodco.shop,12,Supplements,United States,inbound_form,2025-08-29,2026-05-24,linkedin,,linkedin-seo-leads-jun,no_reply,,
C101318,Hao,Gonzalez,haog@riverstonepartners.agency,https://linkedin.com/in/hao-gonzalez-8728,Affiliate Marketing Manager,manager,Riverstone Partners,riverstonepartners.agency,90,PR Agency,Netherlands,clay,2026-03-31,2026-03-10,linkedin,,aeo-consumer-jun,no_reply,,
C101319,Larissa,Jensen,l.jensen@blueprintlabs.co,https://linkedin.com/in/larissa-jensen-6784,Content Marketing Manager,manager,Blueprint Labs,blueprintlabs.co,45,Cybersecurity,United States,apollo,2025-10-06,2025-12-27,email,noble-outreach.com,geo-agency-may,no_reply,,
C101320,Takashi,Zhang,takashi_zhang@trellismarketing.com,https://linkedin.com/in/takashi-zhang-9536,Co-Founder & CEO,cxo,Trellis Marketing,trellismarketing.com,8,SEO Agency,Canada,apollo,2025-08-23,,,,,,,
C101321,Melissa,Huang,melissa@reedmarsh.com,https://linkedin.com/in/melissa-huang-766,Demand Generation Manager,manager,Reedmarsh,reedmarsh.com,22,Beauty & Personal Care,United States,inbound_form,2026-07-02,,,,,,,
C101322,Sofia,Miller,sofiam@novafoldsoftware.com,https://linkedin.com/in/sofia-miller-9704,Technical SEO Manager,manager,Novafold Software,novafoldsoftware.com,28,SaaS,United States,apollo,2025-08-01,2026-03-30,email,noble-outreach.com,aeo-consumer-jun,no_reply,lead,
C101323,Brandon,Iyer,brandoni@westgatecloud.co,https://linkedin.com/in/brandon-iyer-1139,Growth Marketing Manager,manager,Westgate Cloud,westgatecloud.co,120,B2B Software,United Kingdom,inbound_form,2025-10-10,2025-12-18,linkedin,,aeo-saas-q2,no_reply,,
C101324,Anders,Fischer,anders@stacklinehq.com,https://linkedin.com/in/anders-fischer-6921,Head of Marketing,head,Stackline HQ,stacklinehq.com,450,HR Tech,United States,partner_referral,2025-07-25,,,,,,lead,
C101325,Kofi,Adeyemi,kadeyemi@compassmarketing.com,https://linkedin.com/in/kofi-adeyemi-3218,Head of Demand Generation,head,Compass Marketing,compassmarketing.com,45,PR Agency,United States,apollo,2025-10-07,,,,,,,
C101326,Anja,Oliveira,aoliveira@reedmarsh.com,https://linkedin.com/in/anja-oliveira-4413,SEO Manager,manager,Reedmarsh,reedmarsh.com,22,Supplements,United States,apollo,2026-05-02,,,,,,,
C101327,Anders,Romano,anders@vertexly.app,https://linkedin.com/in/anders-romano-9930,Marketing Operations Manager,manager,Vertexly,vertexly.app,45,HR Tech,United Kingdom,clay,2026-03-08,2026-04-03,email,noblehq.io,refresh-midmarket-jun,no_reply,,
C101328,Takashi,Park,takashi.park@oakhausmarketing.agency,https://linkedin.com/in/takashi-park-5904,VP of Marketing,vp,Oakhaus Marketing,oakhausmarketing.agency,90,Marketing Agency,Ireland,apollo,2026-04-25,,,,,,customer,
C101329,Michael,Davis,michael.davis@ironwillowhome.com,https://linkedin.com/in/michael-davis-3792,Head of Content,head,Ironwillow Home,ironwillowhome.com,140,Home Goods,Canada,partner_referral,2026-06-27,,,,,,subscriber,
C101330,Rafael,Baker,r.baker@kindredgroup.io,https://linkedin.com/in/rafael-baker-4807,Growth Marketing Manager,manager,Kindred Group,kindredgroup.io,65,Digital Agency,India,apollo,2026-02-05,,,,,,,
C101331,Lauren,Lewis,llewis@keystone.co,https://linkedin.com/in/lauren-lewis-6987,Head of Demand Generation,head,Keystone,keystone.co,450,Cybersecurity,United States,apollo,2025-11-20,2025-11-26,email,noblehq.io,aeo-saas-q2,no_reply,,
C101332,Ingrid,Liu,ingrid_liu@wheatfieldnutrition.co,https://linkedin.com/in/ingrid-liu-5321,Head of Organic Growth,head,Wheatfield Nutrition,wheatfieldnutrition.co,22,Health & Wellness,United States,apollo,2025-11-24,,,,,,,
C101333,Nora,Garcia,nora.garcia@zenithlyhq.io,https://linkedin.com/in/nora-garcia-9788,Growth Marketing Manager,manager,Zenithly HQ,zenithlyhq.io,120,Martech,United States,apollo,2025-10-14,,,,,,,
C101334,Emeka,Mehta,emeka.mehta@keystone.co,https://linkedin.com/in/emeka-mehta-5031,Head of Content,head,Keystone,keystone.co,450,SaaS,United States,apollo,2026-05-21,2026-01-04,linkedin,,linkedin-seo-leads-jun,no_reply,,
C101335,Ananya,Sharma,ananya_sharma@stacklinehq.com,https://linkedin.com/in/ananya-sharma-6389,SEO Manager,manager,Stackline HQ,stacklinehq.com,450,Data & Analytics,United States,partner_referral,2025-10-09,,,,,,,
C101336,Isabella,Anderson,isabellaa@beaconworkslabs.com,https://linkedin.com/in/isabella-anderson-6607,Head of Marketing,head,Beaconworks Labs,beaconworkslabs.com,45,SaaS,United States,inbound_form,2025-12-14,,,,,,,
C101337,Sanne,Hall,sanne_hall@emberlyai.io,https://linkedin.com/in/sanne-hall-9346,Growth Marketing Manager,manager,Emberly AI,emberlyai.io,180,Martech,United States,partner_referral,2025-10-28,2026-01-30,linkedin,,linkedin-seo-leads-jun,bounced,lead,
C101338,Karthik,Garcia,kgarcia@latitudeone.ai,https://linkedin.com/in/karthik-garcia-4479,Co-Founder & CEO,cxo,Latitudeone,latitudeone.ai,620,Martech,United States,list_upload,2026-01-24,,,,,,lead,
C101339,Justin,Hall,justin@novafoldsoftware.com,https://linkedin.com/in/justin-hall-4600,Head of SEO,head,Novafold Software,novafoldsoftware.com,28,Fintech,United Kingdom,apollo,2025-10-14,,,,,,,
C101340,Xiu,Kobayashi,xkobayashi@glasswingsoftware.app,https://linkedin.com/in/xiu-kobayashi-2772,Chief Growth Officer,cxo,Glasswing Software,glasswingsoftware.app,450,Fintech,United States,linkedin_scrape,2026-07-01,,,,,,opportunity,
C101341,Lauren,King,laurenk@ironwillowhome.com,https://linkedin.com/in/lauren-king-4904,Director of Content,director,Ironwillow Home,ironwillowhome.com,140,Beauty & Personal Care,Germany,apollo,2025-06-20,,,,,,subscriber,
C101342,Seoyeon,Taylor,seoyeont@quillfeatherwellness.com,https://linkedin.com/in/seoyeon-taylor-416,Chief Growth Officer,cxo,Quillfeather Wellness,quillfeatherwellness.com,200,Health & Wellness,United States,list_upload,2026-01-10,,,,,,lead,
C101343,Kwame,Choi,kwame_choi@oakhausmarketing.agency,https://linkedin.com/in/kwame-choi-9434,Head of SEO,head,Oakhaus Marketing,oakhausmarketing.agency,90,PR Agency,United States,apollo,2026-01-09,,,,,,lead,
C101344,Ingrid,Sharma,ingrid@nimbusworksplatform.co,https://linkedin.com/in/ingrid-sharma-1506,Director of Content,director,Nimbusworks Platform,nimbusworksplatform.co,1400,Cybersecurity,United States,apollo,2026-04-26,2026-05-31,email,trynoble.co,aeo-consumer-jun,no_reply,,
C101345,Hassan,Williams,hassanw@cobaltsoftware.app,https://linkedin.com/in/hassan-williams-212,Head of Marketing,head,Cobalt Software,cobaltsoftware.app,28,HR Tech,Australia,clay,2025-10-29,,,,,,lead,
C101346,Beatriz,Gupta,beatrizg@getkeystone.com,https://linkedin.com/in/beatriz-gupta-9552,Brand Manager,manager,Keystone Cloud,getkeystone.com,190,Data & Analytics,United Kingdom,apollo,2026-03-29,,,,,,lead,
C101347,Santiago,Moore,santiago.moore@tryprofound.com,https://linkedin.com/in/santiago-moore-8828,Head of Communications,head,Profound,tryprofound.com,340,Data & Analytics,United States,apollo,2025-09-01,,,,,,lead,
C101348,Daniel,Baker,dbaker@tideworksai.io,https://linkedin.com/in/daniel-baker-9109,Director of SEO,director,Tideworks AI,tideworksai.io,180,HR Tech,United States,apollo,2026-02-18,,,,,,lead,
C101349,Larissa,Mwangi,larissam@keystone.co,https://linkedin.com/in/larissa-mwangi-9558,Head of Ecommerce,head,Keystone,keystone.co,450,HR Tech,United Kingdom,apollo,2025-10-09,2026-02-05,email,getnoble.io,geo-agency-may,no_reply,,
C101350,Jessica,Fischer,jfischer@threadbarepartners.co,https://linkedin.com/in/jessica-fischer-8628,Director of Growth,director,Threadbare Partners,threadbarepartners.co,130,SEO Agency,United States,linkedin_scrape,2026-03-08,,,,,,,
C101351,Kofi,Pereira,kofi_pereira@umbrahqsoftware.co,https://linkedin.com/in/kofi-pereira-8437,Co-Founder & CEO,cxo,Umbrahq Software,umbrahqsoftware.co,1400,Data & Analytics,United States,clay,2025-07-20,,,,,,,
C101352,Eric,O'Brien,eric_obrien@mosaiclysystems.io,https://linkedin.com/in/eric-obrien-9509,Co-Founder & CEO,cxo,Mosaicly Systems,mosaiclysystems.io,450,B2B Software,Canada,apollo,2025-10-08,2026-04-13,email,noble-outreach.com,linkedin-seo-leads-jun,opened_no_reply,,
C101353,Piotr,Byrne,piotr@hammersmithstudio.co,https://linkedin.com/in/piotr-byrne-3478,VP of Marketing,vp,Hammersmith Studio,hammersmithstudio.co,65,SEO Agency,United States,clay,2026-05-19,2026-03-07,linkedin,,geo-agency-may,no_reply,,
C101354,Samuel,Nkemelu,samuel.nkemelu@inkwellsoftware.com,https://linkedin.com/in/samuel-nkemelu-4440,Senior SEO Specialist,ic,Inkwell Software,inkwellsoftware.com,310,Martech,United States,linkedin_scrape,2025-12-14,,,,,,,
C101355,Ingrid,Patel,ingridp@nexuscoresystems.co,https://linkedin.com/in/ingrid-patel-36,Head of Growth,head,Nexuscore Systems,nexuscoresystems.co,180,Cybersecurity,United Kingdom,inbound_form,2025-09-15,,,,,,marketingqualifiedlead,
C101356,Aisha,Almeida,aishaa@clovergrovecollective.com,https://linkedin.com/in/aisha-almeida-5647,Marketing Operations Manager,manager,Clovergrove Collective,clovergrovecollective.com,22,Home Goods,United States,apollo,2025-11-20,2026-04-12,email,getnoble.io,aeo-saas-q2,bounced,,hard bounce - 550 no such user
C101357,Adaeze,Davis,adaezed@petalwiseco.com,https://linkedin.com/in/adaeze-davis-321,Director of Growth,director,Petalwise & Co,petalwiseco.com,140,Apparel,United States,partner_referral,2025-10-10,,,,,,,
C101358,Emily,Wilson,emily_wilson@superbloomstudio.com,https://linkedin.com/in/emily-wilson-3633,AEO Lead,manager,Superbloom Studio,superbloomstudio.com,32,Digital Agency,United States,list_upload,2025-12-10,2026-01-11,email,getnoble.io,aeo-saas-jul,no_reply,lead,
C101359,Sanne,Suzuki,s.suzuki@willowmerenutrition.com,https://linkedin.com/in/sanne-suzuki-7417,Head of Digital,head,Willowmere Nutrition,willowmerenutrition.com,70,Apparel,United Kingdom,clay,2025-10-20,2026-01-08,email,getnoble.io,aeo-saas-q2,no_reply,,
C101360,Arjun,Nkemelu,,https://linkedin.com/in/arjun-nkemelu-5031,Founder,cxo,Oakhaus Marketing,oakhausmarketing.agency,90,Digital Agency,United States,clay,2026-02-28,,,,,,marketingqualifiedlead,no email found - linkedin only
C101361,Seoyeon,Santos,seoyeons@fernwood.io,https://linkedin.com/in/seoyeon-santos-1157,SEO Lead,manager,Fernwood,fernwood.io,620,Fintech,United Kingdom,list_upload,2026-02-22,,,,,,lead,
C101362,Freja,Malhotra,frejam@dockyardai.com,https://linkedin.com/in/freja-malhotra-8402,Director of Content,director,Dockyard AI,dockyardai.com,60,Fintech,United States,apollo,2026-05-10,2026-05-14,email,getnoble.io,geo-agency-may,booked,lead,
C101363,Andrew,Sullivan,a.sullivan@superbloomstudio.com,https://linkedin.com/in/andrew-sullivan-497,Digital Marketing Specialist,ic,Superbloom Studio,superbloomstudio.com,32,Marketing Agency,United States,apollo,2025-07-20,,,,,,marketingqualifiedlead,
C101364,Ashley,Miller,ashley.miller@sunhavencollective.shop,https://linkedin.com/in/ashley-miller-8365,Growth Marketing Manager,manager,Sunhaven Collective,sunhavencollective.shop,400,Supplements,United States,partner_referral,2025-10-17,2026-05-24,email,noble-outreach.com,refresh-midmarket-jun,replied_negative,,
C101365,Stefan,Novak,stefan@loopworkplatform.com,https://linkedin.com/in/stefan-novak-5333,Technical SEO Manager,manager,Loopwork Platform,loopworkplatform.com,180,Fintech,United States,apollo,2025-08-29,,,,,,,
C101366,Camila,Romano,camila.romano@nexuscoresystems.co,https://linkedin.com/in/camila-romano-1927,Chief Growth Officer,cxo,Nexuscore Systems,nexuscoresystems.co,180,Martech,Canada,clay,2025-09-29,2025-12-03,email,noblehq.io,refresh-midmarket-jun,no_reply,,
C101367,Yan,Fischer,yanf@beaconworkslabs.com,https://linkedin.com/in/yan-fischer-402,Performance Marketing Manager,manager,Beaconworks Labs,beaconworkslabs.com,45,Developer Tools,United States,linkedin_scrape,2026-03-02,,,,,,lead,
C101368,Karthik,Santos,karthik_santos@driftwood.co,https://linkedin.com/in/karthik-santos-5054,SEO Manager,manager,Driftwood,driftwood.co,620,Data & Analytics,United Kingdom,list_upload,2026-02-24,,,,,,,
C101369,Nora,Verma,nora_verma@foundryhqsoftware.com,https://linkedin.com/in/nora-verma-9580,AEO Lead,manager,Foundryhq Software,foundryhqsoftware.com,1400,Developer Tools,Australia,partner_referral,2025-06-23,2025-12-09,linkedin,,geo-agency-may,no_reply,,
C101370,Isabella,Wojcik,isabella@brightvalelabs.io,https://linkedin.com/in/isabella-wojcik-9691,Director of SEO,director,Brightvale Labs,brightvalelabs.io,110,SaaS,United States,apollo,2025-10-28,,,,,,subscriber,
C101371,David,Taylor,dtaylor@lavenderlywellness.com,https://linkedin.com/in/david-taylor-504,Technical SEO Manager,manager,Lavenderly Wellness,lavenderlywellness.com,48,Supplements,United States,apollo,2026-02-04,2026-01-01,linkedin,,aeo-saas-jul,opened_no_reply,lead,
C101372,Pieter,Walker,pieter.walker@terracottagoods.co,https://linkedin.com/in/pieter-walker-1287,SEO Manager,manager,Terracotta Goods,terracottagoods.co,22,Beauty & Personal Care,Brazil,apollo,2025-07-15,2026-02-23,linkedin,,geo-agency-may,no_reply,lead,
C101373,Folake,Malhotra,fmalhotra@reedmarsh.com,https://linkedin.com/in/folake-malhotra-8510,Performance Marketing Manager,manager,Reedmarsh,reedmarsh.com,22,Apparel,United States,apollo,2026-03-16,,,,,,,
C101374,Eric,Carvalho,eric_carvalho@amberfieldgoods.com,https://linkedin.com/in/eric-carvalho-4494,CMO,cxo,Amberfield Goods,amberfieldgoods.com,22,Consumer Goods,Canada,clay,2025-12-12,,,,,,,
C101375,Mateo,Rossi,mateo_rossi@waypointhqhq.app,https://linkedin.com/in/mateo-rossi-1859,Marketing Operations Manager,manager,Waypointhq HQ,waypointhqhq.app,45,SaaS,Australia,apollo,2026-01-02,,,,,,,
C101376,Christina,Oliveira,christina.oliveira@nimbusworksplatform.co,https://linkedin.com/in/christina-oliveira-9948,PR Manager,manager,Nimbusworks Platform,nimbusworksplatform.co,1400,SaaS,United States,clay,2026-04-24,2026-02-26,email,noblehq.io,geo-agency-may,no_reply,,
C101377,Justin,Flores,justin_flores@cedarcrestnutrition.com,https://linkedin.com/in/justin-flores-5410,Brand Manager,manager,Cedarcrest Nutrition,cedarcrestnutrition.com,12,Home Goods,United States,list_upload,2026-03-18,2026-07-05,email,getnoble.io,linkedin-seo-leads-jun,opened_no_reply,,
C101378,Meera,Lee,meeral@foldworkmarketing.co,https://linkedin.com/in/meera-lee-2473,Technical SEO Manager,manager,Foldwork Marketing,foldworkmarketing.co,90,Digital Agency,Australia,apollo,2026-04-17,,,,,,,
C101379,Arjun,Young,arjun_young@kelpforest.co,https://linkedin.com/in/arjun-young-8680,Head of SEO,head,Kelpforest,kelpforest.co,95,Food & Beverage,Canada,inbound_form,2025-07-30,2025-11-08,email,trynoble.co,refresh-midmarket-jun,no_reply,,
C101380,Adam,Torres,atorres@jasmindale.com,https://linkedin.com/in/adam-torres-9908,Brand Manager,manager,Jasmindale,jasmindale.com,48,Consumer Goods,United States,linkedin_scrape,2026-03-19,,,,,,lead,
C101381,Christopher,Nelson,christopher_nelson@anchorlinesoftware.com,https://linkedin.com/in/christopher-nelson-6738,Director of Demand Gen,director,Anchorline Software,anchorlinesoftware.com,620,SaaS,United States,clay,2026-04-01,,,,,,,
C101382,Yuki,Nielsen,yukin@beelinestudio.io,https://linkedin.com/in/yuki-nielsen-9232,Director of Acquisition,director,Beeline Studio,beelinestudio.io,90,SEO Agency,United States,apollo,2025-09-09,,,,,,lead,
C101383,Klaus,Allen,klaus_allen@ironwillowhome.com,https://linkedin.com/in/klaus-allen-8591,VP of Marketing,vp,Ironwillow Home,ironwillowhome.com,140,Apparel,United States,linkedin_scrape,2025-12-05,,,,,,,
C101384,Tomasz,Rossi,t.rossi@trellismarketing.com,https://linkedin.com/in/tomasz-rossi-2662,SEO Manager,manager,Trellis Marketing,trellismarketing.com,8,SEO Agency,Germany,apollo,2025-09-01,,,,,,subscriber,
C101385,Kofi,Ramirez,kramirez@beaconworkslabs.com,https://linkedin.com/in/kofi-ramirez-9929,Director of Acquisition,director,Beaconworks Labs,beaconworkslabs.com,45,Fintech,Brazil,clay,2026-06-03,,,,,,opportunity,
C101386,Brandon,Ferreira,brandon.ferreira@brightsparkdigital.com,https://linkedin.com/in/brandon-ferreira-9657,Demand Generation Manager,manager,Brightspark Digital,brightsparkdigital.com,8,Marketing Agency,United States,clay,2025-11-03,2026-05-10,email,trynoble.co,aeo-saas-q2,replied_positive,,
C101387,Lauren,Banerjee,l.banerjee@glasswingsoftware.app,https://linkedin.com/in/lauren-banerjee-8166,Head of Demand Generation,head,Glasswing Software,glasswingsoftware.app,450,Data & Analytics,Spain,apollo,2025-08-28,,,,,,,
C101388,Isabella,Zhou,isabellaz@jasmindale.com,https://linkedin.com/in/isabella-zhou-3720,Technical SEO Manager,manager,Jasmindale,jasmindale.com,48,Apparel,United Kingdom,apollo,2025-08-29,2026-04-29,email,noblehq.io,aeo-saas-jul,no_reply,opportunity,
C101389,Sarah,Mwangi,sarah_mwangi@vertexly.app,https://linkedin.com/in/sarah-mwangi-5393,Head of Marketing,head,Vertexly,vertexly.app,45,Developer Tools,Brazil,linkedin_scrape,2025-10-21,2026-04-04,email,noble-outreach.com,linkedin-seo-leads-jun,opened_no_reply,lead,
C101390,Stephanie,Adams,stephanie_adams@yardstickhq.com,https://linkedin.com/in/stephanie-adams-838,Marketing Operations Manager,manager,Yardstick HQ,yardstickhq.com,310,Developer Tools,United States,inbound_form,2025-10-04,,,,,,,
C101391,Sanne,Wilson,sanne@wavelengthgroup.agency,https://linkedin.com/in/sanne-wilson-514,Head of Marketing,head,Wavelength Group,wavelengthgroup.agency,130,Marketing Agency,United States,list_upload,2026-01-09,,,,,,lead,
C101392,Katherine,Miller,k.miller@hammersmithstudio.co,https://linkedin.com/in/katherine-miller-1592,SEO Lead,manager,Hammersmith Studio,hammersmithstudio.co,65,SEO Agency,Canada,clay,2025-10-15,2026-06-06,email,noblehq.io,aeo-consumer-jun,replied_negative,marketingqualifiedlead,
C101393,Melissa,Perez,melissa.perez@crestlinesoftware.com,https://linkedin.com/in/melissa-perez-4359,Head of Partnerships,head,Crestline Software,crestlinesoftware.com,240,Data & Analytics,India,apollo,2026-02-18,2026-05-29,email,noble-outreach.com,linkedin-seo-leads-jun,no_reply,marketingqualifiedlead,
C101394,Bruno,Kowalski,b.kowalski@pinnaclesoftcloud.com,https://linkedin.com/in/bruno-kowalski-3808,Head of Content,head,Pinnaclesoft Cloud,pinnaclesoftcloud.com,45,Martech,United States,apollo,2026-05-11,,,,,,,
C101395,Divya,Ribeiro,dribeiro@cedarcrestnutrition.com,https://linkedin.com/in/divya-ribeiro-1625,Marketing Operations Manager,manager,Cedarcrest Nutrition,cedarcrestnutrition.com,12,Apparel,United States,partner_referral,2026-01-18,,,,,,,
C101396,Christina,Baker,christina.baker@saltmarshnutrition.shop,https://linkedin.com/in/christina-baker-6808,VP of Marketing,vp,Saltmarsh Nutrition,saltmarshnutrition.shop,140,Home Goods,Canada,list_upload,2025-10-05,,,,,,,
C101397,Amara,Fischer,amara.fischer@fernwood.io,https://linkedin.com/in/amara-fischer-626,Co-Founder & CEO,cxo,Fernwood,fernwood.io,620,Martech,Germany,list_upload,2025-11-07,,,,,,,
C101398,Divya,Muller,d.muller@argentum.io,https://linkedin.com/in/divya-muller-269,Director of Acquisition,director,Argentum,argentum.io,180,SaaS,Canada,partner_referral,2025-09-23,,,,,,,
C101399,Karthik,Diallo,karthik@emberlyai.io,https://linkedin.com/in/karthik-diallo-9650,Marketing Operations Manager,manager,Emberly AI,emberlyai.io,180,HR Tech,United Kingdom,clay,2025-08-09,,,,,,marketingqualifiedlead,
C101400,Karthik,Brown,karthikb@truenorthsoftware.com,https://linkedin.com/in/karthik-brown-3987,Digital Marketing Specialist,ic,Truenorth Software,truenorthsoftware.com,450,Data & Analytics,India,apollo,2026-03-27,2026-02-04,email,trynoble.co,aeo-saas-q2,replied_negative,lead,
C101401,Wei,Nelson,wei.nelson@flintlocksoftware.com,https://linkedin.com/in/wei-nelson-8797,Affiliate Marketing Manager,manager,Flintlock Software,flintlocksoftware.com,240,Data & Analytics,Canada,list_upload,2025-07-12,,,,,,,
C101402,Sanne,Larsen,sanne_larsen@terracottagoods.co,https://linkedin.com/in/sanne-larsen-3043,AEO Lead,manager,Terracotta Goods,terracottagoods.co,22,Beauty & Personal Care,Canada,clay,2025-10-27,,,,,,,
C101403,Anders,Wright,anders.wright@halogengroup.agency,https://linkedin.com/in/anders-wright-2539,Chief Growth Officer,cxo,Halogen Group,halogengroup.agency,45,PR Agency,United States,inbound_form,2025-12-14,,,,,,,
C101404,Vikram,Kowalski,vikramkowalski60@gmail.com,https://linkedin.com/in/vikram-kowalski-3003,Director of Content,director,Self-Employed,gmail.com,1,Marketing Agency,United States,apollo,2025-12-11,,,,,,,
C101405,Fatima,Gupta,f.gupta@hammersmithstudio.co,https://linkedin.com/in/fatima-gupta-6238,AEO Lead,manager,Hammersmith Studio,hammersmithstudio.co,65,Digital Agency,United States,apollo,2025-07-11,,,,,,,
C101406,Amanda,Gallagher,agallagher@jasmindale.com,https://linkedin.com/in/amanda-gallagher-3513,VP of Marketing,vp,Jasmindale,jasmindale.com,48,Apparel,United States,apollo,2026-05-28,,,,,,,
C101407,Amanda,Miller,amiller@riverstonepartners.agency,https://linkedin.com/in/amanda-miller-5332,Head of Demand Generation,head,Riverstone Partners,riverstonepartners.agency,90,Marketing Agency,United States,apollo,2026-06-11,2026-03-13,email,noble-outreach.com,aeo-saas-jul,no_reply,,
C101408,Hao,Bianchi,haob@solsticehq.ai,https://linkedin.com/in/hao-bianchi-7987,VP of Marketing,vp,Solstice HQ,solsticehq.ai,45,Fintech,United States,list_upload,2026-05-20,2026-06-14,email,getnoble.io,aeo-saas-jul,unsubscribed,,
C101409,Tomas,Zhang,tomas@compassmarketing.com,https://linkedin.com/in/tomas-zhang-6556,Growth Marketing Manager,manager,Compass Marketing,compassmarketing.com,45,Marketing Agency,Germany,clay,2026-02-02,,,,,,,
C101410,Omar,Wilson,omarw@cadenceio.io,https://linkedin.com/in/omar-wilson-2340,PR Manager,manager,Cadenceio,cadenceio.io,45,HR Tech,United States,apollo,2025-12-10,,,,,,,
C101411,Emily,Ribeiro,emily_ribeiro@ironbridge.com,https://linkedin.com/in/emily-ribeiro-9464,Growth Marketing Manager,manager,Ironbridge,ironbridge.com,900,B2B Software,Australia,apollo,2025-07-15,2026-04-20,email,getnoble.io,aeo-consumer-jun,opened_no_reply,marketingqualifiedlead,
C101412,Min,Doyle,min@nightjarhome.com,https://linkedin.com/in/min-doyle-502,Head of Marketing,head,Nightjar Home,nightjarhome.com,280,Consumer Goods,United Kingdom,apollo,2026-04-04,2026-01-12,email,getnoble.io,refresh-midmarket-jun,bounced,,
C101413,Hassan,Santos,hassan.santos@beelinestudio.io,https://linkedin.com/in/hassan-santos-5149,Marketing Director,director,Beeline Studio,beelinestudio.io,90,SEO Agency,United States,list_upload,2025-10-17,,,,,,marketingqualifiedlead,
C101414,Sakura,Ribeiro,s.ribeiro@helixware.io,https://linkedin.com/in/sakura-ribeiro-9920,Founder,cxo,Helixware,helixware.io,310,Martech,United States,linkedin_scrape,2026-03-07,2026-03-08,linkedin,,linkedin-seo-leads-jun,opened_no_reply,customer,
C101415,Kevin,Gupta,kevin.gupta@westgatecloud.co,https://linkedin.com/in/kevin-gupta-3480,Co-Founder & CEO,cxo,Westgate Cloud,westgatecloud.co,120,Martech,Spain,partner_referral,2026-04-21,2025-11-07,email,noblehq.io,aeo-saas-q2,no_reply,,
C101416,Mateo,Gallagher,mateo@cirruspointai.io,https://linkedin.com/in/mateo-gallagher-4943,Marketing Director,director,Cirruspoint AI,cirruspointai.io,45,Cybersecurity,United States,apollo,2025-07-05,,,,,,marketingqualifiedlead,
C101417,Magda,Green,mgreen@foldworkmarketing.co,https://linkedin.com/in/magda-green-1515,SEO Lead,manager,Foldwork Marketing,foldworkmarketing.co,90,SEO Agency,United States,apollo,2025-10-10,,,,,,,
C101418,Haruto,Doyle,haruto.doyle@crestlinesoftware.com,https://linkedin.com/in/haruto-doyle-5028,Senior SEO Specialist,ic,Crestline Software,crestlinesoftware.com,240,Martech,Singapore,apollo,2025-10-31,,,,,,,
C101419,Wei,Thomas,weit@ashgrovenutrition.com,https://linkedin.com/in/wei-thomas-7648,CMO,cxo,Ashgrove Nutrition,ashgrovenutrition.com,400,Beauty & Personal Care,United States,apollo,2026-01-16,,,,,,marketingqualifiedlead,
C101420,Ananya,Lopez,ananyal@hazelnook.shop,https://linkedin.com/in/ananya-lopez-2148,VP of Marketing,vp,Hazelnook,hazelnook.shop,70,Beauty & Personal Care,Germany,clay,2026-04-05,,,,,,,
C101421,Li,Iyer,li_iyer@zenithlyhq.io,https://linkedin.com/in/li-iyer-3268,SEO Lead,manager,Zenithly HQ,zenithlyhq.io,120,Developer Tools,India,apollo,2026-01-12,,,,,,,
C101422,,,sales@verdantbeauty.com,https://linkedin.com/in/--4053,,,Verdant Beauty,verdantbeauty.com,140,Food & Beverage,United States,apollo,2025-06-20,,,,,,,
C101423,Isabella,Murphy,isabellam@tryprofound.com,https://linkedin.com/in/isabella-murphy-6040,Director of Demand Gen,director,Profound,tryprofound.com,340,B2B Software,Netherlands,apollo,2026-01-16,,,,,,subscriber,
C101424,Hao,Pereira,hpereira@junipercloud.com,https://linkedin.com/in/hao-pereira-5324,SEO Manager,manager,Junipercloud,junipercloud.com,900,Martech,United States,clay,2026-03-13,,,,,,subscriber,
C101425,Stefan,Park,stefan_park@fernwood.io,https://linkedin.com/in/stefan-park-4100,Director of Content,director,Fernwood,fernwood.io,620,Fintech,Australia,apollo,2026-01-16,2025-11-05,linkedin,,aeo-saas-jul,no_reply,,
C101426,Anja,Costa,anjac@gingerlily.co,https://linkedin.com/in/anja-costa-7574,Head of Organic Growth,head,Gingerlily,gingerlily.co,400,Food & Beverage,United States,apollo,2025-11-10,,,,,,,
C101427,Larissa,Costa,l.costa@saltmarshnutrition.shop,https://linkedin.com/in/larissa-costa-1350,VP of Marketing,vp,Saltmarsh Nutrition,saltmarshnutrition.shop,140,Apparel,Canada,apollo,2025-07-04,2025-12-09,email,noblehq.io,linkedin-seo-leads-jun,opened_no_reply,,
C101428,Kofi,Otieno,kofi@lightkeel.co,https://linkedin.com/in/kofi-otieno-1998,Performance Marketing Manager,manager,Lightkeel,lightkeel.co,180,Data & Analytics,Canada,inbound_form,2025-07-18,,,,,,,
C101429,Katherine,Nielsen,katherine@riverstonepartners.agency,https://linkedin.com/in/katherine-nielsen-3620,Director of Acquisition,director,Riverstone Partners,riverstonepartners.agency,90,Digital Agency,United Kingdom,clay,2025-06-24,,,,,,,
C101430,Emeka,Thomas,e.thomas@cedarcrestnutrition.com,https://linkedin.com/in/emeka-thomas-1913,Technical SEO Manager,manager,Cedarcrest Nutrition,cedarcrestnutrition.com,12,Apparel,United States,apollo,2025-07-12,,,,,,,
C101431,Amanda,Sanchez,amanda_sanchez@elmstreetsystems.com,https://linkedin.com/in/amanda-sanchez-4073,Head of Organic Growth,head,Elmstreet Systems,elmstreetsystems.com,450,B2B Software,United States,clay,2025-08-28,2026-07-15,linkedin,,linkedin-seo-leads-jun,no_reply,,
C101432,Ananya,Romano,ananya_romano@northlightmedia.co,https://linkedin.com/in/ananya-romano-7486,Affiliate Marketing Manager,manager,Northlight Media,northlightmedia.co,45,Digital Agency,Netherlands,apollo,2026-06-16,2026-06-08,email,getnoble.io,aeo-consumer-jun,no_reply,,
C101433,Katherine,Quinn,kquinn@vantagepoint.app,https://linkedin.com/in/katherine-quinn-6549,Head of Digital,head,Vantagepoint,vantagepoint.app,120,Cybersecurity,United States,clay,2025-12-20,,,,,,lead,
C101434,Layla,Rossi,lrossi@vertexly.app,https://linkedin.com/in/layla-rossi-3319,Demand Generation Manager,manager,Vertexly,vertexly.app,45,Data & Analytics,United States,clay,2025-10-07,,,,,,,
C101435,Takashi,Quinn,tquinn@mossbankwellness.com,https://linkedin.com/in/takashi-quinn-2471,Co-Founder & CEO,cxo,Mossbank Wellness,mossbankwellness.com,140,Supplements,United States,list_upload,2026-03-17,,,,,,,
C101436,Ngozi,Miller,ngozi.miller@quantumleafhq.app,https://linkedin.com/in/ngozi-miller-2727,Head of Digital,head,Quantumleaf HQ,quantumleafhq.app,120,Cybersecurity,United States,apollo,2026-03-26,2026-05-30,email,getnoble.io,aeo-saas-jul,replied_negative,,
C101437,Amanda,O'Brien,a.obrien@pinnaclesoftcloud.com,https://linkedin.com/in/amanda-obrien-4733,Affiliate Marketing Manager,manager,Pinnaclesoft Cloud,pinnaclesoftcloud.com,45,Fintech,Netherlands,apollo,2025-10-03,,,,,,,
C101438,Ashley,White,ashley.white@threadbarepartners.co,https://linkedin.com/in/ashley-white-2591,Marketing Operations Manager,manager,Threadbare Partners,threadbarepartners.co,130,SEO Agency,United States,linkedin_scrape,2025-08-25,2025-12-10,email,trynoble.co,aeo-saas-jul,replied_negative,,
C101439,Stephanie,Fischer,stephanief@hazelnook.shop,https://linkedin.com/in/stephanie-fischer-5802,Head of Digital,head,Hazelnook,hazelnook.shop,70,Food & Beverage,United Kingdom,apollo,2026-03-13,2025-11-22,email,getnoble.io,linkedin-seo-leads-jun,no_reply,lead,
C101440,Sarah,Nelson,s.nelson@amberfieldgoods.com,https://linkedin.com/in/sarah-nelson-9136,VP of Marketing,vp,Amberfield Goods,amberfieldgoods.com,22,Beauty & Personal Care,United States,list_upload,2026-02-21,2025-11-24,email,noble-outreach.com,aeo-consumer-jun,no_reply,,
C101441,Takashi,Byrne,takashi@zephyrbaynutrition.com,https://linkedin.com/in/takashi-byrne-2366,Head of Organic Growth,head,Zephyrbay Nutrition,zephyrbaynutrition.com,12,Food & Beverage,Germany,apollo,2026-04-21,,,,,,,
C101442,Jihoon,Gonzalez,jihoon.gonzalez@meridiansystems.com,https://linkedin.com/in/jihoon-gonzalez-3272,PR Manager,manager,Meridian Systems,meridiansystems.com,1400,HR Tech,United States,apollo,2025-10-31,,,,,,lead,
C101443,Andrew,Sanchez,andrew@terrafirma.com,https://linkedin.com/in/andrew-sanchez-5216,Director of Acquisition,director,Terrafirma,terrafirma.com,60,Martech,United States,apollo,2025-08-02,,,,,,,
C101444,Christina,Chen,christina_chen@keystone.co,https://linkedin.com/in/christina-chen-2114,Head of Content,head,Keystone,keystone.co,450,SaaS,Germany,apollo,2026-01-24,,,,,,,
C101445,Meera,Williams,meera@quarryhq.com,https://linkedin.com/in/meera-williams-6285,Content Marketing Manager,manager,Quarryhq,quarryhq.com,85,Fintech,India,list_upload,2025-12-01,2026-04-22,email,getnoble.io,aeo-saas-jul,no_reply,,
C101446,Tomasz,Green,t.green@westgatecloud.co,https://linkedin.com/in/tomasz-green-5601,Director of Growth,director,Westgate Cloud,westgatecloud.co,120,Developer Tools,Netherlands,apollo,2025-10-17,,,,,,,
C101447,Ananya,Zhou,ananyaz@emberlyai.io,https://linkedin.com/in/ananya-zhou-1152,Head of Growth,head,Emberly AI,emberlyai.io,180,SaaS,United States,apollo,2025-11-11,2026-06-30,email,noble-outreach.com,geo-agency-may,bounced,,
C101448,Hannah,Diallo,hannah.diallo@@lanterndigital.com,https://linkedin.com/in/hannah-diallo-5181,Affiliate Marketing Manager,manager,Lantern Digital,lanterndigital.com,8,PR Agency,United Kingdom,apollo,2025-07-09,,,,,,,
C101449,Jessica,Murphy,jmurphy@sagebrushco.co,https://linkedin.com/in/jessica-murphy-1347,Affiliate Marketing Manager,manager,Sagebrush & Co,sagebrushco.co,70,Home Goods,United States,apollo,2025-07-11,,,,,,,
C101450,Haruto,Sanchez,haruto.sanchez@rosewaterco.com,https://linkedin.com/in/haruto-sanchez-1908,Marketing Director,director,Rosewater & Co,rosewaterco.com,140,Consumer Goods,United States,clay,2026-05-13,,,,,,,
C101451,Sanjay,Scott,sanjay.scott@willowmerenutrition.com,https://linkedin.com/in/sanjay-scott-6269,Head of SEO,head,Willowmere Nutrition,willowmerenutrition.com,70,Apparel,United Kingdom,clay,2026-04-19,2026-04-24,email,noblehq.io,aeo-saas-q2,replied_negative,,
C101452,Lars,Green,lars_green@novafoldsoftware.com,https://linkedin.com/in/lars-green-97,Marketing Operations Manager,manager,Novafold Software,novafoldsoftware.com,28,HR Tech,United Kingdom,clay,2025-07-22,,,,,,,
C101453,Kevin,Green,kevin@emberlyai.io,https://linkedin.com/in/kevin-green-5023,Director of Demand Gen,director,Emberly AI,emberlyai.io,180,Developer Tools,Canada,apollo,2025-07-08,2025-10-30,email,noble-outreach.com,refresh-midmarket-jun,no_reply,marketingqualifiedlead,
C101454,Piotr,Choi,piotrc@nightjarhome.com,https://linkedin.com/in/piotr-choi-3002,Co-Founder & CEO,cxo,Nightjar Home,nightjarhome.com,280,Beauty & Personal Care,Spain,inbound_form,2026-03-20,,,,,,lead,
C101455,Sanjay,Jung,s.jung@terracottagoods.co,https://linkedin.com/in/sanjay-jung-825,Director of Acquisition,director,Terracotta Goods,terracottagoods.co,22,Home Goods,United States,inbound_form,2026-06-16,2026-02-01,email,noblehq.io,aeo-consumer-jun,unsubscribed,,
C101456,Rachel,Harris,rharris@oakhausmarketing.agency,https://linkedin.com/in/rachel-harris-9002,Founder,cxo,Oakhaus Marketing,oakhausmarketing.agency,90,PR Agency,United Kingdom,inbound_form,2025-06-28,,,,,,,
C101457,Vikram,Walker,v.walker@basecamp9.ai,https://linkedin.com/in/vikram-walker-7981,Growth Marketing Manager,manager,Basecamp9,basecamp9.ai,450,Martech,Singapore,apollo,2026-05-30,,,,,,,
C101458,Minjun,Rao,minjun@crestlinesoftware.com,https://linkedin.com/in/minjun-rao-9410,Marketing Operations Manager,manager,Crestline Software,crestlinesoftware.com,240,B2B Software,Canada,apollo,2026-02-19,2026-01-08,email,noblehq.io,aeo-saas-jul,no_reply,,
C101459,Jessica,Fischer,j.fischer@birchmoorgoods.com,https://linkedin.com/in/jessica-fischer-2029,Director of Growth,director,Birchmoor Goods,birchmoorgoods.com,400,Beauty & Personal Care,Germany,apollo,2025-08-20,2026-04-22,linkedin,,geo-agency-may,bounced,lead,
C101460,Zoe,Scott,zoe.scott@superbloomstudio.com,https://linkedin.com/in/zoe-scott-5701,Director of Content,director,Superbloom Studio,superbloomstudio.com,32,SEO Agency,United States,apollo,2026-04-07,,,,,,lead,
C101461,Haruto,Patel,h.patel@mossbankwellness.com,https://linkedin.com/in/haruto-patel-2940,Head of Organic Growth,head,Mossbank Wellness,mossbankwellness.com,140,Apparel,Australia,clay,2025-09-20,2025-10-11,email,noblehq.io,refresh-midmarket-jun,unsubscribed,subscriber,asked to be removed
C101462,Elias,Murphy,elias.murphy@westgatecloud.co,https://linkedin.com/in/elias-murphy-5853,CMO,cxo,Westgate Cloud,westgatecloud.co,120,HR Tech,United States,apollo,2025-08-28,,,,,,,
C101463,Sarah,Kelly,sarahk@cadenceio.io,https://linkedin.com/in/sarah-kelly-2973,Co-Founder & CEO,cxo,Cadenceio,cadenceio.io,45,Cybersecurity,United States,inbound_form,2026-01-25,2026-07-06,linkedin,,aeo-saas-jul,opened_no_reply,,
C101464,Arjun,Carvalho,acarvalho@fathomhousestudio.agency,https://linkedin.com/in/arjun-carvalho-670,Performance Marketing Manager,manager,Fathomhouse Studio,fathomhousestudio.agency,8,PR Agency,Canada,list_upload,2026-05-09,,,,,,,
C101465,TUNDE,Williams,  TUNDE.WILLIAMS@FERNWOOD.IO ,https://linkedin.com/in/tunde-williams-6278,Head of SEO,head,Fernwood,fernwood.io,620,Developer Tools,Germany,apollo,2025-08-06,,,,,,subscriber,
C101466,Chloe,Rao,chloe@ashgrovenutrition.com,https://linkedin.com/in/chloe-rao-7510,Head of Organic Growth,head,Ashgrove Nutrition,ashgrovenutrition.com,400,Home Goods,United States,apollo,2026-02-25,,,,,,marketingqualifiedlead,
C101467,Lauren,Ribeiro,laurenr@saltmarshnutrition.shop,https://linkedin.com/in/lauren-ribeiro-2825,Digital Marketing Specialist,ic,Saltmarsh Nutrition,saltmarshnutrition.shop,140,Food & Beverage,United States,clay,2025-07-23,,,,,,,
C101468,Melissa,Costa,melissac@sagebrushco.co,https://linkedin.com/in/melissa-costa-5433,PR Manager,manager,Sagebrush & Co,sagebrushco.co,70,Consumer Goods,United States,partner_referral,2026-04-21,,,,,,,
C101469,Omar,Miller,omar_miller@meadowlarknutrition.com,https://linkedin.com/in/omar-miller-6386,Growth Marketing Manager,manager,Meadowlark Nutrition,meadowlarknutrition.com,280,Apparel,United States,apollo,2026-02-24,,,,,,,
C101470,Melissa,Rossi,melissar@lanterndigital.com,https://linkedin.com/in/melissa-rossi-4126,SEO Manager,manager,Lantern Digital,lanterndigital.com,8,Digital Agency,United States,linkedin_scrape,2026-06-21,,,,,,lead,
C101471,Amara,Ryan,aryan@wildrootcollective.com,https://linkedin.com/in/amara-ryan-7310,Head of Growth,head,Wildroot Collective,wildrootcollective.com,400,Health & Wellness,United States,clay,2026-05-22,,,,,,lead,
C101472,Jing,Allen,jing.allen@brightsparkdigital.com,https://linkedin.com/in/jing-allen-853,Head of Demand Generation,head,Brightspark Digital,brightsparkdigital.com,8,Digital Agency,United States,list_upload,2026-06-30,2026-01-04,email,noblehq.io,aeo-consumer-jun,unsubscribed,subscriber,asked to be removed
C101473,Samuel,Wojcik,samuel.wojcik@violetgrove.com,https://linkedin.com/in/samuel-wojcik-8774,Founder,cxo,Violetgrove,violetgrove.com,400,Supplements,United States,apollo,2026-05-31,,,,,,customer,
C101474,Tyler,Abubakar,tyler@highwatercollective.com,https://linkedin.com/in/tyler-abubakar-3417,Head of SEO,head,Highwater Collective,highwatercollective.com,65,Marketing Agency,United States,list_upload,2026-03-03,,,,,,marketingqualifiedlead,
C101475,Adam,Adams,adam.adams@northlightmedia.co,https://linkedin.com/in/adam-adams-1121,Growth Marketing Manager,manager,Northlight Media,northlightmedia.co,45,SEO Agency,United States,clay,2025-07-02,,,,,,,
C101476,Santiago,Larsen,santiago.larsen@reedmarsh.com,https://linkedin.com/in/santiago-larsen-3964,AEO Lead,manager,Reedmarsh,reedmarsh.com,22,Home Goods,United States,apollo,2025-07-19,,,,,,,
C101477,Amanda,Lopez,amandal@quantumleafhq.app,https://linkedin.com/in/amanda-lopez-7420,Director of Content,director,Quantumleaf HQ,quantumleafhq.app,120,Data & Analytics,United States,apollo,2025-09-21,,,,,,,
C101478,Yusuf,Pereira,ypereira@xenonlabscloud.com,https://linkedin.com/in/yusuf-pereira-2751,Head of Organic Growth,head,Xenonlabs Cloud,xenonlabscloud.com,28,Fintech,United States,apollo,2026-03-21,2026-03-18,email,noble-outreach.com,geo-agency-may,bounced,,
C101479,Jihoon,Weber,jihoon_weber@driftwood.co,https://linkedin.com/in/jihoon-weber-1656,Head of Demand Generation,head,Driftwood,driftwood.co,620,B2B Software,Canada,apollo,2025-07-31,2026-07-15,email,getnoble.io,aeo-saas-q2,no_reply,,
C101480,Divya,Tanaka,dtanaka@umberstonebeauty.com,https://linkedin.com/in/divya-tanaka-5526,Head of Growth,head,Umberstone Beauty,umberstonebeauty.com,140,Food & Beverage,United States,clay,2026-04-02,2025-12-01,email,noble-outreach.com,geo-agency-may,no_reply,,
C101481,Daniel,Zhang,d.zhang@quarryhq.com,https://linkedin.com/in/daniel-zhang-3232,Head of Partnerships,head,Quarryhq,quarryhq.com,85,SaaS,United Kingdom,apollo,2026-01-29,2026-07-06,email,getnoble.io,linkedin-seo-leads-jun,no_reply,,
C101482,Seoyeon,Ryan,seoyeon.ryan@ridgelinetechnologies.com,https://linkedin.com/in/seoyeon-ryan-3553,Head of Content,head,Ridgeline Technologies,ridgelinetechnologies.com,45,B2B Software,United States,clay,2025-12-28,2026-02-16,email,getnoble.io,linkedin-seo-leads-jun,no_reply,,
C101483,Elias,Nair,elias.nair@zephyrbaynutrition.com,https://linkedin.com/in/elias-nair-6775,Content Marketing Manager,manager,Zephyrbay Nutrition,zephyrbaynutrition.com,12,Consumer Goods,United States,list_upload,2025-08-04,2026-03-02,linkedin,,aeo-saas-jul,no_reply,opportunity,
C101484,Sanne,Banerjee,sbanerjee@mossbankwellness.com,https://linkedin.com/in/sanne-banerjee-9899,Director of Acquisition,director,Mossbank Wellness,mossbankwellness.com,140,Beauty & Personal Care,United States,apollo,2025-11-01,2025-11-21,email,getnoble.io,aeo-saas-q2,no_reply,,
C101485,Christopher,Chen,christopher.chen@umberstonebeauty.com,https://linkedin.com/in/christopher-chen-2431,Director of Content,director,Everbloom,everbloom.shop,48,Beauty & Personal Care,Singapore,apollo,2025-08-04,,,,,,,enrichment mismatch
C101486,Meera,Tanaka,meera_tanaka@kindredgroup.io,https://linkedin.com/in/meera-tanaka-9851,Brand Manager,manager,Kindred Group,kindredgroup.io,65,Digital Agency,United States,apollo,2026-04-29,2026-04-11,email,trynoble.co,refresh-midmarket-jun,no_reply,,
C101487,Jonah,Gupta,jgupta@nightjarhome.com,https://linkedin.com/in/jonah-gupta-1429,Chief Growth Officer,cxo,Nightjar Home,nightjarhome.com,280,Apparel,Australia,apollo,2025-11-28,,,,,,,
C101488,Larissa,Gallagher,larissa.gallagher+noble@zenithlyhq.io,https://linkedin.com/in/larissa-gallagher-5613,AEO Lead,manager,Zenithly HQ,zenithlyhq.io,120,Martech,United States,partner_referral,2025-11-21,,,,,,,
C101489,Diego,Andersen,diego_andersen@hazelnook.shop,https://linkedin.com/in/diego-andersen-5021,Director of SEO,director,Hazelnook,hazelnook.shop,70,Supplements,United States,apollo,2026-02-10,,,,,,,
C101490,Seoyeon,Harris,seoyeon_harris@fernwood.io,https://linkedin.com/in/seoyeon-harris-3814,Digital Marketing Specialist,ic,Fernwood,fernwood.io,620,Fintech,Germany,list_upload,2026-05-16,2026-02-05,email,trynoble.co,aeo-saas-jul,no_reply,,
C101491,Hassan,Zhou,hzhou@longshorepartners.agency,https://linkedin.com/in/hassan-zhou-4513,Co-Founder & CEO,cxo,Longshore Partners,longshorepartners.agency,45,Marketing Agency,United Kingdom,apollo,2025-11-02,2026-04-28,email,noble-outreach.com,aeo-consumer-jun,no_reply,,
C101492,Bruno,Diallo,bruno.diallo@honeycresthome.shop,https://linkedin.com/in/bruno-diallo-7739,Senior SEO Specialist,ic,Honeycrest Home,honeycresthome.shop,35,Food & Beverage,Canada,clay,2025-12-25,,,,,,,
C101493,Rafael,Green,rafaelg@rosewaterco.com,https://linkedin.com/in/rafael-green-2314,Head of Partnerships,head,Rosewater & Co,rosewaterco.com,140,Beauty & Personal Care,United States,apollo,2025-08-31,,,,,,,
C101494,Jessica,Hansen,j.hansen@terrafirma.com,https://linkedin.com/in/jessica-hansen-9824,Head of Digital,head,Terrafirma,terrafirma.com,60,Data & Analytics,United States,apollo,2026-03-29,2025-12-18,email,getnoble.io,aeo-saas-q2,replied_negative,lead,
C101495,Fatima,Abubakar,f.abubakar@argentum.io,https://linkedin.com/in/fatima-abubakar-9448,AEO Lead,manager,Argentum,argentum.io,180,Developer Tools,United States,apollo,2026-05-12,,,,,,,
C101496,Jihoon,Choi,j.choi@fieldnotesmarketing.io,https://linkedin.com/in/jihoon-choi-3076,Technical SEO Manager,manager,Fieldnotes Marketing,fieldnotesmarketing.io,14,SEO Agency,United States,apollo,2026-06-14,,,,,,marketingqualifiedlead,
C101497,Andrew,Ferreira,aferreira@orbitlycloud.co,https://linkedin.com/in/andrew-ferreira-1352,CMO,cxo,Orbitly Cloud,orbitlycloud.co,620,Fintech,Germany,list_upload,2026-03-27,,,,,,,
C101498,Folake,Desai,fdesai@lavenderlywellness.com,https://linkedin.com/in/folake-desai-2323,Head of Organic Growth,head,Lavenderly Wellness,lavenderlywellness.com,48,Apparel,United States,clay,2026-02-01,,,,,,,
C101499,Samuel,Adams,samuel_adams@driftwood.co,https://linkedin.com/in/samuel-adams-2995,Affiliate Marketing Manager,manager,Driftwood,driftwood.co,620,Fintech,United States,partner_referral,2025-11-10,,,,,,,
C101500,Sarah,Nair,sarah.nair@yarrowhillsupply.shop,https://linkedin.com/in/sarah-nair-6393,Director of Acquisition,director,Yarrowhill Supply,yarrowhillsupply.shop,200,Food & Beverage,India,apollo,2026-01-18,2025-11-30,email,noble-outreach.com,aeo-saas-jul,no_reply,,
C101501,Tomas,Rossi,trossi@stonepath.io,https://linkedin.com/in/tomas-rossi-2433,PR Manager,manager,Stonepath,stonepath.io,120,Data & Analytics,United States,partner_referral,2025-10-10,,,,,,opportunity,open opp - do not prospect
C101502,Sanjay,Banerjee,sbanerjee@blueharborbeauty.com,https://linkedin.com/in/sanjay-banerjee-2495,SEO Manager,manager,Blueharbor Beauty,blueharborbeauty.com,70,Supplements,United Kingdom,apollo,2025-09-05,2026-02-06,email,noble-outreach.com,aeo-saas-q2,no_reply,,
C101503,Layla,Okafor,layla.okafor@cirruspointai.io,https://linkedin.com/in/layla-okafor-1379,Head of SEO,head,Cirruspoint AI,cirruspointai.io,45,B2B Software,United States,clay,2025-11-03,,,,,,,
C101504,Melissa,Suzuki,melissa@fernwood.io,https://linkedin.com/in/melissa-suzuki-8032,Director of Demand Gen,director,Fernwood,fernwood.io,620,Fintech,Brazil,apollo,2026-06-12,,,,,,,
C101505,Yusuf,Tanaka,yusuf.tanaka@verdantbeauty.com,https://linkedin.com/in/yusuf-tanaka-9558,CMO,cxo,Verdant Beauty,verdantbeauty.com,140,Beauty & Personal Care,United Kingdom,clay,2025-11-18,,,,,,,
C101506,Chloe,Oliveira,c.oliveira@zenithlyhq.io,https://linkedin.com/in/chloe-oliveira-621,Director of Content,director,Zenithly HQ,zenithlyhq.io,120,Cybersecurity,United States,clay,2026-05-15,,,,,,,
C101507,Caleb,Flores,caleb.flores@sagebrushco.co,https://linkedin.com/in/caleb-flores-318,Head of Partnerships,head,Sagebrush & Co,sagebrushco.co,70,Supplements,United States,apollo,2025-09-09,2026-04-05,linkedin,,aeo-saas-jul,replied_negative,,
C101508,Stefan,Murphy,smurphy@foundryhqsoftware.com,https://linkedin.com/in/stefan-murphy-7633,Head of Organic Growth,head,Foundryhq Software,foundryhqsoftware.com,1400,Fintech,United States,apollo,2025-12-21,2025-12-31,email,noble-outreach.com,linkedin-seo-leads-jun,no_reply,,
C101509,Ingrid,Hall,ingridh@zephyrbaynutrition.com,https://linkedin.com/in/ingrid-hall-864,Head of Content,head,Zephyrbay Nutrition,zephyrbaynutrition.com,12,Home Goods,United States,apollo,2026-06-16,2025-11-18,email,noblehq.io,geo-agency-may,no_reply,,
C101510,Klaus,Schmidt,k.schmidt@northlightmedia.co,https://linkedin.com/in/klaus-schmidt-9882,Head of Demand Generation,head,Northlight Media,northlightmedia.co,45,Marketing Agency,United States,apollo,2026-05-02,,,,,,marketingqualifiedlead,
C101511,Larissa,Mwangi,lmwangi@compassmarketing.com,https://linkedin.com/in/larissa-mwangi-546,Head of Ecommerce,head,Compass Marketing,compassmarketing.com,45,Digital Agency,United States,inbound_form,2025-08-22,2026-07-15,email,noblehq.io,refresh-midmarket-jun,no_reply,lead,
C101512,Sanne,Joshi,s.joshi@verdantbeauty.com,https://linkedin.com/in/sanne-joshi-5542,CMO,cxo,Verdant Beauty,verdantbeauty.com,140,Health & Wellness,Canada,apollo,2026-06-11,,,,,,,
C101513,Elias,Rossi,elias.rossi@argentum.io,https://linkedin.com/in/elias-rossi-3656,Director of Demand Gen,director,Argentum,argentum.io,180,HR Tech,United States,clay,2026-01-22,,,,,,,
C101514,Pieter,Torres,pieter.torres@gmail.com,https://linkedin.com/in/pieter-torres-167,VP of Marketing,vp,Nightjar Home,nightjarhome.com,280,Home Goods,Netherlands,clay,2025-09-08,,,,,,,personal email captured from webinar signup
C101515,Yuki,Garcia,yuki_garcia@blueharborbeauty.com,https://linkedin.com/in/yuki-garcia-3021,Affiliate Marketing Manager,manager,Blueharbor Beauty,blueharborbeauty.com,70,Consumer Goods,United States,apollo,2025-07-09,,,,,,,
C101516,Maya,Bianchi,m.bianchi@yardstickhq.com,https://linkedin.com/in/maya-bianchi-5964,Marketing Operations Manager,manager,Yardstick HQ,yardstickhq.com,310,Fintech,United States,clay,2025-11-21,,,,,,lead,
C101517,Pieter,Wright,pieter.wright@lightkeel.co,https://linkedin.com/in/pieter-wright-2443,Director of Growth,director,Lightkeel,lightkeel.co,180,HR Tech,Australia,apollo,2025-10-27,,,,,,lead,
C101518,Anders,Wu,anders_wu@palmwoodco.shop,https://linkedin.com/in/anders-wu-7757,Head of SEO,head,Palmwood & Co,palmwoodco.shop,12,Beauty & Personal Care,Netherlands,partner_referral,2025-08-04,2025-12-21,email,getnoble.io,refresh-midmarket-jun,no_reply,,
C101519,Elias,Thompson,elias@xenonlabscloud.com,https://linkedin.com/in/elias-thompson-1594,Director of SEO,director,Xenonlabs Cloud,xenonlabscloud.com,28,Cybersecurity,United Kingdom,apollo,2026-03-11,2026-05-31,email,trynoble.co,geo-agency-may,no_reply,,
C101520,Tomas,Sanchez,tomass@stacklinehq.com,https://linkedin.com/in/tomas-sanchez-6906,Head of Growth,head,Stackline HQ,stacklinehq.com,450,Developer Tools,United States,clay,2025-09-25,2026-03-01,email,getnoble.io,aeo-saas-q2,no_reply,opportunity,
C101521,Justin,Byrne,justinb@umbrahqsoftware.co,https://linkedin.com/in/justin-byrne-9888,SEO Manager,manager,Umbrahq Software,umbrahqsoftware.co,1400,Martech,United States,partner_referral,2025-08-24,,,,,,,
C101522,Li,Davis,li@tideworksai.io,https://linkedin.com/in/li-davis-809,Head of Organic Growth,head,Tideworks AI,tideworksai.io,180,Fintech,India,linkedin_scrape,2026-02-10,,,,,,,
C101523,James,Brown,jbrown@goldleafco.co,https://linkedin.com/in/james-brown-2223,Co-Founder & CEO,cxo,Goldleaf & Co,goldleafco.co,70,Supplements,United States,partner_referral,2025-10-03,,,,,,opportunity,open opp - do not prospect
C101524,Sarah,Larsen,sarah_larsen@scrunchai.com,https://linkedin.com/in/sarah-larsen-4655,Head of Digital,head,Scrunch AI,scrunchai.com,900,B2B Software,Australia,apollo,2025-09-24,2026-07-16,email,noble-outreach.com,aeo-saas-jul,booked,,
C101525,Sarah,Hill,sarah_hill@fieldnotesmarketing.io,https://linkedin.com/in/sarah-hill-3819,Head of SEO,head,Fieldnotes Marketing,fieldnotesmarketing.io,14,Digital Agency,United States,apollo,2026-05-10,,,,,,,
C101526,Chloe,Wojcik,chloe@silverbrookplatform.com,https://linkedin.com/in/chloe-wojcik-101,Head of Content,head,Silverbrook Platform,silverbrookplatform.com,240,HR Tech,Canada,clay,2025-10-25,,,,,,subscriber,
C101527,Tyler,Byrne,tyler.byrne@kelpforest.co,https://linkedin.com/in/tyler-byrne-3023,Head of Demand Generation,head,Kelpforest,kelpforest.co,95,Apparel,United States,apollo,2025-07-11,2026-03-16,email,getnoble.io,linkedin-seo-leads-jun,bounced,,
C101528,Jessica,Watanabe,jessica@anchorlinesoftware.com,https://linkedin.com/in/jessica-watanabe-4858,Chief Growth Officer,cxo,Anchorline Software,anchorlinesoftware.com,620,Fintech,India,inbound_form,2026-03-24,,,,,,lead,
C101529,Min,Ryan,minr@copperkettlenutrition.com,https://linkedin.com/in/min-ryan-8753,Head of Partnerships,head,Copperkettle Nutrition,copperkettlenutrition.com,70,Consumer Goods,United States,apollo,2026-06-28,,,,,,subscriber,
C101530,Valentina,Suzuki,v.suzuki@fathomhousestudio.agency,https://linkedin.com/in/valentina-suzuki-350,Performance Marketing Manager,manager,Fathomhouse Studio,fathomhousestudio.agency,8,SEO Agency,United Kingdom,list_upload,2025-11-08,,,,,,,
C101531,Neha,Thompson,nehat@dockyardai.com,https://linkedin.com/in/neha-thompson-3309,Head of Ecommerce,head,Dockyard AI,dockyardai.com,60,SaaS,United States,apollo,2026-02-22,,,,,,lead,
C101532,Nicole,Sullivan,nicoles@verdantbeauty.com,https://linkedin.com/in/nicole-sullivan-9025,Co-Founder & CEO,cxo,Verdant Beauty,verdantbeauty.com,140,Consumer Goods,United States,apollo,2025-09-09,2026-06-14,email,noble-outreach.com,geo-agency-may,replied_positive,subscriber,
C101533,Beatriz,Malhotra,b.malhotra@cirruspointai.io,https://linkedin.com/in/beatriz-malhotra-8933,Head of Partnerships,head,Cirruspoint AI,cirruspointai.io,45,Data & Analytics,United States,list_upload,2026-03-22,,,,,,subscriber,
C101534,Maya,Otieno,maya@terracottagoods.co,https://linkedin.com/in/maya-otieno-1419,PR Manager,manager,Terracotta Goods,terracottagoods.co,22,Food & Beverage,Germany,apollo,2026-04-21,,,,,,,
C101535,Ethan,Joshi,ejoshi@amberfieldgoods.com,https://linkedin.com/in/ethan-joshi-5241,Head of Digital,head,Amberfield Goods,amberfieldgoods.com,22,Apparel,United States,list_upload,2025-09-05,2026-01-12,linkedin,,aeo-consumer-jun,no_reply,,
C101536,Melissa,Zhang,melissa@elmstreetsystems.com,https://linkedin.com/in/melissa-zhang-5339,Chief Growth Officer,cxo,Elmstreet Systems,elmstreetsystems.com,450,Cybersecurity,United States,apollo,2025-10-16,2026-04-14,linkedin,,aeo-saas-jul,no_reply,,
C101537,Zoe,King,zking@duskwood.com,https://linkedin.com/in/zoe-king-7547,Co-Founder & CEO,cxo,Duskwood,duskwood.com,140,Supplements,India,apollo,2025-12-29,,,,,,,
C101538,Melissa,Choi,m.choi@ashgrovenutrition.com,https://linkedin.com/in/melissa-choi-5149,Marketing Director,director,Ashgrove Nutrition,ashgrovenutrition.com,400,Consumer Goods,United States,inbound_form,2026-06-30,2025-11-26,email,noble-outreach.com,refresh-midmarket-jun,opened_no_reply,lead,
C101539,Lars,Zhou,larsz@halcyontechnologies.io,https://linkedin.com/in/lars-zhou-4629,Senior SEO Specialist,ic,Halcyon Technologies,halcyontechnologies.io,900,Data & Analytics,Australia,apollo,2026-02-25,2026-03-25,email,getnoble.io,aeo-saas-jul,no_reply,opportunity,
C101540,Nora,Carvalho,nora@petalwiseco.com,https://linkedin.com/in/nora-carvalho-2390,Head of Communications,head,Petalwise & Co,petalwiseco.com,140,Beauty & Personal Care,United States,clay,2026-05-08,,,,,,,
C101541,Klaus,Muller,klaus.muller@sunhavencollective.shop,https://linkedin.com/in/klaus-muller-7208,Technical SEO Manager,manager,Sunhaven Collective,sunhavencollective.shop,400,Beauty & Personal Care,United States,apollo,2025-08-04,2026-07-11,linkedin,,linkedin-seo-leads-jun,unsubscribed,opportunity,
C101542,Min,Harris,min_harris@nightjarhome.com,https://linkedin.com/in/min-harris-7730,Head of Content,head,Nightjar Home,nightjarhome.com,280,Apparel,Canada,apollo,2026-01-17,,,,,,opportunity,
C101543,,,support@zephyrbaynutrition.com,https://linkedin.com/in/--7599,,,Zephyrbay Nutrition,zephyrbaynutrition.com,12,Beauty & Personal Care,United States,apollo,2025-09-12,2025-12-30,email,trynoble.co,aeo-consumer-jun,no_reply,lead,
C101544,Haruto,Smith,harutosmith48@outlook.com,https://linkedin.com/in/haruto-smith-7188,Senior SEO Specialist,ic,Independent Consultant,outlook.com,1,Digital Agency,Netherlands,apollo,2026-04-10,,,,,,customer,
C101545,Jing,Green,jing.green@vertexly.app,https://linkedin.com/in/jing-green-546,Director of Growth,director,Vertexly,vertexly.app,45,SaaS,Germany,clay,2025-10-31,,,,,,,
C101546,Larissa,Sun,larissa.sun@signalpathai.com,https://linkedin.com/in/larissa-sun-2875,Digital Marketing Specialist,ic,Signalpath AI,signalpathai.com,1400,Martech,United States,apollo,2026-05-13,,,,,,,
C101547,Matthew,Silva,matthews@meridiansystems.com,https://linkedin.com/in/matthew-silva-7027,Head of SEO,head,Meridian Systems,meridiansystems.com,1400,B2B Software,United States,clay,2025-09-02,,,,,,,
C101548,Ananya,Otieno,ananya.otieno@oakhausmarketing.agency,https://linkedin.com/in/ananya-otieno-626,Director of Growth,director,Oakhaus Marketing,oakhausmarketing.agency,90,Digital Agency,United States,list_upload,2026-06-14,,,,,,marketingqualifiedlead,
C101549,Emeka,Adams,emeka.adams@truenorthsoftware.com,https://linkedin.com/in/emeka-adams-1468,Growth Marketing Manager,manager,Truenorth Software,truenorthsoftware.com,450,Cybersecurity,Germany,apollo,2025-10-20,,,,,,,
C101550,Anders,Adeyemi,anders@emberlyai.io,https://linkedin.com/in/anders-adeyemi-421,Performance Marketing Manager,manager,Emberly AI,emberlyai.io,180,Developer Tools,United Kingdom,apollo,2026-04-13,,,,,,,
C101551,Ashley,Nielsen,a.nielsen@highwatercollective.com,https://linkedin.com/in/ashley-nielsen-9544,Digital Marketing Specialist,ic,Highwater Collective,highwatercollective.com,65,PR Agency,United States,clay,2026-05-16,2026-06-15,email,noble-outreach.com,linkedin-seo-leads-jun,no_reply,,
C101552,Brandon,Suzuki,brandon.suzuki@vantagepoint.app,https://linkedin.com/in/brandon-suzuki-9093,Marketing Director,director,Vantagepoint,vantagepoint.app,120,Fintech,United States,apollo,2026-02-09,,,,,,,
C101553,Christopher,Yang,christopher@quantumleafhq.app,https://linkedin.com/in/christopher-yang-2399,Head of Content,head,Quantumleaf HQ,quantumleafhq.app,120,HR Tech,Canada,partner_referral,2025-08-11,,,,,,,
C101554,Magda,Sullivan,magdas@yardstickhq.com,https://linkedin.com/in/magda-sullivan-4509,Head of Marketing,head,Yardstick HQ,yardstickhq.com,310,B2B Software,United States,apollo,2025-10-10,2026-02-27,linkedin,,linkedin-seo-leads-jun,opened_no_reply,,
C101555,Kwame,Lewis,kwame@novafoldsoftware.com,https://linkedin.com/in/kwame-lewis-8743,VP of Marketing,vp,Novafold Software,novafoldsoftware.com,28,Developer Tools,United States,list_upload,2025-08-25,,,,,,lead,
C101556,Hao,Schmidt,haos@yardstickhq.com,https://linkedin.com/in/hao-schmidt-9618,VP of Marketing,vp,Yardstick HQ,yardstickhq.com,310,Data & Analytics,United States,apollo,2026-06-10,,,,,,lead,
C101557,Chidi,Costa,c.costa@wildrootcollective.com,https://linkedin.com/in/chidi-costa-9415,Head of Demand Generation,head,Wildroot Collective,wildrootcollective.com,400,Supplements,United States,partner_referral,2025-10-25,2026-05-25,email,trynoble.co,linkedin-seo-leads-jun,opened_no_reply,,
C101558,Yan,Williams,yan.williams@cedarcrestnutrition.com,https://linkedin.com/in/yan-williams-5560,CMO,cxo,Cedarcrest Nutrition,cedarcrestnutrition.com,12,Home Goods,Germany,apollo,2025-10-13,,,,,,,
C101559,Li,Miller,l.miller@oakhausmarketing.agency,https://linkedin.com/in/li-miller-6927,SEO Manager,manager,Oakhaus Marketing,oakhausmarketing.agency,90,Marketing Agency,Canada,apollo,2026-03-29,,,,,,,
C101560,Aaron,Weber,aweber@tideworksai.io,https://linkedin.com/in/aaron-weber-8872,CMO,cxo,Tideworks AI,tideworksai.io,180,Developer Tools,United States,apollo,2026-06-15,2026-01-03,email,getnoble.io,aeo-saas-q2,no_reply,,
C101561,Lars,Murphy,lmurphy@cedarcrestnutrition.com,https://linkedin.com/in/lars-murphy-7948,Co-Founder & CEO,cxo,Cedarcrest Nutrition,cedarcrestnutrition.com,12,Supplements,India,list_upload,2026-03-06,2026-07-09,email,trynoble.co,refresh-midmarket-jun,no_reply,opportunity,
C101562,Larissa,Gonzalez,larissa.gonzalez@ironbridge.com,https://linkedin.com/in/larissa-gonzalez-9271,Director of Growth,director,Ironbridge,ironbridge.com,900,SaaS,United Kingdom,apollo,2025-09-24,2025-12-15,email,getnoble.io,aeo-saas-jul,bounced,,
C101563,Marieke,Harris,mharris@amberfieldgoods.com,https://linkedin.com/in/marieke-harris-1327,Content Marketing Manager,manager,Amberfield Goods,amberfieldgoods.com,22,Beauty & Personal Care,United States,apollo,2025-12-14,,,,,,lead,
C101564,Greta,Hansen,greta@verdantbeauty.com,https://linkedin.com/in/greta-hansen-942,Brand Manager,manager,Verdant Beauty,verdantbeauty.com,140,Beauty & Personal Care,United States,apollo,2025-09-02,,,,,,marketingqualifiedlead,
C101565,Fatima,Wu,fatima@oakhausmarketing.agency,https://linkedin.com/in/fatima-wu-8004,Head of Communications,head,Oakhaus Marketing,oakhausmarketing.agency,90,Digital Agency,United States,clay,2026-06-23,,,,,,subscriber,
C101566,Li,Thomas,lthomas@wavelengthgroup.agency,https://linkedin.com/in/li-thomas-693,Marketing Director,director,Wavelength Group,wavelengthgroup.agency,130,Marketing Agency,United States,apollo,2025-08-11,,,,,,marketingqualifiedlead,
C101567,Sanne,King,sking@kelpforest.co,https://linkedin.com/in/sanne-king-2509,Growth Marketing Manager,manager,Kelpforest,kelpforest.co,95,Food & Beverage,United Kingdom,apollo,2026-05-21,,,,,,marketingqualifiedlead,
C101568,Folake,Huang,f.huang@northlightmedia.co,https://linkedin.com/in/folake-huang-4615,Head of Content,head,Northlight Media,northlightmedia.co,45,SEO Agency,Ireland,inbound_form,2026-01-26,,,,,,,
C101569,Matthew,Nielsen,matthewn@palmwoodco.shop,https://linkedin.com/in/matthew-nielsen-485,CMO,cxo,Palmwood & Co,palmwoodco.shop,12,Health & Wellness,United States,partner_referral,2025-11-12,2025-11-07,linkedin,,geo-agency-may,unsubscribed,,
C101570,Zainab,Lewis,z.lewis@lavenderlywellness.com,https://linkedin.com/in/zainab-lewis-3855,Head of Communications,head,Lavenderly Wellness,lavenderlywellness.com,48,Apparel,United States,clay,2025-06-28,,,,,,,
C101571,Lauren,Nowak,laurenn@yardstickhq.com,https://linkedin.com/in/lauren-nowak-643,Growth Marketing Manager,manager,Yardstick HQ,yardstickhq.com,310,SaaS,Australia,apollo,2025-09-20,2025-12-31,linkedin,,aeo-saas-jul,no_reply,,
C101572,Yan,Johnson,yan_johnson@copperlinehq.com,https://linkedin.com/in/yan-johnson-9723,Brand Manager,manager,Copperline HQ,copperlinehq.com,900,HR Tech,United States,inbound_form,2025-10-21,,,,,,,
C101573,Santiago,Robinson,srobinson@trellismarketing.com,https://linkedin.com/in/santiago-robinson-3906,Digital Marketing Specialist,ic,Trellis Marketing,trellismarketing.com,8,Digital Agency,United States,apollo,2026-04-24,2026-03-04,email,getnoble.io,aeo-saas-q2,no_reply,,
C101574,Matthew,Romano,matthew@flintlocksoftware.com,https://linkedin.com/in/matthew-romano-5923,SEO Lead,manager,Flintlock Software,flintlocksoftware.com,240,SaaS,United States,partner_referral,2025-11-04,,,,,,customer,
C101575,Ingrid,Otieno,ingrid@cirruspointai.io,https://linkedin.com/in/ingrid-otieno-3825,CMO,cxo,Cirruspoint AI,cirruspointai.io,45,Martech,United States,apollo,2026-05-16,2026-04-28,email,trynoble.co,aeo-saas-jul,no_reply,lead,
C101576,Piotr,Johnson,pjohnson@duskwood.com,https://linkedin.com/in/piotr-johnson-4368,Head of Organic Growth,head,Duskwood,duskwood.com,140,Food & Beverage,United States,inbound_form,2026-02-16,,,,,,,
C101577,Freja,Schmidt,f.schmidt@stacklinehq.com,https://linkedin.com/in/freja-schmidt-7948,Co-Founder & CEO,cxo,Stackline HQ,stacklinehq.com,450,SaaS,United States,partner_referral,2026-04-01,,,,,,,
C101578,Klaus,Wojcik,klaus_wojcik@goldleafco.co,https://linkedin.com/in/klaus-wojcik-4494,Head of Digital,head,Goldleaf & Co,goldleafco.co,70,Home Goods,Canada,apollo,2026-02-28,2025-11-09,email,noble-outreach.com,aeo-saas-q2,no_reply,marketingqualifiedlead,
C101579,Bruno,Walker,bwalker@fathomlyplatform.com,https://linkedin.com/in/bruno-walker-5260,Head of Digital,head,Fathomly Platform,fathomlyplatform.com,1400,Data & Analytics,Brazil,apollo,2026-02-08,,,,,,,
C101580,Ruby,Jung,ruby@crestlinesoftware.com,https://linkedin.com/in/ruby-jung-1237,Demand Generation Manager,manager,Crestline Software,crestlinesoftware.com,240,HR Tech,United Kingdom,apollo,2025-08-27,2026-05-29,email,trynoble.co,geo-agency-may,replied_negative,,
C101581,Sarah,Miller,s.miller@basecamp9.ai,https://linkedin.com/in/sarah-miller-5558,Technical SEO Manager,manager,Basecamp9,basecamp9.ai,450,Fintech,United States,partner_referral,2026-03-14,2026-06-20,email,noble-outreach.com,aeo-saas-jul,bounced,lead,hard bounce - 550 no such user
C101582,Isabella,Ribeiro,isabella.ribeiro@nightjarhome.com,https://linkedin.com/in/isabella-ribeiro-5649,SEO Manager,manager,Nightjar Home,nightjarhome.com,280,Beauty & Personal Care,Canada,partner_referral,2025-12-14,2026-04-22,linkedin,,aeo-saas-jul,no_reply,lead,
C101583,Chidi,Nelson,chidi_nelson@gingerlily.co,https://linkedin.com/in/chidi-nelson-3604,Senior SEO Specialist,ic,Gingerlily,gingerlily.co,400,Apparel,Spain,apollo,2026-06-26,,,,,,marketingqualifiedlead,
C101584,Diego,Reddy,diegor@goldleafco.co,https://linkedin.com/in/diego-reddy-2320,Head of Demand Generation,head,Goldleaf & Co,goldleafco.co,70,Home Goods,United Kingdom,clay,2025-06-28,,,,,,,
C101585,Amara,Smith,amara@cobaltsoftware.app,https://linkedin.com/in/amara-smith-1840,Digital Marketing Specialist,ic,Cobalt Software,cobaltsoftware.app,28,Cybersecurity,United States,apollo,2025-07-31,2026-04-06,linkedin,,aeo-saas-q2,no_reply,lead,
C101586,James,Carvalho,james.carvalho@orchardlynutrition.com,https://linkedin.com/in/james-carvalho-5847,Marketing Operations Manager,manager,Orchardly Nutrition,orchardlynutrition.com,48,Supplements,United States,apollo,2025-09-28,,,,,,opportunity,
C101587,Joshua,Flores,j.flores@vertexly.app,https://linkedin.com/in/joshua-flores-3066,Head of Communications,head,Vertexly,vertexly.app,45,Fintech,United States,list_upload,2025-08-22,,,,,,,
C101588,Tyler,Diallo,tyler_diallo@meadowlarknutrition.com,https://linkedin.com/in/tyler-diallo-6148,Head of Communications,head,Meadowlark Nutrition,meadowlarknutrition.com,280,Supplements,United States,apollo,2025-07-14,,,,,,,
C101589,Sakura,Flores,sakura.flores@nexuscoresystems.co,https://linkedin.com/in/sakura-flores-4745,Affiliate Marketing Manager,manager,Nexuscore Systems,nexuscoresystems.co,180,Martech,Canada,linkedin_scrape,2026-03-27,,,,,,opportunity,
C101590,Michael,Sharma,michaels@copperlinehq.com,https://linkedin.com/in/michael-sharma-3821,Head of Growth,head,Copperline HQ,copperlinehq.com,900,HR Tech,United States,apollo,2025-10-12,,,,,,,
C101591,Joshua,Traore,jtraore@wheatfieldnutrition.co,https://linkedin.com/in/joshua-traore-3201,Performance Marketing Manager,manager,Wheatfield Nutrition,wheatfieldnutrition.co,22,Food & Beverage,United States,apollo,2026-04-11,,,,,,,
C101592,Emily,Weber,emily.weber@stacklinehq.com,https://linkedin.com/in/emily-weber-8859,AEO Lead,manager,Lavenderly Wellness,lavenderlywellness.com,48,Consumer Goods,United States,partner_referral,2025-07-01,,,,,,,enrichment mismatch
C101593,Anja,White,anjaw@foldworkmarketing.co,https://linkedin.com/in/anja-white-4875,Technical SEO Manager,manager,Foldwork Marketing,foldworkmarketing.co,90,Digital Agency,United Kingdom,clay,2026-02-05,,,,,,,
C101594,Ryan,Sun,r.sun@inkwellsoftware.com,https://linkedin.com/in/ryan-sun-5558,Head of Communications,head,Inkwell Software,inkwellsoftware.com,310,Martech,United States,inbound_form,2026-05-11,,,,,,lead,
C101595,Christina,King,christinak@copperlinehq.com,https://linkedin.com/in/christina-king-2387,SEO Manager,manager,Copperline HQ,copperlinehq.com,900,HR Tech,United States,clay,2026-06-22,,,,,,,
C101596,Laura,Okafor,lokafor@cadenceio.io,https://linkedin.com/in/laura-okafor-1076,Director of Acquisition,director,Cadenceio,cadenceio.io,45,HR Tech,United States,clay,2026-04-28,,,,,,subscriber,
C101597,Joshua,Muller,joshuam@fathomhousestudio.agency,https://linkedin.com/in/joshua-muller-6324,Head of Ecommerce,head,Fathomhouse Studio,fathomhousestudio.agency,8,SEO Agency,United Kingdom,apollo,2026-04-28,,,,,,,
C101598,Fatima,Murphy,fatimam@copperlinehq.com,https://linkedin.com/in/fatima-murphy-6654,Head of Organic Growth,head,Copperline HQ,copperlinehq.com,900,Developer Tools,United States,clay,2025-10-31,,,,,,,
C101599,KOFI,Rodriguez,  KOFI.RODRIGUEZ@REEDMARSH.COM ,https://linkedin.com/in/kofi-rodriguez-4380,Head of Organic Growth,head,Reedmarsh,reedmarsh.com,22,Home Goods,United Kingdom,inbound_form,2025-09-25,,,,,,,
C101600,Meera,Banerjee,meerabanerjee84@hotmail.com,https://linkedin.com/in/meera-banerjee-1725,Director of Acquisition,director,Freelance,hotmail.com,1,PR Agency,United States,clay,2026-02-21,,,,,,,
C101601,Aaron,Williams,a.williams@meridian-analytics.io,https://linkedin.com/in/aaron-williams-9843,Content Marketing Manager,manager,Meridian Analytics,meridian-analytics.io,190,SaaS,United Kingdom,apollo,2025-10-12,,,,,,,
C101602,Tunde,Chen,tundec@hammersmithstudio.co,https://linkedin.com/in/tunde-chen-2833,Director of Content,director,Hammersmith Studio,hammersmithstudio.co,65,SEO Agency,United States,clay,2025-08-18,,,,,,,
C101603,Daniel,Lopez,daniell@driftwood.co,https://linkedin.com/in/daniel-lopez-6157,Chief Growth Officer,cxo,Driftwood,driftwood.co,620,Fintech,Germany,apollo,2025-10-01,,,,,,,
C101604,Mateo,Park,mateo.park@verdantbeauty.com,https://linkedin.com/in/mateo-park-3204,Founder,cxo,Verdant Beauty,verdantbeauty.com,140,Supplements,Germany,inbound_form,2025-12-09,2026-02-09,email,noble-outreach.com,aeo-saas-q2,no_reply,subscriber,
C101605,Nora,Martin,n.martin@solsticehq.ai,https://linkedin.com/in/nora-martin-9286,Technical SEO Manager,manager,Solstice HQ,solsticehq.ai,45,Martech,Ireland,clay,2025-10-09,2025-12-25,email,trynoble.co,geo-agency-may,opened_no_reply,,
C101606,Matthew,Zhou,matthew.zhou@keystone.co,https://linkedin.com/in/matthew-zhou-3081,Head of Content,head,Keystone,keystone.co,450,B2B Software,Canada,apollo,2025-07-11,,,,,,,
C101607,Priya,Lewis,priya.lewis@conductor.com,https://linkedin.com/in/priya-lewis-4486,Head of SEO,head,Conductor,conductor.com,900,HR Tech,United States,apollo,2026-04-30,,,,,,subscriber,
C101608,Emily,Banerjee,ebanerjee@copperkettlenutrition.com,https://linkedin.com/in/emily-banerjee-7370,Head of Digital,head,Copperkettle Nutrition,copperkettlenutrition.com,70,Apparel,United States,list_upload,2025-07-06,2025-10-14,email,noble-outreach.com,aeo-saas-q2,no_reply,,
C101609,Aisha,Walker,awalker@lightkeel.co,https://linkedin.com/in/aisha-walker-7543,Director of Growth,director,Lightkeel,lightkeel.co,180,Developer Tools,United States,apollo,2025-11-09,,,,,,,
C101610,Grace,Nelson,gracen@ironbridge.com,https://linkedin.com/in/grace-nelson-2027,Technical SEO Manager,manager,Ironbridge,ironbridge.com,900,Fintech,United States,list_upload,2026-05-24,,,,,,,
C101611,Anja,Osei,anja@mossbankwellness.com,https://linkedin.com/in/anja-osei-8646,Head of Ecommerce,head,Mossbank Wellness,mossbankwellness.com,140,Home Goods,India,apollo,2025-08-28,,,,,,,
C101612,Lauren,Huang,lauren@novafoldsoftware.com,https://linkedin.com/in/lauren-huang-8378,Director of Growth,director,Novafold Software,novafoldsoftware.com,28,SaaS,United States,apollo,2025-06-22,,,,,,,
C101613,Melissa,Rao,melissa_rao@argentum.io,https://linkedin.com/in/melissa-rao-2504,Marketing Director,director,Argentum,argentum.io,180,Cybersecurity,Canada,apollo,2025-10-27,,,,,,,
C101614,Isabella,Traore,isabella_traore@wildrootcollective.com,https://linkedin.com/in/isabella-traore-4410,Chief Growth Officer,cxo,Wildroot Collective,wildrootcollective.com,400,Food & Beverage,United States,apollo,2025-08-25,2026-07-05,linkedin,,linkedin-seo-leads-jun,no_reply,marketingqualifiedlead,
C101615,Hannah,Ferrari,h.ferrari@orbitlycloud.co,https://linkedin.com/in/hannah-ferrari-6746,Chief Growth Officer,cxo,Orbitly Cloud,orbitlycloud.co,620,HR Tech,United States,apollo,2026-01-15,2026-05-01,email,getnoble.io,refresh-midmarket-jun,bounced,,
C101616,Tyler,Sun,tsun@yarrowhillsupply.shop,https://linkedin.com/in/tyler-sun-8519,SEO Lead,manager,Yarrowhill Supply,yarrowhillsupply.shop,200,Apparel,United States,clay,2025-07-16,,,,,,,
C101617,Nicole,Diallo,nicoled@solsticehq.ai,https://linkedin.com/in/nicole-diallo-4762,Marketing Director,director,Solstice HQ,solsticehq.ai,45,HR Tech,United States,clay,2025-07-17,,,,,,lead,
C101618,Ethan,Scott,ethans@mossbankwellness.com,https://linkedin.com/in/ethan-scott-8397,Head of Growth,head,Mossbank Wellness,mossbankwellness.com,140,Home Goods,Ireland,list_upload,2026-05-08,2026-05-12,email,getnoble.io,aeo-saas-q2,no_reply,lead,
C101619,Isaac,Taylor,isaac_taylor@blueprintlabs.co,https://linkedin.com/in/isaac-taylor-1115,Affiliate Marketing Manager,manager,Blueprint Labs,blueprintlabs.co,45,Fintech,United States,apollo,2025-08-03,,,,,,marketingqualifiedlead,
C101620,Karthik,Sullivan,karthik_sullivan@orbitlycloud.co,https://linkedin.com/in/karthik-sullivan-3700,Content Marketing Manager,manager,Orbitly Cloud,orbitlycloud.co,620,B2B Software,United States,list_upload,2026-03-04,2026-04-27,email,noblehq.io,aeo-consumer-jun,no_reply,,
C101621,Nathan,Zhang,n.zhang@petalwiseco.com,https://linkedin.com/in/nathan-zhang-8530,Director of Growth,director,Petalwise & Co,petalwiseco.com,140,Consumer Goods,United States,apollo,2026-03-05,2025-11-19,email,trynoble.co,aeo-consumer-jun,replied_negative,lead,
C101622,Stephanie,Ramirez,s.ramirez@truenorthsoftware.com,https://linkedin.com/in/stephanie-ramirez-5668,Demand Generation Manager,manager,Truenorth Software,truenorthsoftware.com,450,SaaS,United Kingdom,list_upload,2026-04-19,2026-03-28,email,noblehq.io,linkedin-seo-leads-jun,opened_no_reply,,
C101623,Sarah,Nelson,sarah_nelson@mossbankwellness.com,https://linkedin.com/in/sarah-nelson-7910,Founder,cxo,Mossbank Wellness,mossbankwellness.com,140,Consumer Goods,United States,apollo,2026-02-21,2025-11-28,email,trynoble.co,aeo-consumer-jun,replied_negative,lead,
C101624,Isaac,Verma,iverma@violetgrove.com,https://linkedin.com/in/isaac-verma-332,Head of Partnerships,head,Violetgrove,violetgrove.com,400,Food & Beverage,United Kingdom,apollo,2026-03-17,,,,,,,
C101625,Melissa,Taylor,m.taylor@copperlinehq.com,https://linkedin.com/in/melissa-taylor-2915,SEO Manager,manager,Copperline HQ,copperlinehq.com,900,Fintech,Germany,inbound_form,2026-06-02,,,,,,,
C101626,Chloe,Otieno,chloe_otieno@gingerlily.co,https://linkedin.com/in/chloe-otieno-2733,Demand Generation Manager,manager,Gingerlily,gingerlily.co,400,Home Goods,United States,list_upload,2025-06-19,,,,,,,
C101627,Amanda,Sanchez,amanda_sanchez@elmstreetsystems.com,https://linkedin.com/in/amanda-sanchez-4073,Head of Communications,head,Elmstreet Systems,elmstreetsystems.com,450,HR Tech,United States,clay,2025-11-27,2026-05-13,email,getnoble.io,geo-agency-may,no_reply,,
C101628,Ngozi,Clark,ngozi@wheatfieldnutrition.co,https://linkedin.com/in/ngozi-clark-4558,Head of Partnerships,head,Wheatfield Nutrition,wheatfieldnutrition.co,22,Home Goods,United States,apollo,2026-04-27,,,,,,,
C101629,Felipe,Johnson,felipe_johnson@wavelengthgroup.agency,https://linkedin.com/in/felipe-johnson-2226,SEO Manager,manager,Wavelength Group,wavelengthgroup.agency,130,PR Agency,United States,apollo,2026-02-04,2026-03-08,email,noblehq.io,aeo-saas-jul,replied_positive,,
C101630,Larissa,Kapoor,larissa@tideworksai.io,https://linkedin.com/in/larissa-kapoor-6223,Director of SEO,director,Tideworks AI,tideworksai.io,180,Data & Analytics,United States,apollo,2026-03-09,2026-03-29,email,noble-outreach.com,linkedin-seo-leads-jun,opened_no_reply,,
C101631,Lucas,Rossi,l.rossi@truenorthsoftware.com,https://linkedin.com/in/lucas-rossi-1998,Digital Marketing Specialist,ic,Truenorth Software,truenorthsoftware.com,450,Developer Tools,Canada,apollo,2026-01-14,2025-12-22,linkedin,,geo-agency-may,replied_positive,,
C101632,Hyeri,Wu,hwu@solsticehq.ai,https://linkedin.com/in/hyeri-wu-5634,PR Manager,manager,Solstice HQ,solsticehq.ai,45,Martech,Ireland,apollo,2025-08-15,2025-11-26,email,noblehq.io,linkedin-seo-leads-jun,replied_negative,,
C101633,Bruno,Zhang,brunoz@blueprintlabs.co,https://linkedin.com/in/bruno-zhang-7059,Affiliate Marketing Manager,manager,Blueprint Labs,blueprintlabs.co,45,Developer Tools,India,clay,2026-01-27,,,,,,,
C101634,Andrew,Fitzgerald,,https://linkedin.com/in/andrew-fitzgerald-9835,Founder,cxo,Alderpoint,alderpoint.ai,28,B2B Software,United Kingdom,apollo,2026-04-29,2026-04-12,linkedin,,aeo-saas-jul,no_reply,subscriber,no email found - linkedin only
C101635,Daniel,Nkemelu,daniel.nkemelu@duskwood.com,https://linkedin.com/in/daniel-nkemelu-5279,Founder,cxo,Duskwood,duskwood.com,140,Food & Beverage,United States,apollo,2026-05-25,,,,,,,
C101636,Sofia,Oliveira,soliveira@crestlinesoftware.com,https://linkedin.com/in/sofia-oliveira-4727,Director of SEO,director,Crestline Software,crestlinesoftware.com,240,Data & Analytics,United States,apollo,2026-03-17,,,,,,,
C101637,Marieke,Anderson,mariekea@harborview.com,https://linkedin.com/in/marieke-anderson-4819,Marketing Operations Manager,manager,Harborview,harborview.com,45,Cybersecurity,Brazil,inbound_form,2026-04-04,2025-12-23,linkedin,,aeo-consumer-jun,no_reply,subscriber,
C101638,Emily,Weber,emily.weber@stacklinehq.com,https://linkedin.com/in/emily-weber-7253,CMO,cxo,Stackline HQ,stacklinehq.com,450,Cybersecurity,United States,apollo,2026-02-08,,,,,,,
C101639,Ashley,White,ashleyw@petalwiseco.com,https://linkedin.com/in/ashley-white-2591,Head of Digital,head,Petalwise & Co,petalwiseco.com,140,Home Goods,United States,apollo,2026-06-09,,,,,,,
C101640,Sanjay,Bianchi,sanjayb@riverstonepartners.agency,https://linkedin.com/in/sanjay-bianchi-4006,Director of Growth,director,Riverstone Partners,riverstonepartners.agency,90,SEO Agency,United States,clay,2025-06-26,2026-03-14,email,getnoble.io,aeo-saas-jul,replied_positive,,
C101641,David,Rossi,drossi@halogengroup.agency,https://linkedin.com/in/david-rossi-5132,Head of SEO,head,Halogen Group,halogengroup.agency,45,PR Agency,United States,clay,2025-09-16,,,,,,,
C101642,Isaac,Martin,isaac.martin@hazelnook.shop,https://linkedin.com/in/isaac-martin-2819,Content Marketing Manager,manager,Hazelnook,hazelnook.shop,70,Home Goods,United States,apollo,2026-04-01,,,,,,marketingqualifiedlead,
C101643,Tyler,Ryan,t.ryan@junipercloud.com,https://linkedin.com/in/tyler-ryan-4577,Marketing Operations Manager,manager,Junipercloud,junipercloud.com,900,Data & Analytics,United Kingdom,inbound_form,2025-08-26,2025-11-17,email,noblehq.io,linkedin-seo-leads-jun,no_reply,,
C101644,Takashi,Perez,takaship@loopworkplatform.com,https://linkedin.com/in/takashi-perez-1510,Head of Ecommerce,head,Loopwork Platform,loopworkplatform.com,180,Fintech,United States,apollo,2025-12-22,,,,,,lead,
C101645,Amanda,Fischer,amanda.fischer@birchmoorgoods.com,https://linkedin.com/in/amanda-fischer-9309,SEO Manager,manager,Birchmoor Goods,birchmoorgoods.com,400,Food & Beverage,United States,clay,2026-03-03,2025-12-15,email,trynoble.co,geo-agency-may,opened_no_reply,marketingqualifiedlead,
C101646,Stephanie,Sharma,s.sharma@umberstonebeauty.com,https://linkedin.com/in/stephanie-sharma-6876,Head of Growth,head,Umberstone Beauty,umberstonebeauty.com,140,Health & Wellness,Ireland,apollo,2026-04-26,2026-06-01,email,trynoble.co,refresh-midmarket-jun,no_reply,marketingqualifiedlead,
C101647,Megan,Kobayashi,megan.kobayashi@trellismarketing.com,https://linkedin.com/in/megan-kobayashi-4050,Director of Acquisition,director,Trellis Marketing,trellismarketing.com,8,SEO Agency,United States,clay,2025-09-16,,,,,,,
C101648,Lucas,Lee,l.lee@solsticehq.ai,https://linkedin.com/in/lucas-lee-2780,Head of Partnerships,head,Solstice HQ,solsticehq.ai,45,HR Tech,Australia,apollo,2026-04-30,,,,,,,
C101649,Diego,Weber,diego_weber@cybernews.com,https://linkedin.com/in/diego-weber-4283,Contributing Writer,ic,Cybernews,cybernews.com,40,Martech,United States,apollo,2026-04-07,,,,,,,
C101650,Lucas,Jensen,ljensen@cedarcrestnutrition.com,https://linkedin.com/in/lucas-jensen-8772,Director of Acquisition,director,Cedarcrest Nutrition,cedarcrestnutrition.com,12,Food & Beverage,United States,clay,2025-07-18,2026-02-20,email,getnoble.io,aeo-consumer-jun,no_reply,lead,
C101651,Folake,Hernandez,folake@hammersmithstudio.co,https://linkedin.com/in/folake-hernandez-1953,Chief Growth Officer,cxo,Hammersmith Studio,hammersmithstudio.co,65,PR Agency,United States,apollo,2025-08-02,2026-04-04,linkedin,,aeo-consumer-jun,opened_no_reply,,
C101652,Amara,Walker,amara@fathomhousestudio.agency,https://linkedin.com/in/amara-walker-341,Head of Content,head,Fathomhouse Studio,fathomhousestudio.agency,8,Digital Agency,Australia,apollo,2025-06-23,,,,,,,
C101653,Karthik,Harris,k.harris@conductor.com,https://linkedin.com/in/karthik-harris-1893,Senior SEO Specialist,ic,Conductor,conductor.com,900,Data & Analytics,United States,apollo,2026-01-29,,,,,,,
C101654,Magda,Jung,magdaj@alderpoint.ai,https://linkedin.com/in/magda-jung-6207,Head of SEO,head,Alderpoint,alderpoint.ai,28,SaaS,United States,apollo,2025-12-21,2026-05-16,email,noble-outreach.com,linkedin-seo-leads-jun,replied_positive,,
C101655,Zainab,Weber,zainab_weber@stacklinehq.com,https://linkedin.com/in/zainab-weber-4236,Performance Marketing Manager,manager,Stackline HQ,stacklinehq.com,450,B2B Software,Germany,inbound_form,2025-12-09,2026-05-27,linkedin,,geo-agency-may,no_reply,,
C101656,Tunde,Baker,tunde@halogengroup.agency,https://linkedin.com/in/tunde-baker-3334,Chief Growth Officer,cxo,Halogen Group,halogengroup.agency,45,Marketing Agency,United Kingdom,apollo,2025-11-21,2025-12-10,email,getnoble.io,geo-agency-may,unsubscribed,lead,
C101657,Stefan,Traore,stefan_traore@dockyardai.com,https://linkedin.com/in/stefan-traore-860,Content Marketing Manager,manager,Dockyard AI,dockyardai.com,60,Martech,United States,list_upload,2026-04-13,2026-04-10,email,noblehq.io,refresh-midmarket-jun,no_reply,,
C101658,Caleb,Becker,c.becker@highwatercollective.com,https://linkedin.com/in/caleb-becker-5958,Head of Demand Generation,head,Highwater Collective,highwatercollective.com,65,Digital Agency,United States,apollo,2026-03-27,2026-07-15,email,noblehq.io,aeo-saas-jul,replied_negative,marketingqualifiedlead,
C101659,Hyeri,Torres,hyeri.torres@superbloomstudio.com,https://linkedin.com/in/hyeri-torres-2459,Digital Marketing Specialist,ic,Superbloom Studio,superbloomstudio.com,32,Digital Agency,United States,apollo,2025-08-07,,,,,,,
C101660,Samuel,Rao,samuel.rao@hammersmithstudio.co,https://linkedin.com/in/samuel-rao-6877,Head of Growth,head,Hammersmith Studio,hammersmithstudio.co,65,PR Agency,United Kingdom,clay,2026-07-02,,,,,,subscriber,
C101661,Haruto,Kim,hkim@kindredgroup.io,https://linkedin.com/in/haruto-kim-782,Growth Marketing Manager,manager,Kindred Group,kindredgroup.io,65,PR Agency,United States,clay,2026-06-05,,,,,,,
C101662,Santiago,Park,santiago.park@copperlinehq.com,https://linkedin.com/in/santiago-park-9893,Founder,cxo,Copperline HQ,copperlinehq.com,900,B2B Software,Canada,apollo,2025-12-06,2026-04-22,email,noble-outreach.com,geo-agency-may,opened_no_reply,,
C101663,Tunde,Pereira,tunde_pereira@superbloomstudio.com,https://linkedin.com/in/tunde-pereira-6834,AEO Lead,manager,Superbloom Studio,superbloomstudio.com,32,PR Agency,United States,apollo,2026-03-17,,,,,,,
C101664,Justin,Nelson,justinnelson94@gmail.com,https://linkedin.com/in/justin-nelson-5478,Head of Marketing,head,Self-Employed,gmail.com,1,PR Agency,United Kingdom,clay,2025-11-01,,,,,,lead,
C101665,Emeka,Rossi,e.rossi@halcyontechnologies.io,https://linkedin.com/in/emeka-rossi-1684,AEO Lead,manager,Halcyon Technologies,halcyontechnologies.io,900,Data & Analytics,United States,clay,2025-11-21,,,,,,lead,
C101666,Diego,Ryan,diego@everbloom.shop,https://linkedin.com/in/diego-ryan-6654,AEO Lead,manager,Everbloom,everbloom.shop,48,Home Goods,Australia,apollo,2026-04-24,2026-03-19,email,noblehq.io,aeo-consumer-jun,no_reply,,
C101667,Isaac,Mensah,isaacm@oakhausmarketing.agency,https://linkedin.com/in/isaac-mensah-8968,Co-Founder & CEO,cxo,Oakhaus Marketing,oakhausmarketing.agency,90,Digital Agency,Brazil,clay,2026-02-19,,,,,,,
C101668,Kwame,Smith,kwame.smith@meridiansystems.com,https://linkedin.com/in/kwame-smith-1059,Marketing Director,director,Meridian Systems,meridiansystems.com,1400,Martech,United States,apollo,2026-04-10,2026-02-26,linkedin,,aeo-consumer-jun,opened_no_reply,customer,
C101669,Beatriz,Sullivan,beatrizs@nimbusworksplatform.co,https://linkedin.com/in/beatriz-sullivan-8237,Head of Organic Growth,head,Nimbusworks Platform,nimbusworksplatform.co,1400,Fintech,United States,inbound_form,2025-10-20,,,,,,lead,
C101670,Fatima,Watanabe,fatima_watanabe@highwatercollective.com,https://linkedin.com/in/fatima-watanabe-6843,Head of Content,head,Highwater Collective,highwatercollective.com,65,Marketing Agency,United States,list_upload,2026-06-29,2026-02-15,email,noblehq.io,aeo-saas-q2,no_reply,,
C101671,Klaus,Muller,klaus.muller@sunhavencollective.shop,https://linkedin.com/in/klaus-muller-7208,Director of Content,director,Sunhaven Collective,sunhavencollective.shop,400,Food & Beverage,Germany,apollo,2026-01-02,2026-06-19,email,trynoble.co,aeo-consumer-jun,no_reply,,
C101672,Hao,Romano,hao@foxgloveco.com,https://linkedin.com/in/hao-romano-5150,Director of SEO,director,Foxglove & Co,foxgloveco.com,22,Food & Beverage,United States,apollo,2026-04-03,2026-02-10,email,noblehq.io,refresh-midmarket-jun,no_reply,,
C101673,Xiu,Johnson,xiuj@orderly.io,https://linkedin.com/in/xiu-johnson-4005,SEO Lead,manager,Orderly,orderly.io,340,Developer Tools,United States,apollo,2026-03-19,,,,,,,
C101674,Divya,Perez,divyap@brightsparkdigital.com,https://linkedin.com/in/divya-perez-6486,Digital Marketing Specialist,ic,Brightspark Digital,brightsparkdigital.com,8,PR Agency,United States,inbound_form,2025-12-02,,,,,,,
C101675,Renata,Flores,renata@umberstonebeauty.com,https://linkedin.com/in/renata-flores-759,Co-Founder & CEO,cxo,Umberstone Beauty,umberstonebeauty.com,140,Food & Beverage,United States,apollo,2026-06-06,2026-03-11,email,noblehq.io,linkedin-seo-leads-jun,no_reply,,
C101676,Santiago,Park,santiago@birchmoorgoods.com,https://linkedin.com/in/santiago-park-3484,Head of Growth,head,Birchmoor Goods,birchmoorgoods.com,400,Supplements,Ireland,apollo,2025-10-27,,,,,,,
C101677,Justin,Fitzgerald,justinf@loopworkplatform.com,https://linkedin.com/in/justin-fitzgerald-9154,Performance Marketing Manager,manager,Loopwork Platform,loopworkplatform.com,180,Data & Analytics,United States,list_upload,2025-10-16,,,,,,opportunity,
C101678,Rebecca,Pereira,r.pereira@wheatfieldnutrition.co,https://linkedin.com/in/rebecca-pereira-4770,Co-Founder & CEO,cxo,Wheatfield Nutrition,wheatfieldnutrition.co,22,Consumer Goods,United States,clay,2025-10-05,,,,,,opportunity,
C101679,Layla,Johnson,l.johnson@duskwood.com,https://linkedin.com/in/layla-johnson-9185,Technical SEO Manager,manager,Duskwood,duskwood.com,140,Consumer Goods,United States,apollo,2026-01-19,,,,,,opportunity,
C101680,Jing,Ramirez,jing.ramirez@duskwood.com,https://linkedin.com/in/jing-ramirez-6324,Affiliate Marketing Manager,manager,Duskwood,duskwood.com,140,Beauty & Personal Care,United States,inbound_form,2026-06-24,,,,,,,
C101681,Sofia,Mensah,sofia.mensah@vantagepoint.app,https://linkedin.com/in/sofia-mensah-7859,Head of SEO,head,Vantagepoint,vantagepoint.app,120,Fintech,Ireland,apollo,2026-05-06,,,,,,,
C101682,Freja,Robinson,frobinson@cedarcrestnutrition.com,https://linkedin.com/in/freja-robinson-2944,Chief Growth Officer,cxo,Cedarcrest Nutrition,cedarcrestnutrition.com,12,Consumer Goods,United States,apollo,2026-02-21,,,,,,,
C101683,Santiago,Larsen,santiago@nimbusworksplatform.co,https://linkedin.com/in/santiago-larsen-6229,Director of Content,director,Nimbusworks Platform,nimbusworksplatform.co,1400,Developer Tools,India,inbound_form,2026-06-14,2026-05-19,email,noble-outreach.com,geo-agency-may,no_reply,,
C101684,Jessica,Becker,,https://linkedin.com/in/jessica-becker-7799,CMO,cxo,Reedmarsh,reedmarsh.com,22,Supplements,United States,clay,2025-10-05,2026-07-05,linkedin,,aeo-consumer-jun,opened_no_reply,lead,no email found - linkedin only
C101685,Andrew,Clark,andrew@vantagepoint.app,https://linkedin.com/in/andrew-clark-8177,Demand Generation Manager,manager,Vantagepoint,vantagepoint.app,120,Developer Tools,United Kingdom,apollo,2026-04-21,2026-02-21,email,noblehq.io,aeo-consumer-jun,booked,,
C101686,Justin,White,j.white@copperkettlenutrition.com,https://linkedin.com/in/justin-white-4575,Director of Growth,director,Copperkettle Nutrition,copperkettlenutrition.com,70,Apparel,Ireland,list_upload,2025-10-03,,,,,,,
C101687,James,Jackson,james_jackson@halcyontechnologies.io,https://linkedin.com/in/james-jackson-1462,Head of SEO,head,Halcyon Technologies,halcyontechnologies.io,900,Data & Analytics,Netherlands,clay,2025-07-26,,,,,,,
C101688,Sakura,Quinn,sakura@orbitlycloud.co,https://linkedin.com/in/sakura-quinn-9867,Head of Demand Generation,head,Orbitly Cloud,orbitlycloud.co,620,B2B Software,United States,apollo,2026-04-22,2026-07-05,email,trynoble.co,aeo-saas-jul,opened_no_reply,customer,
C101689,Tunde,Williams,tunde.williams@fernwood.io,https://linkedin.com/in/tunde-williams-3848,Head of Digital,head,Fernwood,fernwood.io,620,Martech,United States,apollo,2026-01-05,2026-05-01,email,trynoble.co,aeo-consumer-jun,no_reply,lead,
C101690,Piotr,Nair,piotr_nair@blueprintlabs.co,https://linkedin.com/in/piotr-nair-1660,Director of Demand Gen,director,Blueprint Labs,blueprintlabs.co,45,Data & Analytics,United Kingdom,partner_referral,2026-05-14,2026-04-22,email,trynoble.co,aeo-saas-q2,no_reply,,
C101691,Isabella,Hall,isabellah@overtone.com,https://linkedin.com/in/isabella-hall-8158,Founder,cxo,Overtone,overtone.com,310,HR Tech,Singapore,apollo,2026-06-21,,,,,,,
C101692,Jessica,Wang,jessica@beaconworkslabs.com,https://linkedin.com/in/jessica-wang-2314,Head of Growth,head,Beaconworks Labs,beaconworkslabs.com,45,Fintech,United States,partner_referral,2026-03-12,2026-05-11,email,noble-outreach.com,aeo-consumer-jun,no_reply,marketingqualifiedlead,
C101693,Priya,Ryan,p.ryan@threadbarepartners.co,https://linkedin.com/in/priya-ryan-8852,VP of Marketing,vp,Threadbare Partners,threadbarepartners.co,130,SEO Agency,United Kingdom,partner_referral,2026-02-11,,,,,,,
C101694,Ashley,Mwangi,ashley@truenorthsoftware.com,https://linkedin.com/in/ashley-mwangi-8472,Director of Content,director,Truenorth Software,truenorthsoftware.com,450,SaaS,United States,apollo,2025-09-14,,,,,,,
C101695,Amara,Nelson,amara@overtone.com,https://linkedin.com/in/amara-nelson-7005,Head of Ecommerce,head,Overtone,overtone.com,310,Martech,Netherlands,apollo,2025-07-21,,,,,,,
C101696,Valentina,Otieno,votieno@overtone.com,https://linkedin.com/in/valentina-otieno-6313,Chief Growth Officer,cxo,Overtone,overtone.com,310,Data & Analytics,Spain,apollo,2025-11-12,2026-03-29,email,trynoble.co,aeo-consumer-jun,no_reply,,
C101697,Emeka,Gallagher,e.gallagher@reedmarsh.com,https://linkedin.com/in/emeka-gallagher-8903,Digital Marketing Specialist,ic,Reedmarsh,reedmarsh.com,22,Beauty & Personal Care,United States,inbound_form,2026-03-23,,,,,,,
C101698,Isabella,Bianchi,isabellab@duskwood.com,https://linkedin.com/in/isabella-bianchi-6040,Affiliate Marketing Manager,manager,Duskwood,duskwood.com,140,Supplements,United States,inbound_form,2026-05-12,,,,,,lead,
C101699,Ingrid,Lee,ingrid.lee@waypointhqhq.app,https://linkedin.com/in/ingrid-lee-2195,Head of Ecommerce,head,Waypointhq HQ,waypointhqhq.app,45,Martech,United States,clay,2026-02-28,,,,,,,
C101700,Christopher,Anderson,canderson@willowmerenutrition.com,https://linkedin.com/in/christopher-anderson-2750,Director of Growth,director,Willowmere Nutrition,willowmerenutrition.com,70,Supplements,United States,linkedin_scrape,2025-07-18,2026-01-17,email,trynoble.co,aeo-saas-q2,no_reply,,
C101701,Anja,Davis,adavis@stonepath.io,https://linkedin.com/in/anja-davis-2770,Content Marketing Manager,manager,Stonepath,stonepath.io,120,B2B Software,United Kingdom,list_upload,2026-04-15,,,,,,customer,
C101702,Maya,Hill,mhill@westgatecloud.co,https://linkedin.com/in/maya-hill-3952,Head of Communications,head,Westgate Cloud,westgatecloud.co,120,Cybersecurity,Netherlands,apollo,2025-10-26,2025-12-20,email,noblehq.io,geo-agency-may,no_reply,,
C101703,Joshua,Young,joshua.young@nimbusworksplatform.co,https://linkedin.com/in/joshua-young-4284,Performance Marketing Manager,manager,Nimbusworks Platform,nimbusworksplatform.co,1400,SaaS,United States,clay,2026-05-24,,,,,,,
C101704,Chidi,Moore,c.moore@alderpoint.ai,https://linkedin.com/in/chidi-moore-2308,Technical SEO Manager,manager,Alderpoint,alderpoint.ai,28,Cybersecurity,United States,apollo,2025-07-14,2026-06-05,linkedin,,refresh-midmarket-jun,bounced,,
C101705,Megan,Ryan,m.ryan@brightvale.io,https://linkedin.com/in/megan-ryan-8851,Marketing Director,director,Brightvale,brightvale.io,1400,Data & Analytics,United States,clay,2025-10-14,,,,,,lead,
C101706,Kwame,Kowalski,kwamek@halogengroup.agency,https://linkedin.com/in/kwame-kowalski-480,Director of Growth,director,Halogen Group,halogengroup.agency,45,SEO Agency,United States,linkedin_scrape,2025-09-16,,,,,,,
C101707,Folake,Liu,fliu@umbrahqsoftware.co,https://linkedin.com/in/folake-liu-9472,Brand Manager,manager,Umbrahq Software,umbrahqsoftware.co,1400,Developer Tools,Spain,clay,2025-10-10,,,,,,,
C101708,Caleb,Nowak,cnowak@halcyontechnologies.io,https://linkedin.com/in/caleb-nowak-1292,Marketing Operations Manager,manager,Halcyon Technologies,halcyontechnologies.io,900,SaaS,Australia,clay,2026-01-31,2025-12-14,email,noblehq.io,linkedin-seo-leads-jun,opened_no_reply,,
C101709,Mikkel,Chen,m.chen@palmwoodco.shop,https://linkedin.com/in/mikkel-chen-2823,Co-Founder & CEO,cxo,Palmwood & Co,palmwoodco.shop,12,Food & Beverage,United States,clay,2025-07-25,2026-05-06,linkedin,,refresh-midmarket-jun,bounced,,
C101710,Min,Green,mgreen@yardstickhq.com,https://linkedin.com/in/min-green-2091,SEO Manager,manager,Yardstick HQ,yardstickhq.com,310,Cybersecurity,United States,apollo,2025-11-27,,,,,,,
C101711,Tomasz,Garcia,tomasz.garcia@thistledowncollective.shop,https://linkedin.com/in/tomasz-garcia-1531,Growth Marketing Manager,manager,Thistledown Collective,thistledowncollective.shop,12,Food & Beverage,United States,inbound_form,2025-11-10,,,,,,,
C101712,Valentina,Mwangi,valentina_mwangi@meridiansystems.com,https://linkedin.com/in/valentina-mwangi-757,Head of Growth,head,Meridian Systems,meridiansystems.com,1400,Martech,United Kingdom,clay,2025-07-17,,,,,,,
C101713,Pieter,Williams,pieter_williams@alderpoint.ai,https://linkedin.com/in/pieter-williams-1185,Digital Marketing Specialist,ic,Alderpoint,alderpoint.ai,28,Cybersecurity,Singapore,apollo,2025-06-26,,,,,,subscriber,
C101714,Felipe,Torres,ftorres@longshorepartners.agency,https://linkedin.com/in/felipe-torres-7577,Digital Marketing Specialist,ic,Longshore Partners,longshorepartners.agency,45,Digital Agency,Brazil,apollo,2025-10-17,,,,,,lead,
C101715,Mikkel,Jung,mikkelj@cedarcrestnutrition.com,https://linkedin.com/in/mikkel-jung-6749,Brand Manager,manager,Cedarcrest Nutrition,cedarcrestnutrition.com,12,Health & Wellness,United States,apollo,2026-04-08,2026-06-12,email,noblehq.io,aeo-consumer-jun,opened_no_reply,,
C101716,Meera,Romano,m.romano@duskwood.com,https://linkedin.com/in/meera-romano-5137,Director of Acquisition,director,Duskwood,duskwood.com,140,Supplements,Brazil,clay,2026-03-21,2025-12-01,email,noble-outreach.com,linkedin-seo-leads-jun,no_reply,,
C101717,Laura,Davis,l.davis@junipercloud.com,https://linkedin.com/in/laura-davis-6225,Senior SEO Specialist,ic,Junipercloud,junipercloud.com,900,Developer Tools,United States,apollo,2026-05-16,2026-01-22,linkedin,,geo-agency-may,no_reply,,
C101718,Megan,Diallo,megan_diallo@compassmarketing.com,https://linkedin.com/in/megan-diallo-4999,CMO,cxo,Compass Marketing,compassmarketing.com,45,SEO Agency,United States,list_upload,2026-06-29,2026-05-18,email,noble-outreach.com,aeo-consumer-jun,no_reply,,
C101719,Hannah,Flores,h.flores@cirruspointai.io,https://linkedin.com/in/hannah-flores-706,Head of Demand Generation,head,Cirruspoint AI,cirruspointai.io,45,Developer Tools,United States,clay,2025-08-11,2026-06-30,email,trynoble.co,linkedin-seo-leads-jun,no_reply,,
C101720,Freja,Oliveira,freja.oliveira@brightsparkdigital.com,https://linkedin.com/in/freja-oliveira-1175,Head of Digital,head,Brightspark Digital,brightsparkdigital.com,8,Digital Agency,Canada,list_upload,2025-12-22,,,,,,,
C101721,Kevin,Fischer,kfischer@ashgrovenutrition.com,https://linkedin.com/in/kevin-fischer-8545,Marketing Operations Manager,manager,Ashgrove Nutrition,ashgrovenutrition.com,400,Apparel,United Kingdom,list_upload,2025-06-21,,,,,,,
C101722,Yuki,Moore,yuki.moore@copperkettlenutrition.com,https://linkedin.com/in/yuki-moore-1879,Content Marketing Manager,manager,Copperkettle Nutrition,copperkettlenutrition.com,70,Home Goods,United States,clay,2026-05-26,,,,,,,
C101723,Bruno,Zhao,bzhao@longshorepartners.agency,https://linkedin.com/in/bruno-zhao-2322,Marketing Operations Manager,manager,Longshore Partners,longshorepartners.agency,45,PR Agency,United States,apollo,2025-08-24,2026-02-11,linkedin,,aeo-consumer-jun,replied_negative,subscriber,
C101724,Wei,Wright,wwright@fathomhousestudio.agency,https://linkedin.com/in/wei-wright-730,Performance Marketing Manager,manager,Fathomhouse Studio,fathomhousestudio.agency,8,Marketing Agency,Ireland,clay,2026-05-24,,,,,,,
C101725,Neha,Kowalski,neha.kowalski@glasswingsoftware.app,https://linkedin.com/in/neha-kowalski-8712,Co-Founder & CEO,cxo,Glasswing Software,glasswingsoftware.app,450,Martech,Germany,partner_referral,2026-02-21,2026-04-16,email,trynoble.co,linkedin-seo-leads-jun,no_reply,marketingqualifiedlead,
C101726,Seoyeon,Souza,seoyeon_souza@keystone.co,https://linkedin.com/in/seoyeon-souza-6158,Demand Generation Manager,manager,Keystone,keystone.co,450,Fintech,United States,list_upload,2025-07-27,2026-01-16,email,noble-outreach.com,geo-agency-may,no_reply,,
C101727,Jihoon,Scott,jihoons@amberfieldgoods.com,https://linkedin.com/in/jihoon-scott-8750,Director of Growth,director,Amberfield Goods,amberfieldgoods.com,22,Beauty & Personal Care,United States,apollo,2025-10-19,2026-07-08,email,noblehq.io,geo-agency-may,no_reply,lead,
C101728,Hannah,Ribeiro,h.ribeiro@cedarcrestnutrition.com,https://linkedin.com/in/hannah-ribeiro-2068,Co-Founder & CEO,cxo,Cedarcrest Nutrition,cedarcrestnutrition.com,12,Health & Wellness,United States,linkedin_scrape,2026-05-06,,,,,,,
C101729,Aaron,Zhang,a.zhang@foldworkmarketing.co,https://linkedin.com/in/aaron-zhang-4185,Head of Organic Growth,head,Foldwork Marketing,foldworkmarketing.co,90,SEO Agency,United States,apollo,2026-04-26,,,,,,,
C101730,Ngozi,Ryan,ngozi.ryan@thistledowncollective.shop,https://linkedin.com/in/ngozi-ryan-941,VP of Marketing,vp,Thistledown Collective,thistledowncollective.shop,12,Consumer Goods,United States,list_upload,2025-09-19,2026-01-13,linkedin,,aeo-saas-q2,no_reply,,
C101731,Bruno,Taylor,b.taylor@oakhausmarketing.agency,https://linkedin.com/in/bruno-taylor-8472,Senior SEO Specialist,ic,Oakhaus Marketing,oakhausmarketing.agency,90,Marketing Agency,United States,linkedin_scrape,2026-06-09,,,,,,,
C101732,Freja,Desai,freja.desai@ironwillowhome.com,https://linkedin.com/in/freja-desai-796,Demand Generation Manager,manager,Ironwillow Home,ironwillowhome.com,140,Health & Wellness,United States,apollo,2025-07-29,,,,,,,
C101733,Olivia,Garcia,olivia@blueprintlabs.co,https://linkedin.com/in/olivia-garcia-1738,SEO Manager,manager,Blueprint Labs,blueprintlabs.co,45,Cybersecurity,India,apollo,2025-07-05,2026-06-18,email,getnoble.io,aeo-saas-q2,opened_no_reply,,
C101734,Stephanie,Miller,stephanie.miller@copperlinehq.com,https://linkedin.com/in/stephanie-miller-91,PR Manager,manager,Copperline HQ,copperlinehq.com,900,SaaS,United States,partner_referral,2026-01-15,,,,,,subscriber,
C101735,Divya,Rao,divya_rao@emberlyai.io,https://linkedin.com/in/divya-rao-7115,Co-Founder & CEO,cxo,Emberly AI,emberlyai.io,180,HR Tech,United States,list_upload,2025-08-01,,,,,,lead,
C101736,Santiago,Flores,s.flores@kelpforest.co,https://linkedin.com/in/santiago-flores-7409,Head of Marketing,head,Kelpforest,kelpforest.co,95,Health & Wellness,Singapore,clay,2026-05-29,2026-01-28,linkedin,,refresh-midmarket-jun,bounced,,
C101737,Jonah,Kelly,jonahk@waypointhqhq.app,https://linkedin.com/in/jonah-kelly-5499,Head of Organic Growth,head,Waypointhq HQ,waypointhqhq.app,45,Cybersecurity,United States,apollo,2025-09-03,,,,,,,
C101738,Samuel,Wang,s.wang@keystone.co,https://linkedin.com/in/samuel-wang-7614,Director of Demand Gen,director,Keystone,keystone.co,450,B2B Software,United Kingdom,apollo,2025-12-16,,,,,,,
C101739,Hannah,Rao,hannah_rao@gingerlily.co,https://linkedin.com/in/hannah-rao-2558,Affiliate Marketing Manager,manager,Gingerlily,gingerlily.co,400,Beauty & Personal Care,United States,apollo,2026-06-14,,,,,,,
C101740,Isabella,Kelly,isabella.kelly@halogengroup.agency,https://linkedin.com/in/isabella-kelly-9842,Head of Content,head,Halogen Group,halogengroup.agency,45,SEO Agency,United States,apollo,2026-05-21,2026-05-30,email,noblehq.io,aeo-saas-jul,no_reply,,
C101741,Michael,Gonzalez,michael_gonzalez@flintlocksoftware.com,https://linkedin.com/in/michael-gonzalez-2441,Marketing Operations Manager,manager,Flintlock Software,flintlocksoftware.com,240,B2B Software,United States,apollo,2025-07-02,,,,,,lead,
C101742,Isabella,Traore,isabella.traore@wildrootcollective.com,https://linkedin.com/in/isabella-traore-4410,Performance Marketing Manager,manager,Wildroot Collective,wildrootcollective.com,400,Home Goods,United States,inbound_form,2026-03-17,2026-06-29,email,noblehq.io,refresh-midmarket-jun,opened_no_reply,,
C101743,Olivia,Park,opark@quillfeatherwellness.com,https://linkedin.com/in/olivia-park-3059,Director of Content,director,Quillfeather Wellness,quillfeatherwellness.com,200,Home Goods,Australia,partner_referral,2026-06-19,,,,,,,
C101744,Nicole,Smith,n.smith@zephyrbaynutrition.com,https://linkedin.com/in/nicole-smith-8577,Head of Digital,head,Zephyrbay Nutrition,zephyrbaynutrition.com,12,Beauty & Personal Care,Singapore,list_upload,2026-03-08,,,,,,,
C101745,Anja,Schmidt,anja_schmidt@amberfieldgoods.com,https://linkedin.com/in/anja-schmidt-5109,Senior SEO Specialist,ic,Amberfield Goods,amberfieldgoods.com,22,Beauty & Personal Care,United States,partner_referral,2025-08-25,,,,,,,
C101746,Andrew,Jackson,ajackson@lightkeel.co,https://linkedin.com/in/andrew-jackson-8190,Head of Demand Generation,head,Lightkeel,lightkeel.co,180,Developer Tools,United States,apollo,2026-05-02,2026-05-11,email,noble-outreach.com,refresh-midmarket-jun,bounced,,
C101747,Lucas,Oliveira,loliveira@junipercloud.com,https://linkedin.com/in/lucas-oliveira-8457,Head of Content,head,Junipercloud,junipercloud.com,900,SaaS,Germany,apollo,2025-07-05,,,,,,lead,
C101748,Santiago,Park,santiago_park@hazelnook.shop,https://linkedin.com/in/santiago-park-4347,AEO Lead,manager,Hazelnook,hazelnook.shop,70,Supplements,Netherlands,apollo,2026-03-09,2026-01-15,linkedin,,refresh-midmarket-jun,no_reply,subscriber,
C101749,Rebecca,Mensah,rmensah@nexuscoresystems.co,https://linkedin.com/in/rebecca-mensah-5100,Director of Content,director,Nexuscore Systems,nexuscoresystems.co,180,B2B Software,United States,linkedin_scrape,2025-09-22,,,,,,,
C101750,Minjun,Green,mgreen@verdantbeauty.com,https://linkedin.com/in/minjun-green-7516,Head of SEO,head,Verdant Beauty,verdantbeauty.com,140,Consumer Goods,United States,inbound_form,2026-03-28,,,,,,,
C101751,Kevin,Chen,kevin.chen@nexuscoresystems.co,https://linkedin.com/in/kevin-chen-6716,Head of Organic Growth,head,Nexuscore Systems,nexuscoresystems.co,180,HR Tech,United States,apollo,2026-01-22,2026-04-30,email,noble-outreach.com,refresh-midmarket-jun,no_reply,lead,
C101752,Freja,Brown,frejab@latitudeone.ai,https://linkedin.com/in/freja-brown-8926,Director of Content,director,Latitudeone,latitudeone.ai,620,Fintech,United States,apollo,2026-03-24,,,,,,,
C101753,Hao,White,hao@mosaiclysystems.io,https://linkedin.com/in/hao-white-8519,Head of Marketing,head,Mosaicly Systems,mosaiclysystems.io,450,B2B Software,United States,apollo,2025-12-24,2026-07-04,email,noble-outreach.com,geo-agency-may,opened_no_reply,,
C101754,Felipe,Pereira,felipe@palmwoodco.shop,https://linkedin.com/in/felipe-pereira-2397,Technical SEO Manager,manager,Palmwood & Co,palmwoodco.shop,12,Supplements,Canada,apollo,2025-11-28,,,,,,,
C101755,Christopher,Flores,cflores@goldleafco.co,https://linkedin.com/in/christopher-flores-712,Performance Marketing Manager,manager,Goldleaf & Co,goldleafco.co,70,Beauty & Personal Care,United States,list_upload,2025-11-01,2026-07-08,email,getnoble.io,aeo-saas-q2,replied_negative,,
C101756,Hassan,Rao,hassan.rao@orchardlynutrition.com,https://linkedin.com/in/hassan-rao-925,AEO Lead,manager,Orchardly Nutrition,orchardlynutrition.com,48,Home Goods,United States,apollo,2026-04-19,,,,,,,
C101757,Ryan,Miller,ryan_miller@foldworkmarketing.co,https://linkedin.com/in/ryan-miller-9619,Brand Manager,manager,Foldwork Marketing,foldworkmarketing.co,90,SEO Agency,United States,apollo,2026-03-28,,,,,,marketingqualifiedlead,
C101758,Diego,Nielsen,diegon@overtone.com,https://linkedin.com/in/diego-nielsen-9800,Director of SEO,director,Overtone,overtone.com,310,HR Tech,United States,apollo,2025-12-16,2025-12-25,email,getnoble.io,aeo-saas-jul,no_reply,,
C101759,Isabella,Johnson,isabella.johnson@tideworksai.io,https://linkedin.com/in/isabella-johnson-1397,Head of Digital,head,Tideworks AI,tideworksai.io,180,HR Tech,United States,apollo,2025-11-08,,,,,,,
C101760,Melissa,Schmidt,mschmidt@copperkettlenutrition.com,https://linkedin.com/in/melissa-schmidt-9750,Technical SEO Manager,manager,Copperkettle Nutrition,copperkettlenutrition.com,70,Apparel,Australia,apollo,2025-08-23,,,,,,,
C101761,Katherine,Kelly,katherine.kelly@vantagepoint.app,https://linkedin.com/in/katherine-kelly-6620,Founder,cxo,Vantagepoint,vantagepoint.app,120,Martech,Australia,inbound_form,2026-06-28,,,,,,,
C101762,Vikram,Clark,vclark@kelpforest.co,https://linkedin.com/in/vikram-clark-4979,Founder,cxo,Kelpforest,kelpforest.co,95,Health & Wellness,United States,partner_referral,2025-07-23,2025-12-05,email,getnoble.io,geo-agency-may,opened_no_reply,,
C101763,Haruto,Murphy,hmurphy@meadowlarknutrition.com,https://linkedin.com/in/haruto-murphy-3172,Head of Partnerships,head,Meadowlark Nutrition,meadowlarknutrition.com,280,Apparel,United States,apollo,2026-04-06,,,,,,,
C101764,Arjun,Johnson,arjun@junipercloud.com,https://linkedin.com/in/arjun-johnson-1356,Performance Marketing Manager,manager,Junipercloud,junipercloud.com,900,B2B Software,Ireland,partner_referral,2026-01-24,,,,,,lead,
C101765,Katherine,Hall,katherineh@violetgrove.com,https://linkedin.com/in/katherine-hall-8562,Digital Marketing Specialist,ic,Violetgrove,violetgrove.com,400,Apparel,United States,apollo,2025-06-27,2026-02-02,email,getnoble.io,aeo-saas-jul,booked,,
C101766,Aisha,Allen,aishaa@cadenceio.io,https://linkedin.com/in/aisha-allen-3102,Director of Acquisition,director,Cadenceio,cadenceio.io,45,HR Tech,United States,apollo,2025-06-20,2025-11-24,linkedin,,geo-agency-may,unsubscribed,,
C101767,Felipe,Fitzgerald,felipe.fitzgerald@emberlyai.io,https://linkedin.com/in/felipe-fitzgerald-1617,VP of Marketing,vp,Emberly AI,emberlyai.io,180,Cybersecurity,United States,apollo,2025-10-31,2026-02-12,email,noble-outreach.com,geo-agency-may,bounced,,hard bounce - 550 no such user
C101768,Emeka,Nowak,enowak@softwareadvice.com,https://linkedin.com/in/emeka-nowak-2546,Head of Content Partnerships,head,Software Advice,softwareadvice.com,220,Data & Analytics,Ireland,apollo,2025-11-26,,,,,,,
C101769,Ananya,Jensen,ananya@wheatfieldnutrition.co,https://linkedin.com/in/ananya-jensen-3560,PR Manager,manager,Wheatfield Nutrition,wheatfieldnutrition.co,22,Beauty & Personal Care,United States,apollo,2025-10-20,2026-03-19,email,noblehq.io,aeo-consumer-jun,bounced,,
C101770,Maya,Lee,maya.lee@emberlyai.io,https://linkedin.com/in/maya-lee-8447,Marketing Director,director,Emberly AI,emberlyai.io,180,Data & Analytics,United States,apollo,2025-07-14,,,,,,,
C101771,Sanne,Wang,sanne.wang@umberstonebeauty.com,https://linkedin.com/in/sanne-wang-9736,Head of Organic Growth,head,Umberstone Beauty,umberstonebeauty.com,140,Food & Beverage,United States,apollo,2025-07-25,,,,,,lead,
C101772,Grace,Malhotra,g.malhotra@quantumleafhq.app,https://linkedin.com/in/grace-malhotra-7320,Co-Founder & CEO,cxo,Quantumleaf HQ,quantumleafhq.app,120,Martech,United States,partner_referral,2025-08-16,,,,,,,
C101773,Hao,Nielsen,hao_nielsen@northpeakai.co,https://linkedin.com/in/hao-nielsen-1442,AEO Lead,manager,Northpeak AI,northpeakai.co,28,Developer Tools,United States,inbound_form,2026-03-15,,,,,,,
C101774,Nathan,Weber,nathanw@longshorepartners.agency,https://linkedin.com/in/nathan-weber-4313,SEO Manager,manager,Longshore Partners,longshorepartners.agency,45,Digital Agency,Canada,inbound_form,2026-01-22,,,,,,,
C101775,Xiu,Ryan,xiu_ryan@emberlyai.io,https://linkedin.com/in/xiu-ryan-3993,Brand Manager,manager,Emberly AI,emberlyai.io,180,HR Tech,United States,apollo,2026-06-05,,,,,,,
C101776,Sanjay,Muller,sanjay@threadbarepartners.co,https://linkedin.com/in/sanjay-muller-3865,Director of SEO,director,Threadbare Partners,threadbarepartners.co,130,Marketing Agency,Ireland,linkedin_scrape,2026-01-13,2026-01-24,email,trynoble.co,geo-agency-may,no_reply,,
C101777,Chloe,Martin,chloe_martin@brightvale.io,https://linkedin.com/in/chloe-martin-5154,Director of SEO,director,Brightvale,brightvale.io,1400,Fintech,United States,list_upload,2026-06-30,,,,,,,
C101778,Laura,Miller,lauram@lavenderlywellness.com,https://linkedin.com/in/laura-miller-8790,Content Marketing Manager,manager,Lavenderly Wellness,lavenderlywellness.com,48,Health & Wellness,United States,apollo,2025-08-08,,,,,,lead,
C101779,Renata,Wilson,renata_wilson@clearwaterplatform.com,https://linkedin.com/in/renata-wilson-9223,Head of Content,head,Clearwater Platform,clearwaterplatform.com,1400,Developer Tools,United States,apollo,2025-08-09,2026-03-17,email,getnoble.io,aeo-consumer-jun,no_reply,lead,
C101780,Rafael,Young,ryoung@blueharborbeauty.com,https://linkedin.com/in/rafael-young-6491,Head of Digital,head,Blueharbor Beauty,blueharborbeauty.com,70,Food & Beverage,United States,inbound_form,2025-08-10,,,,,,,
C101781,Rafael,Verma,rafaelverma31@icloud.com,https://linkedin.com/in/rafael-verma-3709,Technical SEO Manager,manager,Freelance,icloud.com,1,PR Agency,United States,linkedin_scrape,2025-10-04,,,,,,marketingqualifiedlead,
C101782,Elias,Gupta,egupta@helixware.io,https://linkedin.com/in/elias-gupta-5357,Head of Partnerships,head,Helixware,helixware.io,310,HR Tech,Canada,apollo,2026-05-15,,,,,,,
C101783,Freja,Hernandez,frejah@alderpoint.ai,https://linkedin.com/in/freja-hernandez-4374,Technical SEO Manager,manager,Alderpoint,alderpoint.ai,28,HR Tech,Ireland,apollo,2025-09-27,2025-10-17,email,noble-outreach.com,aeo-saas-jul,unsubscribed,,asked to be removed
C101784,Haruto,Liu,haruto_liu@beelinestudio.io,https://linkedin.com/in/haruto-liu-5910,Head of Content,head,Beeline Studio,beelinestudio.io,90,SEO Agency,United States,apollo,2026-06-30,2026-04-27,email,trynoble.co,linkedin-seo-leads-jun,no_reply,,
C101785,Divya,Ramirez,divya.ramirez@thistledowncollective.shop,https://linkedin.com/in/divya-ramirez-6405,Director of Content,director,Thistledown Collective,thistledowncollective.shop,12,Food & Beverage,United States,apollo,2025-11-19,,,,,,subscriber,
C101786,Aisha,Hill,a.hill@umberstonebeauty.com,https://linkedin.com/in/aisha-hill-7598,Digital Marketing Specialist,ic,Umberstone Beauty,umberstonebeauty.com,140,Supplements,United Kingdom,apollo,2025-11-15,,,,,,,
C101787,Layla,Verma,lverma@ironwillowhome.com,https://linkedin.com/in/layla-verma-1996,PR Manager,manager,Ironwillow Home,ironwillowhome.com,140,Consumer Goods,United States,clay,2026-03-29,,,,,,,
C101788,Kofi,Joshi,kofi_joshi@anchorlinesoftware.com,https://linkedin.com/in/kofi-joshi-4862,Senior SEO Specialist,ic,Anchorline Software,anchorlinesoftware.com,620,Martech,United States,apollo,2025-12-07,,,,,,,
C101789,,,admin@silverbrookplatform.com,https://linkedin.com/in/--5462,,,Silverbrook Platform,silverbrookplatform.com,240,HR Tech,United States,apollo,2025-07-16,2026-06-03,email,noble-outreach.com,aeo-saas-q2,no_reply,,
C101790,Mateo,Gonzalez,mateo_gonzalez@glasswingsoftware.app,https://linkedin.com/in/mateo-gonzalez-6501,SEO Lead,manager,Glasswing Software,glasswingsoftware.app,450,B2B Software,Canada,linkedin_scrape,2025-08-03,,,,,,marketingqualifiedlead,
C101791,Arjun,Chatterjee,arjun.chatterjee@silverbrookplatform.com,https://linkedin.com/in/arjun-chatterjee-1402,Director of Demand Gen,director,Silverbrook Platform,silverbrookplatform.com,240,Cybersecurity,United States,apollo,2025-09-26,,,,,,marketingqualifiedlead,
C101792,Kwame,Johnson,kwamej@verdantbeauty.com,https://linkedin.com/in/kwame-johnson-2930,Head of Marketing,head,Verdant Beauty,verdantbeauty.com,140,Supplements,Netherlands,apollo,2026-05-27,,,,,,opportunity,
C101793,Jonah,Jones,jjones@vantagepoint.app,https://linkedin.com/in/jonah-jones-857,Brand Manager,manager,Vantagepoint,vantagepoint.app,120,Fintech,Germany,clay,2025-09-23,2026-01-05,email,trynoble.co,aeo-consumer-jun,booked,,
C101794,Xiu,Osei,xiu@cobaltsoftware.app,https://linkedin.com/in/xiu-osei-6472,Co-Founder & CEO,cxo,Cobalt Software,cobaltsoftware.app,28,Developer Tools,United States,apollo,2026-05-02,2026-06-16,email,noble-outreach.com,aeo-saas-q2,no_reply,,
C101795,Sanne,Joshi,sanne_joshi@flintlocksoftware.com,https://linkedin.com/in/sanne-joshi-452,Director of Content,director,Flintlock Software,flintlocksoftware.com,240,Martech,United States,apollo,2025-08-12,,,,,,,
C101796,David,Huang,david@gingerlily.co,https://linkedin.com/in/david-huang-922,SEO Lead,manager,Gingerlily,gingerlily.co,400,Home Goods,United States,apollo,2025-10-22,,,,,,,
C101797,Aisha,Bianchi,a.bianchi@quarryhq.com,https://linkedin.com/in/aisha-bianchi-4437,Senior SEO Specialist,ic,Quarryhq,quarryhq.com,85,SaaS,United States,apollo,2026-06-14,,,,,,,
C101798,Lauren,Jackson,lauren.jackson@crestlinesoftware.com,https://linkedin.com/in/lauren-jackson-6275,VP of Marketing,vp,Crestline Software,crestlinesoftware.com,240,Data & Analytics,United States,apollo,2026-06-01,2026-06-05,email,noble-outreach.com,aeo-consumer-jun,replied_negative,lead,
C101799,Nora,Schmidt,nschmidt@terrafirma.com,https://linkedin.com/in/nora-schmidt-1112,Founder,cxo,Terrafirma,terrafirma.com,60,SaaS,United States,apollo,2026-04-19,,,,,,lead,
C101800,Xiu,Harris,xharris@gingerlily.co,https://linkedin.com/in/xiu-harris-1042,Technical SEO Manager,manager,Gingerlily,gingerlily.co,400,Home Goods,United States,clay,2025-07-08,2026-04-03,linkedin,,aeo-saas-jul,no_reply,lead,
C101801,Aaron,Reddy,,https://linkedin.com/in/aaron-reddy-4507,Digital Marketing Specialist,ic,Helixware,helixware.io,310,Martech,United States,apollo,2025-08-21,,,,,,lead,no email found - linkedin only
C101802,Adam,Schmidt,adam_schmidt@copperlinehq.com,https://linkedin.com/in/adam-schmidt-4286,Director of Growth,director,Copperline HQ,copperlinehq.com,900,Fintech,Ireland,apollo,2026-05-29,,,,,,,
C101803,Hao,Reddy,hao_reddy@trellismarketing.com,https://linkedin.com/in/hao-reddy-564,Brand Manager,manager,Trellis Marketing,trellismarketing.com,8,PR Agency,United Kingdom,list_upload,2025-07-12,,,,,,,
C101804,Daniel,Kobayashi,danielk@foundryhqsoftware.com,https://linkedin.com/in/daniel-kobayashi-4835,Head of Content,head,Foundryhq Software,foundryhqsoftware.com,1400,HR Tech,Brazil,apollo,2026-04-23,,,,,,lead,
C101805,Amanda,Nguyen,anguyen@inkwellsoftware.com,https://linkedin.com/in/amanda-nguyen-404,Chief Growth Officer,cxo,Inkwell Software,inkwellsoftware.com,310,B2B Software,United States,apollo,2025-08-20,2026-02-24,email,noblehq.io,geo-agency-may,opened_no_reply,subscriber,
C101806,Olivia,Brown,oliviab@palmwoodco.shop,https://linkedin.com/in/olivia-brown-8949,Brand Manager,manager,Palmwood & Co,palmwoodco.shop,12,Supplements,United States,list_upload,2025-07-10,,,,,,marketingqualifiedlead,
C101807,Christopher,O'Brien,cobrien@brightvale.io,https://linkedin.com/in/christopher-obrien-7095,CMO,cxo,Brightvale,brightvale.io,1400,Martech,United States,linkedin_scrape,2026-06-18,2026-06-23,email,getnoble.io,linkedin-seo-leads-jun,no_reply,marketingqualifiedlead,
C101808,Minjun,Wright,m.wright@umberstonebeauty.com,https://linkedin.com/in/minjun-wright-518,Head of Ecommerce,head,Umberstone Beauty,umberstonebeauty.com,140,Supplements,United States,list_upload,2025-09-27,,,,,,marketingqualifiedlead,
C101809,Nathan,Flores,nathan@flintlocksoftware.com,https://linkedin.com/in/nathan-flores-3741,Growth Marketing Manager,manager,Flintlock Software,flintlocksoftware.com,240,Cybersecurity,United States,apollo,2025-08-24,2026-06-01,email,getnoble.io,aeo-saas-q2,no_reply,subscriber,
C101810,Sanne,Hernandez,sanne.hernandez@ridgelinetechnologies.com,https://linkedin.com/in/sanne-hernandez-4738,Director of Acquisition,director,Ridgeline Technologies,ridgelinetechnologies.com,45,HR Tech,Germany,linkedin_scrape,2026-04-15,2026-05-03,email,trynoble.co,refresh-midmarket-jun,no_reply,lead,
C101811,Jessica,Jones,jessica.jones@copperlinehq.com,https://linkedin.com/in/jessica-jones-5473,Head of Ecommerce,head,Copperline HQ,copperlinehq.com,900,B2B Software,Netherlands,list_upload,2026-05-08,2026-02-04,email,trynoble.co,refresh-midmarket-jun,booked,marketingqualifiedlead,
C101812,Ruby,Green,rgreen@orbitlycloud.co,https://linkedin.com/in/ruby-green-770,Growth Marketing Manager,manager,Orbitly Cloud,orbitlycloud.co,620,HR Tech,Canada,apollo,2026-04-06,2026-06-22,linkedin,,geo-agency-may,no_reply,lead,
C101813,Ethan,Hall,ehall@fathomlyplatform.com,https://linkedin.com/in/ethan-hall-1585,Affiliate Marketing Manager,manager,Fathomly Platform,fathomlyplatform.com,1400,Fintech,United States,apollo,2026-04-23,2026-03-11,email,getnoble.io,aeo-saas-q2,opened_no_reply,,
C101814,Brandon,Rao,b.rao@mosaiclysystems.io,https://linkedin.com/in/brandon-rao-9691,Senior SEO Specialist,ic,Mosaicly Systems,mosaiclysystems.io,450,HR Tech,United States,apollo,2026-06-23,,,,,,,
C101815,Zainab,Miller,zainab.miller@loopworkplatform.com,https://linkedin.com/in/zainab-miller-4531,Director of Growth,director,Loopwork Platform,loopworkplatform.com,180,Developer Tools,India,apollo,2025-11-17,2025-12-04,email,noblehq.io,aeo-saas-jul,bounced,,hard bounce - 550 no such user
C101816,Zoe,Rodriguez,zoe_rodriguez@ironwillowhome.com,https://linkedin.com/in/zoe-rodriguez-8000,Co-Founder & CEO,cxo,Ironwillow Home,ironwillowhome.com,140,Food & Beverage,United States,clay,2025-11-21,,,,,,,
C101817,Piotr,Jones,piotr@halcyontechnologies.io,https://linkedin.com/in/piotr-jones-8593,Head of SEO,head,Halcyon Technologies,halcyontechnologies.io,900,Data & Analytics,United Kingdom,list_upload,2026-05-31,,,,,,,
C101818,James,Byrne,jbyrne@stacklinehq.com,https://linkedin.com/in/james-byrne-4334,Director of SEO,director,Stackline HQ,stacklinehq.com,450,Martech,United Kingdom,apollo,2026-03-28,,,,,,lead,
C101819,Jihoon,Reddy,jihoon.reddy@cobaltsoftware.app,https://linkedin.com/in/jihoon-reddy-4429,Head of Digital,head,Cobalt Software,cobaltsoftware.app,28,Developer Tools,United States,clay,2026-06-25,2026-05-24,email,getnoble.io,refresh-midmarket-jun,no_reply,lead,
C101820,Piotr,Park,piotr@latitudeone.ai,https://linkedin.com/in/piotr-park-7135,Head of Growth,head,Latitudeone,latitudeone.ai,620,Fintech,Germany,apollo,2026-04-16,,,,,,,
C101821,Felipe,Miller,felipem@lavenderlywellness.com,https://linkedin.com/in/felipe-miller-641,Head of Communications,head,Lavenderly Wellness,lavenderlywellness.com,48,Apparel,United States,apollo,2025-06-18,,,,,,,
C101822,Ethan,Byrne,e.byrne@wavelengthgroup.agency,https://linkedin.com/in/ethan-byrne-5981,Director of SEO,director,Wavelength Group,wavelengthgroup.agency,130,SEO Agency,United States,linkedin_scrape,2026-03-10,2026-01-04,email,trynoble.co,aeo-saas-q2,bounced,,hard bounce - 550 no such user
C101823,Olivia,Jensen,olivia_jensen@sagebrushco.co,https://linkedin.com/in/olivia-jensen-230,Co-Founder & CEO,cxo,Sagebrush & Co,sagebrushco.co,70,Health & Wellness,United States,list_upload,2026-05-11,,,,,,,
C101824,Nora,Byrne,nora@blueharborbeauty.com,https://linkedin.com/in/nora-byrne-2491,Co-Founder & CEO,cxo,Blueharbor Beauty,blueharborbeauty.com,70,Consumer Goods,United States,clay,2026-05-03,,,,,,,
C101825,Amanda,Zhao,amanda.zhao@flintlocksoftware.com,https://linkedin.com/in/amanda-zhao-8926,Head of Content,head,Flintlock Software,flintlocksoftware.com,240,SaaS,United Kingdom,list_upload,2026-05-23,,,,,,,
C101826,Tunde,Nkemelu,tunden@conductor.com,https://linkedin.com/in/tunde-nkemelu-6531,Director of Content,director,Conductor,conductor.com,900,Cybersecurity,United States,apollo,2025-10-26,2026-04-09,email,noble-outreach.com,aeo-consumer-jun,no_reply,marketingqualifiedlead,
C101827,Ananya,Yang,a.yang@wildrootcollective.com,https://linkedin.com/in/ananya-yang-958,Head of Content,head,Wildroot Collective,wildrootcollective.com,400,Supplements,United States,apollo,2026-01-25,2025-12-16,linkedin,,aeo-consumer-jun,no_reply,,
C101828,Layla,Sun,laylas@ashgrovenutrition.com,https://linkedin.com/in/layla-sun-4693,Technical SEO Manager,manager,Ashgrove Nutrition,ashgrovenutrition.com,400,Apparel,United States,apollo,2026-03-06,,,,,,lead,
C101829,David,Traore,david@cirruspointai.io,https://linkedin.com/in/david-traore-7077,VP of Marketing,vp,Cirruspoint AI,cirruspointai.io,45,HR Tech,Germany,clay,2026-01-18,,,,,,,
C101830,Haruto,Miller,haruto.miller@brightvale.io,https://linkedin.com/in/haruto-miller-3377,Chief Growth Officer,cxo,Brightvale,brightvale.io,1400,Data & Analytics,United States,list_upload,2025-11-15,,,,,,customer,active Noble account
C101831,Sarah,Okafor,sokafor@lightkeel.co,https://linkedin.com/in/sarah-okafor-6336,Technical SEO Manager,manager,Lightkeel,lightkeel.co,180,Cybersecurity,United States,clay,2026-05-27,,,,,,,
C101832,Rohan,Mensah,rohan@brightvale.io,https://linkedin.com/in/rohan-mensah-9651,Senior SEO Specialist,ic,Brightvale,brightvale.io,1400,Data & Analytics,Ireland,apollo,2025-09-26,,,,,,,
C101833,Olivia,Young,olivia@pinnaclesoftcloud.com,https://linkedin.com/in/olivia-young-7744,Head of Marketing,head,Pinnaclesoft Cloud,pinnaclesoftcloud.com,45,B2B Software,United States,apollo,2026-04-25,,,,,,,
C101834,Kwame,Nair,knair@hammersmithstudio.co,https://linkedin.com/in/kwame-nair-3331,SEO Lead,manager,Hammersmith Studio,hammersmithstudio.co,65,PR Agency,United States,partner_referral,2026-03-02,,,,,,lead,
C101835,Min,Hernandez,minh@hazelnook.shop,https://linkedin.com/in/min-hernandez-5064,Director of Content,director,Hazelnook,hazelnook.shop,,Food & Beverage,,apollo,2025-06-30,,,,,,,
C101836,Aaron,Kobayashi,akobayashi@alderpoint.ai,https://linkedin.com/in/aaron-kobayashi-1823,Head of Content,head,Alderpoint,alderpoint.ai,28,Fintech,United States,list_upload,2026-02-08,,,,,,marketingqualifiedlead,
C101837,Ngozi,Baker,n.baker@fieldnotesmarketing.io,https://linkedin.com/in/ngozi-baker-1300,Performance Marketing Manager,manager,Fieldnotes Marketing,fieldnotesmarketing.io,14,PR Agency,Canada,clay,2026-02-07,,,,,,,
C101838,Jing,Huang,jing@ironwillowhome.com,https://linkedin.com/in/jing-huang-113,VP of Marketing,vp,Ironwillow Home,ironwillowhome.com,140,Apparel,United States,linkedin_scrape,2026-01-15,2025-11-25,email,getnoble.io,refresh-midmarket-jun,no_reply,lead,
C101839,Fatima,Ferreira,fatima_ferreira@clovergrovecollective.com,https://linkedin.com/in/fatima-ferreira-3752,Head of Partnerships,head,Clovergrove Collective,clovergrovecollective.com,22,Supplements,United States,inbound_form,2026-05-18,,,,,,,
C101840,Ngozi,Flores,n.flores@gingerlily.co,https://linkedin.com/in/ngozi-flores-6800,Performance Marketing Manager,manager,Gingerlily,gingerlily.co,400,Food & Beverage,Singapore,apollo,2025-08-15,,,,,,lead,
C101841,Sakura,King,sking@fathomlyplatform.com,https://linkedin.com/in/sakura-king-2276,SEO Manager,manager,Fathomly Platform,fathomlyplatform.com,1400,Developer Tools,Canada,apollo,2025-12-06,,,,,,subscriber,
C101842,Freja,Wright,fwright@ironwillowhome.com,https://linkedin.com/in/freja-wright-2888,CMO,cxo,Ironwillow Home,ironwillowhome.com,140,Supplements,United States,apollo,2025-11-12,2026-04-21,linkedin,,linkedin-seo-leads-jun,opened_no_reply,,
C101843,Aaron,Pereira,aaron_pereira@honeycresthome.shop,https://linkedin.com/in/aaron-pereira-5973,Brand Manager,manager,Honeycrest Home,honeycresthome.shop,35,Apparel,United Kingdom,list_upload,2025-11-15,,,,,,,
C101844,Jonah,Davis,jonah@highwatercollective.com,https://linkedin.com/in/jonah-davis-8747,Director of Acquisition,director,Highwater Collective,highwatercollective.com,65,Digital Agency,United Kingdom,list_upload,2026-04-06,,,,,,,
C101845,Lauren,Rao,lauren@amberfieldgoods.com,https://linkedin.com/in/lauren-rao-6476,SEO Lead,manager,Amberfield Goods,amberfieldgoods.com,22,Consumer Goods,United States,apollo,2025-10-24,,,,,,lead,
C101846,Folake,Fitzgerald,folake_fitzgerald@trellismarketing.com,https://linkedin.com/in/folake-fitzgerald-2929,VP of Marketing,vp,Trellis Marketing,trellismarketing.com,8,Digital Agency,United States,apollo,2025-07-23,,,,,,,
C101847,Isabella,Reddy,isabella@superbloomstudio.com,https://linkedin.com/in/isabella-reddy-4098,AEO Lead,manager,Superbloom Studio,superbloomstudio.com,32,PR Agency,Singapore,apollo,2025-10-04,,,,,,,
C101848,Adaeze,Allen,adaezea@sagebrushco.co,https://linkedin.com/in/adaeze-allen-4235,Digital Marketing Specialist,ic,Sagebrush & Co,sagebrushco.co,70,Beauty & Personal Care,United Kingdom,clay,2026-05-25,,,,,,,
C101849,Amara,Ramirez,amara.ramirez@wildrootcollective.com,https://linkedin.com/in/amara-ramirez-2625,Head of Ecommerce,head,Wildroot Collective,wildrootcollective.com,400,Health & Wellness,United Kingdom,linkedin_scrape,2026-02-28,,,,,,,
C101850,Maya,Wojcik,mayaw@sourceforge.net,https://linkedin.com/in/maya-wojcik-2426,Managing Editor,head,SourceForge,sourceforge.net,40,HR Tech,United Kingdom,apollo,2025-08-20,2026-07-13,email,trynoble.co,publisher-outreach-jul,no_reply,,publisher - active in Noble publisher program
C101851,Chidi,Joshi,chidi_joshi@kindredgroup.io,https://linkedin.com/in/chidi-joshi-7094,Performance Marketing Manager,manager,Kindred Group,kindredgroup.io,65,Marketing Agency,United States,apollo,2026-06-08,2026-07-05,email,noblehq.io,geo-agency-may,no_reply,marketingqualifiedlead,
C101852,Santiago,Novak,santiagon@wavelengthgroup.agency,https://linkedin.com/in/santiago-novak-1484,Brand Manager,manager,Wavelength Group,wavelengthgroup.agency,130,SEO Agency,India,partner_referral,2026-01-14,,,,,,,
C101853,Ananya,Robinson,arobinson@mercury9agency.com,https://linkedin.com/in/ananya-robinson-6696,Performance Marketing Manager,manager,Mercury9 Agency,mercury9agency.com,45,SEO Agency,United States,apollo,2026-03-10,,,,,,,
C101854,Layla,Osei,layla_osei@waypointhqhq.app,https://linkedin.com/in/layla-osei-3051,Brand Manager,manager,Waypointhq HQ,waypointhqhq.app,45,Cybersecurity,United Kingdom,apollo,2025-08-03,,,,,,lead,
C101855,Wei,Kelly,w.kelly@northlightmedia.co,https://linkedin.com/in/wei-kelly-4199,Head of Partnerships,head,Northlight Media,northlightmedia.co,45,PR Agency,United States,clay,2025-09-17,2026-01-06,email,noble-outreach.com,linkedin-seo-leads-jun,replied_positive,subscriber,
C101856,Isabella,Mwangi,isabella_mwangi@brightsparkdigital.com,https://linkedin.com/in/isabella-mwangi-3999,Head of SEO,head,Brightspark Digital,brightsparkdigital.com,8,Marketing Agency,United States,apollo,2025-12-31,,,,,,lead,
C101857,Mateo,Chen,mateo@sunhavencollective.shop,https://linkedin.com/in/mateo-chen-423,Director of Content,director,Sunhaven Collective,sunhavencollective.shop,400,Supplements,United Kingdom,list_upload,2025-07-08,,,,,,,
C101858,Isaac,Liu,isaac_liu@reedmarsh.com,https://linkedin.com/in/isaac-liu-9256,Growth Marketing Manager,manager,Reedmarsh,reedmarsh.com,22,Supplements,United Kingdom,apollo,2025-11-11,,,,,,,
C101859,Folake,Pereira,folake_pereira@fernwood.io,https://linkedin.com/in/folake-pereira-9410,Senior SEO Specialist,ic,Fernwood,fernwood.io,620,B2B Software,United States,apollo,2025-11-28,,,,,,,
C101860,Sanne,Hall,sanne.hall@clearwaterplatform.com,https://linkedin.com/in/sanne-hall-8600,CMO,cxo,Clearwater Platform,clearwaterplatform.com,1400,Data & Analytics,United States,apollo,2026-06-16,2026-05-14,email,noble-outreach.com,aeo-saas-q2,no_reply,,
C101861,Fatima,Watanabe,fatima.watanabe@superbloomstudio.com,https://linkedin.com/in/fatima-watanabe-7646,PR Manager,manager,Superbloom Studio,superbloomstudio.com,32,Digital Agency,United States,linkedin_scrape,2026-03-30,2026-02-02,linkedin,,aeo-saas-q2,replied_negative,,
C101862,Kofi,Young,kofi@zephyrbaynutrition.com,https://linkedin.com/in/kofi-young-3797,Content Marketing Manager,manager,Zephyrbay Nutrition,zephyrbaynutrition.com,12,Apparel,United Kingdom,apollo,2026-06-20,,,,,,customer,active Noble account
C101863,David,Adams,d.adams@terrafirma.com,https://linkedin.com/in/david-adams-55,Head of Ecommerce,head,Terrafirma,terrafirma.com,60,HR Tech,Netherlands,inbound_form,2025-08-27,2026-06-26,email,getnoble.io,linkedin-seo-leads-jun,replied_negative,subscriber,
C101864,Tunde,Nielsen,tunde_nielsen@halogengroup.agency,https://linkedin.com/in/tunde-nielsen-9793,Director of Content,director,Halogen Group,halogengroup.agency,45,Marketing Agency,United States,apollo,2025-10-26,,,,,,,
C101865,Tunde,Clark,tunde@halcyontechnologies.io,https://linkedin.com/in/tunde-clark-9255,Technical SEO Manager,manager,Halcyon Technologies,halcyontechnologies.io,900,SaaS,Canada,inbound_form,2026-03-09,,,,,,,
C101866,Sarah,Zhao,szhao@mosaiclysystems.io,https://linkedin.com/in/sarah-zhao-9382,CMO,cxo,Mosaicly Systems,mosaiclysystems.io,450,Cybersecurity,United Kingdom,inbound_form,2025-08-26,,,,,,,
C101867,Nicole,Davis,ndavis@signalpathai.com,https://linkedin.com/in/nicole-davis-4384,Chief Growth Officer,cxo,Signalpath AI,signalpathai.com,1400,B2B Software,Australia,inbound_form,2026-02-05,,,,,,,
C101868,Haruto,Tanaka,haruto@zenithlyhq.io,https://linkedin.com/in/haruto-tanaka-3089,Growth Marketing Manager,manager,Zenithly HQ,zenithlyhq.io,120,SaaS,Netherlands,apollo,2025-10-07,2026-01-11,email,noble-outreach.com,geo-agency-may,no_reply,,
C101869,Isabella,Nair,inair@wavelengthgroup.agency,https://linkedin.com/in/isabella-nair-5068,Director of Demand Gen,director,Wavelength Group,wavelengthgroup.agency,130,Digital Agency,Germany,apollo,2025-06-26,,,,,,opportunity,
C101870,Li,Fischer,li_fischer@quillfeatherwellness.com,https://linkedin.com/in/li-fischer-4399,Head of Content,head,Quillfeather Wellness,quillfeatherwellness.com,200,Beauty & Personal Care,United States,apollo,2026-05-31,,,,,,,
C101871,Rebecca,Rodriguez,rebecca_rodriguez@orbitlycloud.co,https://linkedin.com/in/rebecca-rodriguez-1794,Founder,cxo,Orbitly Cloud,orbitlycloud.co,620,Data & Analytics,United States,apollo,2026-06-11,2025-10-06,email,getnoble.io,geo-agency-may,unsubscribed,,
C101872,Caleb,Allen,callen@foxgloveco.com,https://linkedin.com/in/caleb-allen-6930,Marketing Operations Manager,manager,Foxglove & Co,foxgloveco.com,22,Beauty & Personal Care,United States,list_upload,2025-07-06,,,,,,,
C101873,Ryan,Lee,ryan@kindredgroup.io,https://linkedin.com/in/ryan-lee-7986,Head of Digital,head,Kindred Group,kindredgroup.io,65,Digital Agency,United States,clay,2025-11-30,,,,,,,
C101874,Pieter,Lee,plee@dockyardai.com,https://linkedin.com/in/pieter-lee-261,Founder,cxo,Dockyard AI,dockyardai.com,60,Developer Tools,United States,apollo,2025-07-08,,,,,,,
C101875,Piotr,Park,p.park@trellismarketing.com,https://linkedin.com/in/piotr-park-1858,Head of Demand Generation,head,Trellis Marketing,trellismarketing.com,8,PR Agency,United States,clay,2025-06-21,2026-03-01,email,trynoble.co,refresh-midmarket-jun,replied_negative,,
C101876,Adam,Fitzgerald,adam.fitzgerald@halogengroup.agency,https://linkedin.com/in/adam-fitzgerald-8167,Marketing Operations Manager,manager,Halogen Group,halogengroup.agency,45,Digital Agency,United States,clay,2025-06-23,,,,,,,
C101877,Divya,Mwangi,divya@everbloom.shop,https://linkedin.com/in/divya-mwangi-5779,Senior SEO Specialist,ic,Everbloom,everbloom.shop,48,Apparel,United States,apollo,2026-03-10,,,,,,lead,
C101878,Ananya,White,ananyaw@quillfeatherwellness.com,https://linkedin.com/in/ananya-white-8379,PR Manager,manager,Quillfeather Wellness,quillfeatherwellness.com,200,Health & Wellness,Australia,apollo,2025-08-28,,,,,,,
C101879,Arjun,Huang,ahuang@fieldnotesmarketing.io,https://linkedin.com/in/arjun-huang-1533,Director of Growth,director,Fieldnotes Marketing,fieldnotesmarketing.io,14,PR Agency,United States,apollo,2025-08-04,2026-01-07,email,noblehq.io,linkedin-seo-leads-jun,bounced,lead,
C101880,Tyler,Larsen,tylerl@signalpathai.com,https://linkedin.com/in/tyler-larsen-3743,Performance Marketing Manager,manager,Signalpath AI,signalpathai.com,1400,HR Tech,United States,apollo,2025-12-05,,,,,,lead,
C101881,Matthew,Reddy,m.reddy@fernwood.io,https://linkedin.com/in/matthew-reddy-3233,Head of Digital,head,Fernwood,fernwood.io,620,Developer Tools,United States,list_upload,2025-11-22,,,,,,,
C101882,Arjun,Nielsen,arjun_nielsen@rosewaterco.com,https://linkedin.com/in/arjun-nielsen-734,SEO Manager,manager,Rosewater & Co,rosewaterco.com,140,Food & Beverage,United States,partner_referral,2026-04-18,,,,,,,
C101883,Samuel,Hall,shall@everbloom.shop,https://linkedin.com/in/samuel-hall-4809,Founder,cxo,Everbloom,everbloom.shop,48,Health & Wellness,United States,clay,2026-06-13,,,,,,,
C101884,Folake,Hall,folake@compassmarketing.com,https://linkedin.com/in/folake-hall-1139,Technical SEO Manager,manager,Compass Marketing,compassmarketing.com,45,Marketing Agency,United States,apollo,2025-09-19,2026-04-13,email,getnoble.io,aeo-saas-jul,replied_negative,,
C101885,Anja,Fischer,afischer@verdantbeauty.com,https://linkedin.com/in/anja-fischer-7553,Technical SEO Manager,manager,Verdant Beauty,verdantbeauty.com,140,Health & Wellness,United States,linkedin_scrape,2025-10-13,2026-06-23,email,noble-outreach.com,refresh-midmarket-jun,no_reply,,
C101886,Grace,Becker,gbecker@amberfieldgoods.com,https://linkedin.com/in/grace-becker-9545,SEO Manager,manager,Amberfield Goods,amberfieldgoods.com,22,Food & Beverage,United States,clay,2026-02-23,2026-01-19,email,noble-outreach.com,refresh-midmarket-jun,bounced,,
C101887,Freja,Santos,fsantos@kindredgroup.io,https://linkedin.com/in/freja-santos-5263,Growth Marketing Manager,manager,Kindred Group,kindredgroup.io,65,PR Agency,Singapore,clay,2026-05-14,,,,,,,
C101888,Emeka,Huang,emeka_huang@blueharborbeauty.com,https://linkedin.com/in/emeka-huang-6159,Co-Founder & CEO,cxo,Blueharbor Beauty,blueharborbeauty.com,70,Apparel,Singapore,inbound_form,2026-01-01,,,,,,,
C101889,Laura,Nair,laura.nair@goldleafco.co,https://linkedin.com/in/laura-nair-2316,Co-Founder & CEO,cxo,Goldleaf & Co,goldleafco.co,70,Beauty & Personal Care,Ireland,apollo,2025-08-14,2025-12-25,email,noble-outreach.com,aeo-consumer-jun,no_reply,,
C101890,Aaron,Sharma,a.sharma@everbloom.shop,https://linkedin.com/in/aaron-sharma-7935,Growth Marketing Manager,manager,Everbloom,everbloom.shop,48,Beauty & Personal Care,United States,apollo,2025-07-16,,,,,,,
C101891,Hyeri,Kelly,h.kelly@threadbarepartners.co,https://linkedin.com/in/hyeri-kelly-8893,PR Manager,manager,Threadbare Partners,threadbarepartners.co,130,SEO Agency,Canada,partner_referral,2026-01-31,,,,,,lead,
C101892,Mateo,Sanchez,m.sanchez@oakhausmarketing.agency,https://linkedin.com/in/mateo-sanchez-4038,Performance Marketing Manager,manager,Oakhaus Marketing,oakhausmarketing.agency,90,SEO Agency,United States,apollo,2025-10-02,2026-03-26,email,getnoble.io,linkedin-seo-leads-jun,no_reply,,
C101893,Jessica,Nkemelu,jessica_nkemelu@nimbusworksplatform.co,https://linkedin.com/in/jessica-nkemelu-8825,VP of Marketing,vp,Nimbusworks Platform,nimbusworksplatform.co,1400,HR Tech,Spain,apollo,2025-11-17,2026-01-28,linkedin,,refresh-midmarket-jun,no_reply,,
C101894,Ashley,Scott,a.scott@quillfeatherwellness.com,https://linkedin.com/in/ashley-scott-1916,Founder,cxo,Quillfeather Wellness,quillfeatherwellness.com,200,Home Goods,Ireland,clay,2025-08-21,,,,,,,
C101895,Kwame,Johnson,kwame@lightkeel.co,https://linkedin.com/in/kwame-johnson-7435,Director of SEO,director,Lightkeel,lightkeel.co,180,Developer Tools,Canada,clay,2025-12-05,,,,,,,
C101896,Zoe,Liu,zoe.liu@terracottagoods.co,https://linkedin.com/in/zoe-liu-6528,Co-Founder & CEO,cxo,Terracotta Goods,terracottagoods.co,22,Beauty & Personal Care,Australia,clay,2025-07-23,2026-03-21,email,noble-outreach.com,aeo-saas-jul,replied_positive,,
C101897,Lauren,Clark,l.clark@fernwood.io,https://linkedin.com/in/lauren-clark-8057,VP of Marketing,vp,Fernwood,fernwood.io,620,B2B Software,United States,apollo,2026-03-12,,,,,,,
C101898,Yuki,Chen,y.chen@verdantbeauty.com,https://linkedin.com/in/yuki-chen-418,Director of SEO,director,Verdant Beauty,verdantbeauty.com,140,Apparel,Canada,apollo,2025-11-21,,,,,,,
C101899,Tunde,Jensen,tunde@silverbrookplatform.com,https://linkedin.com/in/tunde-jensen-5275,Technical SEO Manager,manager,Silverbrook Platform,silverbrookplatform.com,240,Martech,United Kingdom,list_upload,2026-02-26,,,,,,,
C101900,Christina,Hill,christina@halcyontechnologies.io,https://linkedin.com/in/christina-hill-4074,VP of Marketing,vp,Halcyon Technologies,halcyontechnologies.io,900,SaaS,United States,clay,2026-04-30,,,,,,opportunity,
C101901,David,Wilson,davidw@ironwillowhome.com,https://linkedin.com/in/david-wilson-7429,Head of Communications,head,Ironwillow Home,ironwillowhome.com,140,Supplements,Singapore,apollo,2025-07-12,2026-06-08,email,noblehq.io,refresh-midmarket-jun,opened_no_reply,,
C101902,Tomasz,Jones,tomasz_jones@terracottagoods.co,https://linkedin.com/in/tomasz-jones-7979,Growth Marketing Manager,manager,Terracotta Goods,terracottagoods.co,22,Health & Wellness,United States,apollo,2025-12-24,,,,,,,
C101903,Megan,Kim,megan_kim@cadenceio.com,https://linkedin.com/in/megan-kim-172,CMO,cxo,Cadenceio Cloud,cadenceio.com,560,Martech,United States,list_upload,2026-03-07,2026-07-11,email,getnoble.io,linkedin-seo-leads-jun,opened_no_reply,,
C101904,Kwame,Mensah,kwamem@palmwoodco.shop,https://linkedin.com/in/kwame-mensah-1890,Head of Communications,head,Palmwood & Co,palmwoodco.shop,12,Health & Wellness,United States,apollo,2025-06-19,,,,,,,
C101905,Fatima,Adams,fatima@hammersmithstudio.co,https://linkedin.com/in/fatima-adams-3514,Director of Growth,director,Hammersmith Studio,hammersmithstudio.co,65,PR Agency,India,apollo,2026-04-28,2025-11-03,linkedin,,linkedin-seo-leads-jun,unsubscribed,subscriber,asked to be removed
C101906,Jihoon,Park,jihoon@stonepath.io,https://linkedin.com/in/jihoon-park-4800,Senior SEO Specialist,ic,Stonepath,stonepath.io,120,Fintech,Singapore,linkedin_scrape,2025-07-10,2026-02-20,email,trynoble.co,refresh-midmarket-jun,no_reply,lead,
C101907,Arjun,Andersen,arjuna@wildrootcollective.com,https://linkedin.com/in/arjun-andersen-4235,AEO Lead,manager,Wildroot Collective,wildrootcollective.com,400,Beauty & Personal Care,Spain,list_upload,2025-09-24,2026-04-16,email,noble-outreach.com,aeo-saas-jul,no_reply,lead,
C101908,Aisha,Souza,aisha_souza@honeycresthome.shop,https://linkedin.com/in/aisha-souza-1465,Director of Demand Gen,director,Honeycrest Home,honeycresthome.shop,35,Apparel,United Kingdom,apollo,2026-06-12,,,,,,,
C101909,Lars,Ferrari,l.ferrari@wildrootcollective.com,https://linkedin.com/in/lars-ferrari-2993,Affiliate Marketing Manager,manager,Wildroot Collective,wildrootcollective.com,400,Beauty & Personal Care,India,apollo,2025-12-30,,,,,,subscriber,
C101910,Maya,Nair,maya@quarryhq.com,https://linkedin.com/in/maya-nair-1161,Head of Partnerships,head,Quarryhq,quarryhq.com,85,Data & Analytics,India,inbound_form,2026-06-14,,,,,,,
C101911,Katherine,Romano,katherine_romano@violetgrove.com,https://linkedin.com/in/katherine-romano-7680,Brand Manager,manager,Violetgrove,violetgrove.com,400,Beauty & Personal Care,United States,apollo,2026-05-17,,,,,,,
C101912,Jihoon,Desai,jihoon.desai@kindredgroup.io,https://linkedin.com/in/jihoon-desai-5436,Head of Marketing,head,Kindred Group,kindredgroup.io,65,Marketing Agency,Canada,apollo,2026-03-14,,,,,,,
C101913,Christina,Walker,christina_walker@quillfeatherwellness.com,https://linkedin.com/in/christina-walker-7477,Director of SEO,director,Quillfeather Wellness,quillfeatherwellness.com,200,Supplements,United States,apollo,2025-10-04,,,,,,lead,
C101914,Xiu,Thompson,xiu_thompson@copperkettlenutrition.com,https://linkedin.com/in/xiu-thompson-4333,SEO Lead,manager,Copperkettle Nutrition,copperkettlenutrition.com,70,Food & Beverage,United States,linkedin_scrape,2025-07-06,,,,,,,
C101915,Justin,Robinson,justin_robinson@rosewaterco.com,https://linkedin.com/in/justin-robinson-467,Performance Marketing Manager,manager,Rosewater & Co,rosewaterco.com,140,Beauty & Personal Care,Spain,list_upload,2026-04-14,,,,,,,
C101916,Yuki,Robinson,yuki_robinson@mosaiclysystems.io,https://linkedin.com/in/yuki-robinson-3125,PR Manager,manager,Mosaicly Systems,mosaiclysystems.io,450,Cybersecurity,United States,apollo,2026-06-07,,,,,,,
C101917,Justin,Baker,jbaker@mosaiclysystems.io,https://linkedin.com/in/justin-baker-9603,Director of Content,director,Mosaicly Systems,mosaiclysystems.io,450,Fintech,Netherlands,clay,2026-04-22,,,,,,,
C101918,Karthik,Chatterjee,karthik.chatterjee@sagebrushco.co,https://linkedin.com/in/karthik-chatterjee-8024,Digital Marketing Specialist,ic,Sagebrush & Co,sagebrushco.co,70,Supplements,United Kingdom,clay,2026-07-02,,,,,,lead,
C101919,Felipe,Suzuki,felipe.suzuki@crestlinesoftware.com,https://linkedin.com/in/felipe-suzuki-2003,Director of Acquisition,director,Crestline Software,crestlinesoftware.com,240,B2B Software,United States,apollo,2025-10-07,,,,,,,
C101920,Mikkel,Nelson,mnelson@stacklinehq.com,https://linkedin.com/in/mikkel-nelson-2266,AEO Lead,manager,Stackline HQ,stacklinehq.com,450,SaaS,United States,clay,2026-07-01,,,,,,,
C101921,Caleb,Jung,cjung@lavenderlywellness.com,https://linkedin.com/in/caleb-jung-6498,Head of Partnerships,head,Lavenderly Wellness,lavenderlywellness.com,48,Health & Wellness,United States,apollo,2025-12-02,,,,,,,
C101922,Diego,Martinez,diego_martinez@ironbridge.com,https://linkedin.com/in/diego-martinez-1027,Head of SEO,head,Ironbridge,ironbridge.com,900,Fintech,United States,apollo,2025-09-06,2026-03-06,linkedin,,geo-agency-may,no_reply,,
C101923,Rafael,Young,rafaely@copperlinehq.com,https://linkedin.com/in/rafael-young-7400,Head of Growth,head,Copperline HQ,copperlinehq.com,900,HR Tech,United States,inbound_form,2026-03-14,,,,,,,
C101924,DIVYA,Jones,  DIVYA.JONES@FOLDWORKMARKETING.CO ,https://linkedin.com/in/divya-jones-6006,Director of Acquisition,director,Foldwork Marketing,foldworkmarketing.co,90,Digital Agency,United Kingdom,apollo,2026-01-31,,,,,,,
C101925,Isaac,Lopez,i.lopez@xenonlabscloud.com,https://linkedin.com/in/isaac-lopez-6544,Content Marketing Manager,manager,Xenonlabs Cloud,xenonlabscloud.com,28,Developer Tools,United States,inbound_form,2026-03-19,,,,,,lead,
C101926,Brandon,Sun,b.sun@amberfieldgoods.com,https://linkedin.com/in/brandon-sun-5522,Director of SEO,director,Amberfield Goods,amberfieldgoods.com,22,Supplements,Germany,partner_referral,2026-06-16,,,,,,lead,
C101927,Renata,Perez,renata_perez@loopworkplatform.com,https://linkedin.com/in/renata-perez-6958,Affiliate Marketing Manager,manager,Loopwork Platform,loopworkplatform.com,180,HR Tech,United States,linkedin_scrape,2025-10-08,2026-03-18,linkedin,,aeo-saas-q2,no_reply,,
C101928,Nathan,Ryan,nathan@kindredgroup.io,https://linkedin.com/in/nathan-ryan-305,Affiliate Marketing Manager,manager,Kindred Group,kindredgroup.io,65,Marketing Agency,United States,list_upload,2026-03-02,,,,,,,
C101929,Takashi,Romano,takashi.romano@sunhavencollective.shop,https://linkedin.com/in/takashi-romano-1184,SEO Lead,manager,Sunhaven Collective,sunhavencollective.shop,400,Supplements,United Kingdom,clay,2026-05-31,,,,,,opportunity,
C101930,Renata,Thomas,rthomas@driftwood.co,https://linkedin.com/in/renata-thomas-1919,Founder,cxo,Driftwood,driftwood.co,620,Data & Analytics,United States,clay,2025-12-29,,,,,,opportunity,
C101931,Freja,Okafor,f.okafor@honeycresthome.shop,https://linkedin.com/in/freja-okafor-2188,Marketing Director,director,Honeycrest Home,honeycresthome.shop,35,Health & Wellness,United States,partner_referral,2025-12-26,,,,,,lead,
C101932,Grace,Oliveira,grace_oliveira@jasmindale.com,https://linkedin.com/in/grace-oliveira-1851,Senior SEO Specialist,ic,Jasmindale,jasmindale.com,48,Food & Beverage,Australia,list_upload,2025-08-31,2026-01-30,email,getnoble.io,linkedin-seo-leads-jun,no_reply,lead,
C101933,Hannah,Bianchi,h.bianchi@rosewaterco.com,https://linkedin.com/in/hannah-bianchi-7749,Head of Marketing,head,Rosewater & Co,rosewaterco.com,140,Health & Wellness,United States,list_upload,2025-09-23,2026-07-04,email,noble-outreach.com,aeo-saas-q2,no_reply,,
C101934,Yan,Fitzgerald,yan_fitzgerald@wavelengthgroup.agency,https://linkedin.com/in/yan-fitzgerald-3385,Head of Ecommerce,head,Wavelength Group,wavelengthgroup.agency,130,SEO Agency,United States,list_upload,2025-08-21,,,,,,,
C101935,Ethan,Kobayashi,ethan.kobayashi@stacklinehq.com,https://linkedin.com/in/ethan-kobayashi-1667,Head of Partnerships,head,Stackline HQ,stacklinehq.com,450,Data & Analytics,United States,list_upload,2026-02-24,2026-02-09,email,noble-outreach.com,linkedin-seo-leads-jun,no_reply,marketingqualifiedlead,
C101936,Samuel,Malhotra,samuel.malhotra@stonepath.io,https://linkedin.com/in/samuel-malhotra-286,CMO,cxo,Stonepath,stonepath.io,120,Cybersecurity,United States,inbound_form,2026-02-14,,,,,,,
C101937,Chloe,Tanaka,ctanaka@mercury9agency.com,https://linkedin.com/in/chloe-tanaka-8700,Head of Organic Growth,head,Mercury9 Agency,mercury9agency.com,45,Marketing Agency,United States,linkedin_scrape,2026-01-06,,,,,,,
C101938,Anja,Traore,anja.traore@mercury9agency.com,https://linkedin.com/in/anja-traore-2128,Head of Marketing,head,Mercury9 Agency,mercury9agency.com,45,SEO Agency,Ireland,apollo,2026-01-29,,,,,,,
C101939,Fatima,Mwangi,fmwangi@stacklinehq.com,https://linkedin.com/in/fatima-mwangi-8752,Director of Demand Gen,director,Stackline HQ,stacklinehq.com,450,Martech,Canada,list_upload,2025-10-07,,,,,,,
C101940,Olivia,Silva,olivia.silva@helixware.io,https://linkedin.com/in/olivia-silva-23,VP of Marketing,vp,Helixware,helixware.io,310,SaaS,United States,apollo,2025-11-26,2025-12-25,email,noblehq.io,aeo-consumer-jun,opened_no_reply,,
C101941,Greta,Costa,greta_costa@lanterndigital.com,https://linkedin.com/in/greta-costa-1174,Director of Content,director,Lantern Digital,lanterndigital.com,8,Marketing Agency,United States,apollo,2025-12-11,,,,,,,
C101942,Layla,Malhotra,layla@northlightmedia.co,https://linkedin.com/in/layla-malhotra-4384,Affiliate Marketing Manager,manager,Northlight Media,northlightmedia.co,45,PR Agency,United States,list_upload,2025-08-06,,,,,,,
C101943,Hassan,Adeyemi,h.adeyemi@nimbusworksplatform.co,https://linkedin.com/in/hassan-adeyemi-5797,PR Manager,manager,Nimbusworks Platform,nimbusworksplatform.co,1400,B2B Software,United States,clay,2025-08-16,,,,,,,
C101944,Eric,Brown,ericb@emberlyai.io,https://linkedin.com/in/eric-brown-8247,Head of Partnerships,head,Emberly AI,emberlyai.io,180,Martech,Australia,apollo,2026-01-16,,,,,,,
C101945,Jonah,Green,jonah@compassmarketing.com,https://linkedin.com/in/jonah-green-2103,Head of Ecommerce,head,Compass Marketing,compassmarketing.com,45,PR Agency,Australia,apollo,2025-06-27,2026-07-05,email,noble-outreach.com,aeo-saas-q2,opened_no_reply,,
C101946,Emily,Santos,emily.santos+noble@xenonlabscloud.com,https://linkedin.com/in/emily-santos-4063,Marketing Director,director,Xenonlabs Cloud,xenonlabscloud.com,28,Martech,Netherlands,clay,2025-07-17,,,,,,opportunity,
C101947,Michael,Chatterjee,michael@amberfieldgoods.com,https://linkedin.com/in/michael-chatterjee-4635,Head of Communications,head,Amberfield Goods,amberfieldgoods.com,22,Food & Beverage,United Kingdom,apollo,2025-12-11,,,,,,subscriber,
C101948,Michael,Davis,michael.davis@alderpoint.ai,https://linkedin.com/in/michael-davis-383,Head of Marketing,head,Alderpoint,alderpoint.ai,28,HR Tech,United States,apollo,2025-12-09,2026-03-15,linkedin,,aeo-consumer-jun,opened_no_reply,,
C101949,Camila,Lewis,camila.lewis@highwatercollective.com,https://linkedin.com/in/camila-lewis-3122,Growth Marketing Manager,manager,Highwater Collective,highwatercollective.com,65,PR Agency,United States,apollo,2026-02-27,,,,,,subscriber,
C101950,Bruno,Sullivan,brunos@yarrowhillsupply.shop,https://linkedin.com/in/bruno-sullivan-5202,SEO Manager,manager,Yarrowhill Supply,yarrowhillsupply.shop,200,Food & Beverage,Germany,list_upload,2026-03-13,,,,,,,
C101951,Jessica,Jensen,jessicaj@glasswingsoftware.app,https://linkedin.com/in/jessica-jensen-4475,Technical SEO Manager,manager,Glasswing Software,glasswingsoftware.app,450,Developer Tools,United States,apollo,2026-01-25,2025-12-07,email,trynoble.co,aeo-consumer-jun,no_reply,,
C101952,Omar,Silva,osilva@solsticehq.ai,https://linkedin.com/in/omar-silva-4379,Director of SEO,director,Solstice HQ,solsticehq.ai,45,SaaS,United States,apollo,2025-08-03,,,,,,,
C101953,Katherine,Hill,katherine@wheatfieldnutrition.co,https://linkedin.com/in/katherine-hill-1534,Technical SEO Manager,manager,Wheatfield Nutrition,wheatfieldnutrition.co,22,Supplements,United States,apollo,2025-08-30,2026-04-01,linkedin,,aeo-consumer-jun,no_reply,,
C101954,Arjun,Adeyemi,aadeyemi@gingerlily.co,https://linkedin.com/in/arjun-adeyemi-2703,Technical SEO Manager,manager,Gingerlily,gingerlily.co,400,Supplements,United States,clay,2025-09-13,,,,,,lead,
C101955,Sanne,Garcia,sanneg@umbrahqsoftware.co,https://linkedin.com/in/sanne-garcia-6210,Head of Communications,head,Umbrahq Software,umbrahqsoftware.co,1400,HR Tech,United States,apollo,2026-06-16,,,,,,,
C101956,Christopher,Huang,christopher@pinnaclesoftcloud.com,https://linkedin.com/in/christopher-huang-9586,Head of Partnerships,head,Pinnaclesoft Cloud,pinnaclesoftcloud.com,45,SaaS,United States,list_upload,2025-09-30,2026-06-18,email,trynoble.co,aeo-saas-q2,opened_no_reply,,
C101957,Michael,Jones,mjones@vertexly.app,https://linkedin.com/in/michael-jones-8794,Director of SEO,director,Vertexly,vertexly.app,45,HR Tech,United States,linkedin_scrape,2026-04-03,,,,,,,
C101958,Haruto,Scott,hscott@northlightmedia.co,https://linkedin.com/in/haruto-scott-9517,Head of Partnerships,head,Northlight Media,northlightmedia.co,45,SEO Agency,United States,partner_referral,2025-12-27,2025-12-16,email,noble-outreach.com,aeo-consumer-jun,opened_no_reply,,
C101959,Olivia,Souza,osouza@oakhausmarketing.agency,https://linkedin.com/in/olivia-souza-722,Director of SEO,director,Oakhaus Marketing,oakhausmarketing.agency,90,SEO Agency,United States,apollo,2026-03-17,,,,,,subscriber,
C101960,Ruby,Kowalski,r.kowalski@longshorepartners.agency,https://linkedin.com/in/ruby-kowalski-3184,Head of Communications,head,Longshore Partners,longshorepartners.agency,45,PR Agency,United States,clay,2026-06-02,2026-06-17,email,getnoble.io,geo-agency-may,bounced,,
C101961,Emily,Santos,emily.santos@xenonlabscloud.com,https://linkedin.com/in/emily-santos-6692,Senior SEO Specialist,ic,Xenonlabs Cloud,xenonlabscloud.com,28,Data & Analytics,United States,apollo,2025-08-17,2026-05-06,email,getnoble.io,refresh-midmarket-jun,opened_no_reply,lead,
C101962,Zainab,Okafor,zainabo@foldworkmarketing.co,https://linkedin.com/in/zainab-okafor-5566,Head of Communications,head,Foldwork Marketing,foldworkmarketing.co,90,Digital Agency,United Kingdom,inbound_form,2025-11-17,2025-12-25,email,getnoble.io,aeo-saas-jul,no_reply,,
C101963,Ruby,Novak,rnovak@verdantbeauty.com,https://linkedin.com/in/ruby-novak-5896,Affiliate Marketing Manager,manager,Verdant Beauty,verdantbeauty.com,140,Health & Wellness,Ireland,apollo,2026-01-11,,,,,,,
C101964,Isaac,Sanchez,isaac.sanchez@quillfeatherwellness.com,https://linkedin.com/in/isaac-sanchez-7272,Director of SEO,director,Quillfeather Wellness,quillfeatherwellness.com,200,Apparel,United States,clay,2026-06-14,2026-05-05,email,getnoble.io,refresh-midmarket-jun,replied_negative,,
C101965,Chidi,Wang,c.wang@gingerlily.co,https://linkedin.com/in/chidi-wang-7644,Marketing Director,director,Gingerlily,gingerlily.co,400,Apparel,Germany,clay,2025-11-12,2026-02-18,email,getnoble.io,aeo-saas-jul,no_reply,,
C101966,Sanjay,Silva,sanjay@ridgelinetechnologies.com,https://linkedin.com/in/sanjay-silva-9787,Digital Marketing Specialist,ic,Ridgeline Technologies,ridgelinetechnologies.com,45,HR Tech,United States,apollo,2026-02-14,2026-04-22,email,noblehq.io,aeo-consumer-jun,no_reply,,
C101967,Caleb,Jensen,cjensen@novafoldsoftware.com,https://linkedin.com/in/caleb-jensen-7291,Head of Partnerships,head,Novafold Software,novafoldsoftware.com,28,Martech,United States,inbound_form,2025-11-07,2026-03-07,email,noblehq.io,linkedin-seo-leads-jun,opened_no_reply,,
C101968,Hannah,Rao,hannahr@halcyontechnologies.io,https://linkedin.com/in/hannah-rao-2558,CMO,cxo,Halcyon Technologies,halcyontechnologies.io,900,Developer Tools,United States,apollo,2025-07-31,2025-09-26,linkedin,,aeo-consumer-jun,bounced,opportunity,
C101969,Arjun,Zhou,arjun.zhou@zenithlyhq.io,https://linkedin.com/in/arjun-zhou-3541,Brand Manager,manager,Zenithly HQ,zenithlyhq.io,120,Fintech,United States,clay,2025-08-04,2026-02-24,email,noblehq.io,geo-agency-may,no_reply,,
C101970,Sanjay,Nowak,sanjayn@pinnaclesoftcloud.com,https://linkedin.com/in/sanjay-nowak-6266,Head of Demand Generation,head,Pinnaclesoft Cloud,pinnaclesoftcloud.com,45,B2B Software,United States,apollo,2025-09-14,2026-07-13,email,getnoble.io,geo-agency-may,no_reply,,
C101971,Beatriz,Jung,beatriz@anchorlinesoftware.com,https://linkedin.com/in/beatriz-jung-7669,Founder,cxo,Anchorline Software,anchorlinesoftware.com,620,Martech,United States,apollo,2025-12-29,,,,,,lead,
C101972,Rachel,Baker,rachel.baker@longshorepartners.agency,https://linkedin.com/in/rachel-baker-2778,Director of Growth,director,Longshore Partners,longshorepartners.agency,45,Digital Agency,United States,inbound_form,2025-08-04,,,,,,,
C101973,Sanne,Rao,sanne_rao@zenithlyhq.io,https://linkedin.com/in/sanne-rao-8697,VP of Marketing,vp,Zenithly HQ,zenithlyhq.io,120,HR Tech,United States,list_upload,2025-08-30,2025-12-11,email,trynoble.co,aeo-saas-q2,no_reply,,
C101974,Adaeze,Martinez,adaeze.martinez@wheatfieldnutrition.co,https://linkedin.com/in/adaeze-martinez-3728,PR Manager,manager,Wheatfield Nutrition,wheatfieldnutrition.co,22,Apparel,United States,apollo,2025-09-21,,,,,,lead,
C101975,Camila,Sun,camila.sun@quarryhq.com,https://linkedin.com/in/camila-sun-5896,Director of Acquisition,director,Quarryhq,quarryhq.com,85,HR Tech,United States,clay,2025-08-27,,,,,,,
C101976,Sofia,Taylor,sofia@thistledowncollective.shop,https://linkedin.com/in/sofia-taylor-1951,Director of Growth,director,Thistledown Collective,thistledowncollective.shop,12,Supplements,Brazil,inbound_form,2026-03-04,,,,,,,
C101977,Xiu,Allen,xallen@solsticehq.ai,https://linkedin.com/in/xiu-allen-232,VP of Marketing,vp,Solstice HQ,solsticehq.ai,45,SaaS,United States,apollo,2025-07-22,2026-05-20,email,getnoble.io,aeo-saas-q2,unsubscribed,,
C101978,Li,Perez,lip@verdantnutrition.com,https://linkedin.com/in/li-perez-2134,Head of Demand Generation,head,Verdant Nutrition,verdantnutrition.com,720,HR Tech,Australia,list_upload,2026-01-01,2026-06-02,email,noblehq.io,geo-agency-may,no_reply,,
C101979,Felipe,Lewis,felipe_lewis@sagebrushco.co,https://linkedin.com/in/felipe-lewis-2813,VP of Marketing,vp,Sagebrush & Co,sagebrushco.co,70,Home Goods,United States,apollo,2026-05-20,,,,,,lead,
C101980,Takashi,Banerjee,takashi_banerjee@brightvalelabs.io,https://linkedin.com/in/takashi-banerjee-7331,Head of Ecommerce,head,Brightvale Labs,brightvalelabs.io,110,Cybersecurity,United States,clay,2026-02-11,,,,,,,
C101981,Lauren,Schmidt,lschmidt@loopworkplatform.com,https://linkedin.com/in/lauren-schmidt-4727,Digital Marketing Specialist,ic,Loopwork Platform,loopworkplatform.com,180,SaaS,United Kingdom,linkedin_scrape,2025-12-08,,,,,,lead,
C101982,Takashi,Hernandez,takashih@ashgrovenutrition.com,https://linkedin.com/in/takashi-hernandez-7635,PR Manager,manager,Ashgrove Nutrition,ashgrovenutrition.com,400,Consumer Goods,United States,inbound_form,2025-08-08,,,,,,,
C101983,David,Nielsen,d.nielsen@fernwood.io,https://linkedin.com/in/david-nielsen-3909,SEO Lead,manager,Fernwood,fernwood.io,620,Developer Tools,Australia,apollo,2025-08-09,,,,,,lead,
C101984,Magda,Ferreira,magda_ferreira@meadowlarknutrition.com,https://linkedin.com/in/magda-ferreira-7136,Brand Manager,manager,Meadowlark Nutrition,meadowlarknutrition.com,280,Consumer Goods,United States,apollo,2025-09-20,,,,,,lead,
C101985,Priya,Pereira,priyap@elmstreetsystems.com,https://linkedin.com/in/priya-pereira-4153,Brand Manager,manager,Elmstreet Systems,elmstreetsystems.com,450,Cybersecurity,United States,apollo,2026-01-24,,,,,,,
C101986,Caleb,Souza,calebs@cedarcrestnutrition.com,https://linkedin.com/in/caleb-souza-8164,PR Manager,manager,Cedarcrest Nutrition,cedarcrestnutrition.com,12,Consumer Goods,United Kingdom,clay,2026-04-06,,,,,,lead,
C101987,Tomasz,Rossi,tomasz.rossi@truenorthsoftware.com,https://linkedin.com/in/tomasz-rossi-758,Founder,cxo,Truenorth Software,truenorthsoftware.com,450,SaaS,United States,apollo,2026-05-13,,,,,,,
C101988,Min,Bianchi,minb@waypointhqhq.app,https://linkedin.com/in/min-bianchi-5802,Content Marketing Manager,manager,Waypointhq HQ,waypointhqhq.app,45,Developer Tools,United States,apollo,2026-03-21,2026-05-16,email,noblehq.io,aeo-consumer-jun,no_reply,,
C101989,Klaus,Moore,klausm@goldleafco.co,https://linkedin.com/in/klaus-moore-7329,Director of Acquisition,director,Goldleaf & Co,goldleafco.co,70,Supplements,United States,list_upload,2026-05-19,,,,,,,
C101990,Hannah,Zhang,hannah_zhang@keystone.co,https://linkedin.com/in/hannah-zhang-131,PR Manager,manager,Keystone,keystone.co,450,Developer Tools,Spain,apollo,2026-02-05,2025-11-10,email,getnoble.io,linkedin-seo-leads-jun,opened_no_reply,,
C101991,Nathan,Zhang,nathan.zhang@cedarcrestnutrition.com,https://linkedin.com/in/nathan-zhang-1615,CMO,cxo,Cedarcrest Nutrition,cedarcrestnutrition.com,12,Food & Beverage,India,apollo,2025-12-21,,,,,,lead,
C101992,Adaeze,Silva,adaeze.silva@brightvale.io,https://linkedin.com/in/adaeze-silva-1237,Head of Digital,head,Brightvale,brightvale.io,1400,HR Tech,United States,linkedin_scrape,2025-06-24,,,,,,opportunity,
C101993,Amara,Murphy,amara_murphy@fernwood.io,https://linkedin.com/in/amara-murphy-2723,Head of Demand Generation,head,Fernwood,fernwood.io,620,HR Tech,United States,list_upload,2025-10-02,,,,,,,
C101994,Brandon,Byrne,brandon@compassmarketing.com,https://linkedin.com/in/brandon-byrne-8095,Head of Marketing,head,Compass Marketing,compassmarketing.com,45,Digital Agency,Australia,apollo,2025-07-23,,,,,,,
C101995,Ingrid,Wilson,iwilson@meadowlarknutrition.com,https://linkedin.com/in/ingrid-wilson-2154,Director of SEO,director,Meadowlark Nutrition,meadowlarknutrition.com,280,Beauty & Personal Care,Spain,apollo,2026-01-25,,,,,,,
C101996,Seoyeon,Patel,seoyeonp@saltmarshnutrition.shop,https://linkedin.com/in/seoyeon-patel-4570,Performance Marketing Manager,manager,Saltmarsh Nutrition,saltmarshnutrition.shop,140,Home Goods,United Kingdom,apollo,2025-12-26,2026-04-19,email,noblehq.io,linkedin-seo-leads-jun,bounced,lead,
C101997,Greta,Rao,greta.rao@keystone.co,https://linkedin.com/in/greta-rao-5967,Director of Growth,director,Keystone,keystone.co,450,Developer Tools,United States,list_upload,2026-05-02,2026-07-06,email,noble-outreach.com,linkedin-seo-leads-jun,no_reply,,
C101998,Marieke,Sullivan,mariekes@wavelengthgroup.agency,https://linkedin.com/in/marieke-sullivan-7770,Marketing Operations Manager,manager,Wavelength Group,wavelengthgroup.agency,130,PR Agency,United States,list_upload,2026-02-07,,,,,,,
C101999,Nicole,Lopez,n.lopez@crestlinesoftware.com,https://linkedin.com/in/nicole-lopez-339,Head of Content,head,Crestline Software,crestlinesoftware.com,240,HR Tech,United States,apollo,2025-11-03,2026-05-13,email,getnoble.io,geo-agency-may,no_reply,,
C102000,Valentina,Iyer,valentinai@umberstonebeauty.com,https://linkedin.com/in/valentina-iyer-7140,Head of Organic Growth,head,Umberstone Beauty,umberstonebeauty.com,140,Supplements,United States,apollo,2026-04-24,,,,,,subscriber,
C102001,Kevin,Green,kevin.green@fathomlyplatform.com,https://linkedin.com/in/kevin-green-5023,Director of Growth,director,Fathomly Platform,fathomlyplatform.com,1400,Cybersecurity,United States,apollo,2026-06-13,,,,,,,
C102002,Emily,Chen,emilyc@riverstonepartners.agency,https://linkedin.com/in/emily-chen-4975,AEO Lead,manager,Riverstone Partners,riverstonepartners.agency,90,SEO Agency,Canada,apollo,2025-12-28,,,,,,,
C102003,Kofi,Almeida,kofi@superbloomstudio.com,https://linkedin.com/in/kofi-almeida-6437,Co-Founder & CEO,cxo,Superbloom Studio,superbloomstudio.com,32,PR Agency,United Kingdom,apollo,2025-10-09,,,,,,subscriber,
C102004,Diego,Kobayashi,diego.kobayashi@latitudeone.ai,https://linkedin.com/in/diego-kobayashi-8236,Head of SEO,head,Latitudeone,latitudeone.ai,620,SaaS,United States,apollo,2025-09-26,2026-06-26,email,noble-outreach.com,geo-agency-may,bounced,marketingqualifiedlead,
C102005,Layla,Green,l.green@clearwaterplatform.com,https://linkedin.com/in/layla-green-378,Growth Marketing Manager,manager,Clearwater Platform,clearwaterplatform.com,1400,HR Tech,Brazil,list_upload,2026-02-27,2026-01-08,email,getnoble.io,aeo-saas-jul,no_reply,,
C102006,Sarah,Jensen,sarah.jensen@superbloomstudio.com,https://linkedin.com/in/sarah-jensen-975,Performance Marketing Manager,manager,Superbloom Studio,superbloomstudio.com,32,SEO Agency,Australia,clay,2026-04-08,,,,,,,
C102007,Sanjay,Moore,sanjay_moore@quillfeatherwellness.com,https://linkedin.com/in/sanjay-moore-7321,Director of Acquisition,director,Quillfeather Wellness,quillfeatherwellness.com,200,Beauty & Personal Care,United States,partner_referral,2025-08-07,,,,,,,
C102008,Stefan,Desai,stefan_desai@kindredgroup.io,https://linkedin.com/in/stefan-desai-9318,Demand Generation Manager,manager,Kindred Group,kindredgroup.io,65,PR Agency,United Kingdom,apollo,2026-05-11,,,,,,,
C102009,Karthik,Nielsen,karthikn@jasmindale.com,https://linkedin.com/in/karthik-nielsen-1638,Affiliate Marketing Manager,manager,Jasmindale,jasmindale.com,48,Health & Wellness,United States,list_upload,2026-02-11,2026-01-21,email,trynoble.co,aeo-saas-jul,replied_negative,,
C102010,Amara,Clark,amarac@ironbridge.com,https://linkedin.com/in/amara-clark-2490,Co-Founder & CEO,cxo,Ironbridge,ironbridge.com,900,HR Tech,United States,clay,2025-10-18,2026-03-04,linkedin,,linkedin-seo-leads-jun,bounced,,
C102011,Bruno,Ribeiro,brunor@foundryhqsoftware.com,https://linkedin.com/in/bruno-ribeiro-1806,Director of Acquisition,director,Foundryhq Software,foundryhqsoftware.com,1400,B2B Software,United States,linkedin_scrape,2026-04-28,,,,,,subscriber,
C102012,Lauren,Perez,l.perez@halcyontechnologies.io,https://linkedin.com/in/lauren-perez-3023,Head of SEO,head,Halcyon Technologies,halcyontechnologies.io,900,Martech,United States,apollo,2026-02-24,,,,,,,
C102013,Kwame,Yang,kwame.yang@hubspot.com,https://linkedin.com/in/kwame-yang-5181,Head of SEO,head,HubSpot,hubspot.com,340,HR Tech,India,apollo,2025-08-17,2026-07-13,email,getnoble.io,aeo-saas-jul,replied_positive,,
C102014,Christina,Murphy,cmurphy@novafoldsoftware.com,https://linkedin.com/in/christina-murphy-3859,Head of Content,head,Novafold Software,novafoldsoftware.com,28,Fintech,United States,inbound_form,2025-10-16,2026-06-13,email,noblehq.io,aeo-saas-jul,opened_no_reply,,
C102015,Tomasz,Mensah,tomasz@flintlocksoftware.com,https://linkedin.com/in/tomasz-mensah-6148,Demand Generation Manager,manager,Flintlock Software,flintlocksoftware.com,240,HR Tech,United States,inbound_form,2025-10-08,,,,,,,
C102016,Anja,Jones,anja_jones@umbrahqsoftware.co,https://linkedin.com/in/anja-jones-6724,Head of Partnerships,head,Umbrahq Software,umbrahqsoftware.co,1400,HR Tech,United States,clay,2025-11-24,,,,,,,
C102017,Anja,Zhao,azhao@cadenceio.io,https://linkedin.com/in/anja-zhao-3572,Head of Demand Generation,head,Cadenceio,cadenceio.io,45,HR Tech,United States,partner_referral,2026-06-20,2026-06-12,email,noble-outreach.com,aeo-saas-jul,no_reply,,
C102018,Hyeri,Verma,hyeriv@nexuscoresystems.co,https://linkedin.com/in/hyeri-verma-8378,Marketing Director,director,Nexuscore Systems,nexuscoresystems.co,180,HR Tech,United States,apollo,2025-11-25,,,,,,,
C102019,Beatriz,Reddy,breddy@ironwillowhome.com,https://linkedin.com/in/beatriz-reddy-467,Head of Communications,head,Ironwillow Home,ironwillowhome.com,140,Supplements,United States,clay,2026-05-01,2026-07-05,linkedin,,refresh-midmarket-jun,unsubscribed,,
C102020,David,Young,david_young@argentum.io,https://linkedin.com/in/david-young-469,Head of Ecommerce,head,Argentum,argentum.io,180,Martech,United States,linkedin_scrape,2026-05-28,,,,,,lead,
C102021,Chloe,Wojcik,chloew@anchorlinesoftware.com,https://linkedin.com/in/chloe-wojcik-4266,Senior SEO Specialist,ic,Anchorline Software,anchorlinesoftware.com,620,Data & Analytics,United States,apollo,2026-07-01,2026-02-14,linkedin,,aeo-saas-jul,no_reply,lead,
C102022,Justin,Jones,j.jones@halogengroup.agency,https://linkedin.com/in/justin-jones-2501,Head of Demand Generation,head,Halogen Group,halogengroup.agency,45,SEO Agency,Singapore,inbound_form,2025-10-17,2026-01-20,email,noblehq.io,linkedin-seo-leads-jun,no_reply,,
C102023,Samuel,Rodriguez,samuel@violetgrove.com,https://linkedin.com/in/samuel-rodriguez-116,Head of Partnerships,head,Violetgrove,violetgrove.com,400,Apparel,United States,inbound_form,2026-05-06,,,,,,,
C102024,Aaron,Iyer,aiyer@nimbusworksplatform.co,https://linkedin.com/in/aaron-iyer-5862,Director of Growth,director,Nimbusworks Platform,nimbusworksplatform.co,1400,Martech,United States,partner_referral,2025-09-28,2026-02-09,email,noblehq.io,aeo-saas-q2,replied_negative,,
C102025,Divya,Jensen,divya@fernwood.io,https://linkedin.com/in/divya-jensen-2703,Head of SEO,head,Fernwood,fernwood.io,620,SaaS,United States,apollo,2025-07-24,2026-03-14,email,trynoble.co,geo-agency-may,bounced,marketingqualifiedlead,
C102026,Nathan,Gupta,nathan@northpeakai.co,https://linkedin.com/in/nathan-gupta-4561,Chief Growth Officer,cxo,Northpeak AI,northpeakai.co,28,Data & Analytics,Germany,list_upload,2025-08-27,,,,,,,
C102027,Valentina,Muller,valentinam@mosaiclysystems.io,https://linkedin.com/in/valentina-muller-3715,Head of Digital,head,Mosaicly Systems,mosaiclysystems.io,450,Fintech,United States,list_upload,2025-08-14,2025-11-10,email,getnoble.io,linkedin-seo-leads-jun,opened_no_reply,,
C102028,Anja,Jensen,a.jensen@cirruspointai.io,https://linkedin.com/in/anja-jensen-9043,PR Manager,manager,Cirruspoint AI,cirruspointai.io,45,SaaS,United States,apollo,2026-01-26,2026-04-08,email,noblehq.io,aeo-saas-q2,no_reply,lead,
C102029,Omar,Thomas,omar@halcyontechnologies.io,https://linkedin.com/in/omar-thomas-8916,Director of Growth,director,Halcyon Technologies,halcyontechnologies.io,900,Martech,United States,apollo,2025-06-24,,,,,,,
C102030,Emily,Young,eyoung@northpeakai.co,https://linkedin.com/in/emily-young-2413,VP of Marketing,vp,Northpeak AI,northpeakai.co,28,Cybersecurity,United States,partner_referral,2025-10-02,2026-01-23,email,noblehq.io,linkedin-seo-leads-jun,no_reply,,
C102031,Yuki,Rao,yuki.rao@wavelengthgroup.agency,https://linkedin.com/in/yuki-rao-254,Digital Marketing Specialist,ic,Vantagepoint,vantagepoint.app,120,Cybersecurity,United States,apollo,2025-12-01,,,,,,,enrichment mismatch
C102032,Ananya,Huang,ahuang@kindredgroup.io,https://linkedin.com/in/ananya-huang-2129,Co-Founder & CEO,cxo,Kindred Group,kindredgroup.io,65,PR Agency,United Kingdom,list_upload,2026-04-28,,,,,,,
C102033,Isabella,Taylor,isabella_taylor@dockyardai.com,https://linkedin.com/in/isabella-taylor-873,VP of Marketing,vp,Dockyard AI,dockyardai.com,60,SaaS,United States,list_upload,2026-01-19,2026-06-21,email,getnoble.io,aeo-consumer-jun,no_reply,,
C102034,Chidi,Muller,c.muller@signalpathai.com,https://linkedin.com/in/chidi-muller-5753,Head of Growth,head,Signalpath AI,signalpathai.com,1400,SaaS,Germany,linkedin_scrape,2025-11-30,2026-03-13,email,getnoble.io,aeo-saas-q2,no_reply,,
C102035,Sofia,Allen,s.allen@clovergrovecollective.com,https://linkedin.com/in/sofia-allen-2324,Performance Marketing Manager,manager,Clovergrove Collective,clovergrovecollective.com,22,Consumer Goods,Netherlands,apollo,2025-06-21,2025-11-19,email,noblehq.io,geo-agency-may,no_reply,lead,
C102036,Zoe,O'Brien,zoe.obrien@zenithlyhq.io,https://linkedin.com/in/zoe-obrien-268,Content Marketing Manager,manager,Zenithly HQ,zenithlyhq.io,120,Data & Analytics,Canada,clay,2026-03-12,2025-12-17,email,getnoble.io,geo-agency-may,bounced,,
C102037,Hyeri,Lee,h.lee@duskwood.com,https://linkedin.com/in/hyeri-lee-6267,Head of Growth,head,Duskwood,duskwood.com,140,Consumer Goods,Spain,clay,2025-06-26,2026-05-10,email,noble-outreach.com,aeo-saas-jul,no_reply,,
C102038,Yuki,Hall,yukih@signalpathai.com,https://linkedin.com/in/yuki-hall-4364,Marketing Director,director,Signalpath AI,signalpathai.com,1400,Martech,Ireland,clay,2026-02-11,2026-02-07,email,noble-outreach.com,aeo-consumer-jun,unsubscribed,,
C102039,Rachel,Joshi,rachel.joshi@flintlocksoftware.com,https://linkedin.com/in/rachel-joshi-2430,Chief Growth Officer,cxo,Flintlock Software,flintlocksoftware.com,240,SaaS,Brazil,apollo,2026-04-11,2026-06-22,email,trynoble.co,aeo-saas-jul,unsubscribed,,
C102040,Diego,Costa,d.costa@foldworkmarketing.co,https://linkedin.com/in/diego-costa-5999,SEO Lead,manager,Foldwork Marketing,foldworkmarketing.co,90,Marketing Agency,United States,apollo,2025-09-07,,,,,,lead,
C102041,Larissa,Sharma,larissas@mosaiclysystems.io,https://linkedin.com/in/larissa-sharma-6883,Affiliate Marketing Manager,manager,Mosaicly Systems,mosaiclysystems.io,450,Martech,Netherlands,apollo,2026-04-19,2026-01-11,email,noble-outreach.com,geo-agency-may,no_reply,lead,
C102042,Eric,Allen,eric.allen@wavelengthgroup.agency,https://linkedin.com/in/eric-allen-1782,Head of Organic Growth,head,Wavelength Group,wavelengthgroup.agency,130,Marketing Agency,United States,apollo,2026-05-20,2026-07-18,email,noble-outreach.com,geo-agency-may,no_reply,,
C102043,Larissa,Jensen,larissa@lanterndigital.com,https://linkedin.com/in/larissa-jensen-7175,VP of Marketing,vp,Lantern Digital,lanterndigital.com,8,PR Agency,United States,list_upload,2026-06-26,2025-11-08,email,getnoble.io,geo-agency-may,no_reply,,
C102044,Mateo,Silva,mateo.silva@ironwillowhome.com,https://linkedin.com/in/mateo-silva-8879,Senior SEO Specialist,ic,Ironwillow Home,ironwillowhome.com,140,Home Goods,United States,list_upload,2025-09-19,,,,,,lead,
C102045,Rafael,Kapoor,rafael.kapoor@kindredgroup.io,https://linkedin.com/in/rafael-kapoor-7493,Head of Digital,head,Kindred Group,kindredgroup.io,65,SEO Agency,United States,list_upload,2026-01-26,2025-11-17,email,noble-outreach.com,aeo-saas-q2,no_reply,,
C102046,Katherine,Rao,krao@blueharborbeauty.com,https://linkedin.com/in/katherine-rao-693,Brand Manager,manager,Blueharbor Beauty,blueharborbeauty.com,70,Health & Wellness,United Kingdom,apollo,2025-11-25,,,,,,,
C102047,Beatriz,Garcia,b.garcia@terracottagoods.co,https://linkedin.com/in/beatriz-garcia-9134,Head of Communications,head,Terracotta Goods,terracottagoods.co,22,Beauty & Personal Care,United States,apollo,2025-12-23,,,,,,,
C102048,Min,Banerjee,minb@cedarcrestnutrition.com,https://linkedin.com/in/min-banerjee-7299,Senior SEO Specialist,ic,Cedarcrest Nutrition,cedarcrestnutrition.com,12,Apparel,United States,apollo,2025-12-25,,,,,,,
C102049,Kofi,Rodriguez,kofir@loopworkplatform.com,https://linkedin.com/in/kofi-rodriguez-6590,AEO Lead,manager,Loopwork Platform,loopworkplatform.com,180,Cybersecurity,United States,apollo,2025-06-26,,,,,,lead,
C102050,Adaeze,Scott,a.scott@mossbankwellness.com,https://linkedin.com/in/adaeze-scott-3822,Head of Content,head,Mossbank Wellness,mossbankwellness.com,140,Supplements,Netherlands,clay,2025-08-20,,,,,,,
C102051,Katherine,Sharma,k.sharma@oakhausmarketing.agency,https://linkedin.com/in/katherine-sharma-7496,Director of SEO,director,Oakhaus Marketing,oakhausmarketing.agency,90,PR Agency,Ireland,list_upload,2026-01-24,,,,,,,
C102052,Minjun,Wright,m.wright@fathomhousestudio.agency,https://linkedin.com/in/minjun-wright-9345,Director of SEO,director,Fathomhouse Studio,fathomhousestudio.agency,8,PR Agency,United States,partner_referral,2025-12-14,,,,,,,
C102053,Adam,Souza,adams@petalwiseco.com,https://linkedin.com/in/adam-souza-3996,Senior SEO Specialist,ic,Petalwise & Co,petalwiseco.com,140,Beauty & Personal Care,Germany,apollo,2025-10-18,,,,,,,
C102054,Michael,Joshi,m.joshi@harborview.com,https://linkedin.com/in/michael-joshi-1987,Digital Marketing Specialist,ic,Harborview,harborview.com,45,SaaS,United States,apollo,2025-10-12,,,,,,,
C102055,James,Doyle,jdoyle@basecamp9.ai,https://linkedin.com/in/james-doyle-2757,Marketing Director,director,Basecamp9,basecamp9.ai,450,B2B Software,United States,apollo,2025-07-17,,,,,,,
C102056,Haruto,Park,h.park@brightsparkdigital.com,https://linkedin.com/in/haruto-park-2426,Head of SEO,head,Brightspark Digital,brightsparkdigital.com,8,Digital Agency,United States,list_upload,2025-12-22,,,,,,,
C102057,Hao,Suzuki,hao.suzuki@dockyardai.com,https://linkedin.com/in/hao-suzuki-4487,SEO Lead,manager,Dockyard AI,dockyardai.com,60,HR Tech,United States,inbound_form,2026-01-21,,,,,,,
C102058,Divya,Anderson,divya.anderson@quantumleafhq.app,https://linkedin.com/in/divya-anderson-2477,Director of Growth,director,Quantumleaf HQ,quantumleafhq.app,120,B2B Software,United States,linkedin_scrape,2025-12-28,,,,,,,
C102059,Michael,Bianchi,m.bianchi@helixware.io,https://linkedin.com/in/michael-bianchi-1455,Head of Ecommerce,head,Helixware,helixware.io,310,Martech,Netherlands,partner_referral,2025-09-16,2026-05-28,email,noble-outreach.com,aeo-consumer-jun,bounced,,
C102060,Vikram,Malhotra,v.malhotra@truenorthsoftware.com,https://linkedin.com/in/vikram-malhotra-7543,Head of Demand Generation,head,Truenorth Software,truenorthsoftware.com,450,HR Tech,United States,apollo,2026-02-06,2026-06-06,linkedin,,aeo-saas-q2,bounced,,
C102061,Aisha,Mehta,a.mehta@clearwaterplatform.com,https://linkedin.com/in/aisha-mehta-1431,AEO Lead,manager,Clearwater Platform,clearwaterplatform.com,1400,B2B Software,United States,apollo,2025-11-11,,,,,,,
C102062,Stephanie,Suzuki,stephanie@riverstonepartners.agency,https://linkedin.com/in/stephanie-suzuki-6497,Head of Marketing,head,Riverstone Partners,riverstonepartners.agency,90,Marketing Agency,Canada,apollo,2026-04-24,,,,,,marketingqualifiedlead,
C102063,Stefan,Kapoor,skapoor@pinnaclesoftcloud.com,https://linkedin.com/in/stefan-kapoor-9009,Affiliate Marketing Manager,manager,Pinnaclesoft Cloud,pinnaclesoftcloud.com,45,SaaS,Singapore,apollo,2026-03-01,,,,,,lead,
C102064,Amanda,Zhou,amanda.zhou@dockyardai.com,https://linkedin.com/in/amanda-zhou-8737,PR Manager,manager,Dockyard AI,dockyardai.com,60,HR Tech,United States,apollo,2026-04-27,,,,,,,
C102065,Tomas,Torres,tomas@harborview.com,https://linkedin.com/in/tomas-torres-9656,Senior SEO Specialist,ic,Harborview,harborview.com,45,Cybersecurity,United States,partner_referral,2025-08-25,,,,,,,
C102066,Freja,Scott,freja_scott@superbloomstudio.com,https://linkedin.com/in/freja-scott-4945,Director of SEO,director,Superbloom Studio,superbloomstudio.com,32,Digital Agency,United States,apollo,2025-07-03,,,,,,,
C102067,Freja,Romano,freja_romano@petalwiseco.com,https://linkedin.com/in/freja-romano-7061,Growth Marketing Manager,manager,Petalwise & Co,petalwiseco.com,140,Food & Beverage,United States,apollo,2025-09-22,,,,,,,
C102068,Ethan,Mehta,ethanm@junipercloud.com,https://linkedin.com/in/ethan-mehta-3570,AEO Lead,manager,Junipercloud,junipercloud.com,900,Cybersecurity,United States,list_upload,2026-02-03,,,,,,,
C102069,Chen,Suzuki,chen_suzuki@terrafirma.com,https://linkedin.com/in/chen-suzuki-4387,Head of Demand Generation,head,Terrafirma,terrafirma.com,60,Data & Analytics,Germany,list_upload,2025-10-28,,,,,,,
C102070,Isabella,Wang,isabella.wang@zenithlyhq.io,https://linkedin.com/in/isabella-wang-6962,Head of Communications,head,Zenithly HQ,zenithlyhq.io,120,Fintech,Canada,apollo,2026-06-18,,,,,,,
C102071,Bruno,Costa,b.costa@westgatecloud.co,https://linkedin.com/in/bruno-costa-2976,Founder,cxo,Westgate Cloud,westgatecloud.co,120,HR Tech,United States,partner_referral,2025-06-27,,,,,,,
C102072,Greta,Kim,greta.kim@brightsparkdigital.com,https://linkedin.com/in/greta-kim-5498,Head of Demand Generation,head,Brightspark Digital,brightsparkdigital.com,8,PR Agency,United States,apollo,2025-12-14,,,,,,,
C102073,Nathan,Gonzalez,nathang@helixware.io,https://linkedin.com/in/nathan-gonzalez-7868,CMO,cxo,Helixware,helixware.io,310,B2B Software,United States,apollo,2025-11-24,2026-05-17,email,noblehq.io,geo-agency-may,unsubscribed,lead,
C102074,Ngozi,Nelson,nnelson@dockyardai.com,https://linkedin.com/in/ngozi-nelson-495,Head of Digital,head,Dockyard AI,dockyardai.com,60,Cybersecurity,United States,apollo,2026-04-13,2026-02-27,email,noble-outreach.com,aeo-saas-q2,no_reply,,
C102075,Marieke,Souza,marieke.souzaridgelinetechnologies.com,https://linkedin.com/in/marieke-souza-1213,Chief Growth Officer,cxo,Ridgeline Technologies,ridgelinetechnologies.com,45,Developer Tools,United States,apollo,2025-07-16,,,,,,,
C102076,Tomas,O'Brien,tomaso@blueharborbeauty.com,https://linkedin.com/in/tomas-obrien-2743,Head of Marketing,head,Blueharbor Beauty,blueharborbeauty.com,70,Health & Wellness,United States,list_upload,2026-03-26,,,,,,,
C102077,Amara,Mehta,amaram@flintlocksoftware.com,https://linkedin.com/in/amara-mehta-5250,Director of Demand Gen,director,Flintlock Software,flintlocksoftware.com,240,Cybersecurity,United States,clay,2026-05-26,,,,,,subscriber,
C102078,Haruto,Huang,haruto.huang@basecamp9.ai,https://linkedin.com/in/haruto-huang-998,Digital Marketing Specialist,ic,Basecamp9,basecamp9.ai,450,Martech,Netherlands,apollo,2026-02-14,2026-06-05,email,getnoble.io,aeo-consumer-jun,no_reply,subscriber,
C102079,Ananya,Adams,ananyaa@clovergrovecollective.com,https://linkedin.com/in/ananya-adams-8313,Digital Marketing Specialist,ic,Clovergrove Collective,clovergrovecollective.com,22,Home Goods,United States,apollo,2025-11-16,,,,,,,
C102080,Pieter,Young,pieter_young@crestlinesoftware.com,https://linkedin.com/in/pieter-young-3140,Head of Demand Generation,head,Crestline Software,crestlinesoftware.com,240,Data & Analytics,United States,inbound_form,2025-11-01,,,,,,,
C102081,Elias,White,eliasw@wavelengthgroup.agency,https://linkedin.com/in/elias-white-200,Head of Demand Generation,head,Wavelength Group,wavelengthgroup.agency,130,SEO Agency,United States,apollo,2026-06-09,2026-04-30,email,trynoble.co,refresh-midmarket-jun,booked,marketingqualifiedlead,
C102082,Michael,Fischer,mfischer@wheatfieldnutrition.co,https://linkedin.com/in/michael-fischer-5760,Head of Content,head,Wheatfield Nutrition,wheatfieldnutrition.co,22,Apparel,United States,list_upload,2026-05-11,,,,,,,
C102083,Amara,Mensah,amara_mensah@loopworkplatform.com,https://linkedin.com/in/amara-mensah-2444,Director of Content,director,Loopwork Platform,loopworkplatform.com,180,Cybersecurity,United States,apollo,2025-08-18,,,,,,,
C102084,Michael,Kelly,michael_kelly@brightsparkdigital.com,https://linkedin.com/in/michael-kelly-4901,Director of Growth,director,Brightspark Digital,brightsparkdigital.com,8,PR Agency,United States,apollo,2026-03-10,,,,,,lead,
C102085,Yusuf,Ferrari,,https://linkedin.com/in/yusuf-ferrari-9276,Marketing Operations Manager,manager,Basecamp9,basecamp9.ai,450,Fintech,India,list_upload,2026-06-16,2026-06-24,linkedin,,geo-agency-may,no_reply,,no email found - linkedin only
C102086,Freja,Reddy,frejar@foundryhqsoftware.com,https://linkedin.com/in/freja-reddy-124,Demand Generation Manager,manager,Foundryhq Software,foundryhqsoftware.com,1400,Fintech,United Kingdom,clay,2025-08-09,,,,,,,
C102087,Daniel,Hansen,daniel_hansen@glasswingsoftware.app,https://linkedin.com/in/daniel-hansen-2410,Head of Content,head,Glasswing Software,glasswingsoftware.app,450,SaaS,United States,clay,2025-11-03,,,,,,,
C102088,Nathan,Souza,nathan.souza@vertexly.app,https://linkedin.com/in/nathan-souza-9682,Head of Digital,head,Vertexly,vertexly.app,45,Martech,United States,apollo,2026-06-18,2026-06-05,linkedin,,linkedin-seo-leads-jun,no_reply,,
C102089,Caleb,Harris,caleb.harris@brightsparkdigital.com,https://linkedin.com/in/caleb-harris-7405,Growth Marketing Manager,manager,Brightspark Digital,brightsparkdigital.com,8,Digital Agency,United States,linkedin_scrape,2025-06-25,2026-03-08,linkedin,,aeo-saas-q2,no_reply,,
C102090,Fatima,Allen,fatima_allen@beaconworkslabs.com,https://linkedin.com/in/fatima-allen-5412,Head of Digital,head,Beaconworks Labs,beaconworkslabs.com,45,SaaS,United Kingdom,apollo,2026-04-10,,,,,,opportunity,
C102091,Chloe,Thompson,cthompson@meadowlarknutrition.com,https://linkedin.com/in/chloe-thompson-3171,Digital Marketing Specialist,ic,Meadowlark Nutrition,meadowlarknutrition.com,280,Home Goods,Germany,list_upload,2026-04-14,,,,,,,
C102092,Karthik,Pereira,karthik_pereira@quantumleafhq.app,https://linkedin.com/in/karthik-pereira-1758,Co-Founder & CEO,cxo,Quantumleaf HQ,quantumleafhq.app,120,SaaS,Netherlands,apollo,2026-05-30,2026-05-25,email,noblehq.io,aeo-consumer-jun,no_reply,lead,
C102093,Neha,Sharma,nehas@ironwillowhome.com,https://linkedin.com/in/neha-sharma-3959,Demand Generation Manager,manager,Ironwillow Home,ironwillowhome.com,140,Home Goods,India,partner_referral,2025-12-30,,,,,,,
C102094,Valentina,Nelson,valentina@argentum.io,https://linkedin.com/in/valentina-nelson-7978,Marketing Director,director,Argentum,argentum.io,180,Data & Analytics,United Kingdom,list_upload,2026-02-20,,,,,,customer,active Noble account
C102095,Pieter,Zhang,pieterz@lightkeel.co,https://linkedin.com/in/pieter-zhang-933,CMO,cxo,Lightkeel,lightkeel.co,180,B2B Software,United States,apollo,2026-06-28,,,,,,lead,
C102096,Aaron,Abubakar,aabubakar@terrafirma.com,https://linkedin.com/in/aaron-abubakar-6053,Head of SEO,head,Terrafirma,terrafirma.com,60,Martech,Singapore,apollo,2026-06-18,,,,,,,
C102097,Elias,Byrne,elias_byrne@novafoldsoftware.com,https://linkedin.com/in/elias-byrne-7009,SEO Lead,manager,Novafold Software,novafoldsoftware.com,28,Fintech,United States,clay,2025-09-28,,,,,,marketingqualifiedlead,
C102098,Lauren,Wright,lwright@cadenceio.com,https://linkedin.com/in/lauren-wright-2115,Head of Marketing,head,Cadenceio Cloud,cadenceio.com,560,Cybersecurity,Canada,apollo,2026-01-16,2026-06-12,email,noble-outreach.com,aeo-saas-jul,bounced,,
C102099,Vikram,Sun,vikram_sun@mossbankwellness.com,https://linkedin.com/in/vikram-sun-3363,CMO,cxo,Mossbank Wellness,mossbankwellness.com,140,Consumer Goods,Australia,list_upload,2025-06-18,2026-06-04,email,trynoble.co,aeo-consumer-jun,no_reply,,
C102100,Freja,Schmidt,fschmidt@foundryhqsoftware.com,https://linkedin.com/in/freja-schmidt-7358,Head of SEO,head,Foundryhq Software,foundryhqsoftware.com,1400,B2B Software,United States,linkedin_scrape,2026-03-25,,,,,,,
C102101,Daniel,Murphy,danielm@yarrowhillsupply.shop,https://linkedin.com/in/daniel-murphy-4433,Brand Manager,manager,Yarrowhill Supply,yarrowhillsupply.shop,200,Consumer Goods,United Kingdom,apollo,2026-02-21,2025-12-05,linkedin,,aeo-saas-q2,no_reply,lead,
C102102,Tomasz,Torres,t.torres@nexuscoresystems.co,https://linkedin.com/in/tomasz-torres-7526,Co-Founder & CEO,cxo,Nexuscore Systems,nexuscoresystems.co,180,Cybersecurity,United States,list_upload,2025-12-12,,,,,,subscriber,
C102103,Freja,Zhou,frejaz@alderpoint.ai,https://linkedin.com/in/freja-zhou-5652,Head of SEO,head,Alderpoint,alderpoint.ai,28,Data & Analytics,United States,apollo,2026-06-17,,,,,,,
C102104,Camila,Verma,camila.verma@inkwellsoftware.com,https://linkedin.com/in/camila-verma-8232,SEO Lead,manager,Inkwell Software,inkwellsoftware.com,310,Fintech,Canada,inbound_form,2025-06-30,2025-12-10,email,getnoble.io,aeo-saas-q2,no_reply,,
C102105,Xiu,Fitzgerald,xiu.fitzgerald@zephyrbaynutrition.com,https://linkedin.com/in/xiu-fitzgerald-5358,Content Marketing Manager,manager,Zephyrbay Nutrition,zephyrbaynutrition.com,12,Apparel,Singapore,partner_referral,2026-01-05,2025-12-19,linkedin,,aeo-consumer-jun,opened_no_reply,,
C102106,Andrew,Williams,a.williams@oakhausmarketing.agency,https://linkedin.com/in/andrew-williams-2664,Director of Acquisition,director,Oakhaus Marketing,oakhausmarketing.agency,90,SEO Agency,United States,clay,2026-01-27,2026-05-25,email,noblehq.io,aeo-consumer-jun,no_reply,,
C102107,Ingrid,Nowak,ingrid.nowak@westgatecloud.co,https://linkedin.com/in/ingrid-nowak-9262,Affiliate Marketing Manager,manager,Westgate Cloud,westgatecloud.co,120,Data & Analytics,United States,list_upload,2026-03-03,,,,,,,
C102108,Ryan,Williams,ryanw@quarryhq.com,https://linkedin.com/in/ryan-williams-8145,Head of Digital,head,Quarryhq,quarryhq.com,85,Data & Analytics,India,partner_referral,2025-08-05,,,,,,,
C102109,Hao,Baker,hbaker@harborview.co,https://linkedin.com/in/hao-baker-7840,Director of SEO,director,Harborview Systems,harborview.co,810,B2B Software,United States,inbound_form,2025-09-01,2026-07-11,email,getnoble.io,linkedin-seo-leads-jun,opened_no_reply,,
C102110,Takashi,Kim,takashi_kim@driftwood.co,https://linkedin.com/in/takashi-kim-5542,Senior SEO Specialist,ic,Driftwood,driftwood.co,620,Cybersecurity,United States,inbound_form,2026-06-18,,,,,,lead,
C102111,Isabella,Walker,isabella@meridiansystems.com,https://linkedin.com/in/isabella-walker-2214,Director of Content,director,Meridian Systems,meridiansystems.com,1400,B2B Software,United States,linkedin_scrape,2025-12-27,,,,,,marketingqualifiedlead,
C102112,David,Mensah,d.mensah@sourceforge.net,https://linkedin.com/in/david-mensah-9434,Managing Editor,head,SourceForge,sourceforge.net,40,Martech,Canada,inbound_form,2026-04-07,,,,,,,
C102113,James,Wright,j.wright@mercury9agency.com,https://linkedin.com/in/james-wright-7611,Affiliate Marketing Manager,manager,Mercury9 Agency,mercury9agency.com,45,SEO Agency,United States,apollo,2025-12-25,2026-05-23,linkedin,,refresh-midmarket-jun,no_reply,,
C102114,Zainab,Murphy,zainab_murphy@willowmerenutrition.com,https://linkedin.com/in/zainab-murphy-6242,Director of Acquisition,director,Willowmere Nutrition,willowmerenutrition.com,70,Apparel,Ireland,apollo,2025-08-24,,,,,,,
C102115,Larissa,Sanchez,larissa_sanchez@goldleafco.co,https://linkedin.com/in/larissa-sanchez-7322,SEO Manager,manager,Goldleaf & Co,goldleafco.co,70,Beauty & Personal Care,United States,apollo,2026-04-10,,,,,,,
C102116,Karthik,Becker,karthik_becker@blueharborbeauty.com,https://linkedin.com/in/karthik-becker-5118,Director of Demand Gen,director,Blueharbor Beauty,blueharborbeauty.com,70,Food & Beverage,Germany,clay,2025-12-29,,,,,,,
C102117,Jonah,Bianchi,jonah.bianchi@everbloom.shop,https://linkedin.com/in/jonah-bianchi-1862,Demand Generation Manager,manager,Everbloom,everbloom.shop,48,Home Goods,United States,apollo,2025-08-15,2026-02-19,email,getnoble.io,refresh-midmarket-jun,no_reply,,
C102118,Folake,Doyle,folaked@brightvale.io,https://linkedin.com/in/folake-doyle-556,Content Marketing Manager,manager,Brightvale,brightvale.io,1400,Data & Analytics,United States,partner_referral,2025-10-10,,,,,,,
C102119,Greta,Nowak,greta.nowak@alderpoint.ai,https://linkedin.com/in/greta-nowak-9016,PR Manager,manager,Alderpoint,alderpoint.ai,28,HR Tech,United States,clay,2026-02-04,,,,,,marketingqualifiedlead,
C102120,Lucas,Muller,lucas_muller@citeworks.io,https://linkedin.com/in/lucas-muller-4695,Head of Digital,head,CiteWorks,citeworks.io,60,Developer Tools,United Kingdom,apollo,2025-06-21,,,,,,,
C102121,Minjun,Traore,minjun.traore@birchmoorgoods.com,https://linkedin.com/in/minjun-traore-878,Head of Growth,head,Birchmoor Goods,birchmoorgoods.com,400,Health & Wellness,United States,clay,2026-04-03,,,,,,,
C102122,Amara,Nowak,amara.nowak@glasswingsoftware.app,https://linkedin.com/in/amara-nowak-2262,Director of Growth,director,Glasswing Software,glasswingsoftware.app,450,SaaS,Spain,apollo,2025-09-30,,,,,,,
C102123,Li,Davis,lid@lightkeel.co,https://linkedin.com/in/li-davis-8339,Founder,cxo,Lightkeel,lightkeel.co,180,Martech,United States,apollo,2026-06-05,,,,,,marketingqualifiedlead,
C102124,Anja,Choi,a.choi@overtone.com,https://linkedin.com/in/anja-choi-9998,SEO Lead,manager,Overtone,overtone.com,310,HR Tech,United States,clay,2026-05-20,,,,,,,
C102125,Justin,Robinson,justinr@harborview.com,https://linkedin.com/in/justin-robinson-8716,Director of Content,director,Harborview,harborview.com,45,Martech,Brazil,list_upload,2026-01-18,,,,,,,
C102126,Sakura,Becker,sakurab@blueharborbeauty.com,https://linkedin.com/in/sakura-becker-3802,PR Manager,manager,Blueharbor Beauty,blueharborbeauty.com,70,Apparel,Germany,list_upload,2025-12-27,,,,,,,
C102127,Renata,Robinson,rrobinson@petalwiseco.com,https://linkedin.com/in/renata-robinson-1630,Performance Marketing Manager,manager,Petalwise & Co,petalwiseco.com,140,Apparel,Netherlands,apollo,2026-05-27,2026-07-12,linkedin,,aeo-saas-q2,no_reply,,
C102128,Yuki,Rao,yrao@westgatecloud.co,https://linkedin.com/in/yuki-rao-7663,Brand Manager,manager,Westgate Cloud,westgatecloud.co,120,Data & Analytics,United States,apollo,2026-05-24,2026-05-20,email,noblehq.io,geo-agency-may,no_reply,subscriber,
C102129,Sakura,Ribeiro,s.ribeiro@solsticehq.ai,https://linkedin.com/in/sakura-ribeiro-5340,Head of SEO,head,Solstice HQ,solsticehq.ai,45,Developer Tools,United States,apollo,2026-04-09,,,,,,lead,
C102130,Emily,Green,egreen@fieldnotesmarketing.io,https://linkedin.com/in/emily-green-1727,Head of Content,head,Fieldnotes Marketing,fieldnotesmarketing.io,14,SEO Agency,Canada,apollo,2025-07-14,2026-02-06,email,getnoble.io,linkedin-seo-leads-jun,replied_negative,,
C102131,Hannah,Silva,hannah_silva@goldleafco.co,https://linkedin.com/in/hannah-silva-2864,Growth Marketing Manager,manager,Goldleaf & Co,goldleafco.co,70,Health & Wellness,United States,apollo,2025-07-09,,,,,,,
C102132,Samuel,Rossi,samuel_rossi@wheatfieldnutrition.co,https://linkedin.com/in/samuel-rossi-4558,Head of Organic Growth,head,Wheatfield Nutrition,wheatfieldnutrition.co,22,Supplements,United States,apollo,2026-05-26,2026-03-30,email,trynoble.co,aeo-saas-q2,no_reply,,
C102133,Aisha,Abubakar,aishaa@reedmarsh.com,https://linkedin.com/in/aisha-abubakar-5128,Head of Content,head,Reedmarsh,reedmarsh.com,22,Consumer Goods,India,apollo,2026-06-04,,,,,,,
C102134,Klaus,Jackson,klaus@gingerlily.co,https://linkedin.com/in/klaus-jackson-6755,AEO Lead,manager,Gingerlily,gingerlily.co,400,Food & Beverage,United States,inbound_form,2026-03-13,,,,,,,
C102135,Freja,Hernandez,f.hernandez@fathomhousestudio.agency,https://linkedin.com/in/freja-hernandez-8540,Founder,cxo,Fathomhouse Studio,fathomhousestudio.agency,8,SEO Agency,United States,apollo,2025-07-29,,,,,,marketingqualifiedlead,
C102136,Piotr,Byrne,p.byrne@wheatfieldnutrition.co,https://linkedin.com/in/piotr-byrne-9743,Director of Growth,director,Wheatfield Nutrition,wheatfieldnutrition.co,22,Supplements,United States,apollo,2025-11-18,,,,,,marketingqualifiedlead,
C102137,Zoe,O'Brien,zoe_obrien@basecamp9.ai,https://linkedin.com/in/zoe-obrien-2176,Director of SEO,director,Basecamp9,basecamp9.ai,450,B2B Software,United States,apollo,2026-04-17,2026-06-22,email,noble-outreach.com,refresh-midmarket-jun,opened_no_reply,subscriber,
C102138,Piotr,Okafor,piotr@highwatercollective.com,https://linkedin.com/in/piotr-okafor-4243,Co-Founder & CEO,cxo,Highwater Collective,highwatercollective.com,65,Digital Agency,United States,apollo,2025-07-21,2025-09-08,email,noble-outreach.com,aeo-saas-jul,replied_negative,lead,
C102139,Jessica,Fischer,j.fischer@reedmarsh.com,https://linkedin.com/in/jessica-fischer-9897,Head of Organic Growth,head,Reedmarsh,reedmarsh.com,22,Consumer Goods,United States,linkedin_scrape,2026-03-29,,,,,,,
C102140,Rafael,Ferreira,rafaelf@quarryhq.com,https://linkedin.com/in/rafael-ferreira-1200,Head of Demand Generation,head,Quarryhq,quarryhq.com,85,Fintech,United States,apollo,2026-02-12,2026-03-20,email,noble-outreach.com,aeo-saas-jul,no_reply,marketingqualifiedlead,
C102141,Seoyeon,Sharma,seoyeon.sharma@ashgrovenutrition.com,https://linkedin.com/in/seoyeon-sharma-3256,SEO Lead,manager,Ashgrove Nutrition,ashgrovenutrition.com,400,Health & Wellness,Australia,inbound_form,2026-06-09,,,,,,,
C102142,Hao,Jones,hao.jones@stacklinehq.com,https://linkedin.com/in/hao-jones-3914,Head of Ecommerce,head,Stackline HQ,stacklinehq.com,450,HR Tech,United States,inbound_form,2025-07-04,2026-01-23,email,noble-outreach.com,aeo-consumer-jun,no_reply,lead,
C102143,Nora,Santos,noras@rosewaterco.com,https://linkedin.com/in/nora-santos-8307,Content Marketing Manager,manager,Rosewater & Co,rosewaterco.com,140,Health & Wellness,Australia,inbound_form,2025-09-03,2026-03-31,email,getnoble.io,refresh-midmarket-jun,opened_no_reply,,
C102144,PIOTR,Taylor,  PIOTR.TAYLOR@RIDGELINETECHNOLOGIES.COM ,https://linkedin.com/in/piotr-taylor-498,Head of Ecommerce,head,Ridgeline Technologies,ridgelinetechnologies.com,45,Developer Tools,United States,apollo,2025-10-06,,,,,,,
C102145,Rachel,Lewis,rachell@orchardlynutrition.com,https://linkedin.com/in/rachel-lewis-2289,Director of Acquisition,director,Orchardly Nutrition,orchardlynutrition.com,48,Food & Beverage,United States,clay,2026-01-11,,,,,,,
C102146,Amanda,Traore,amandat@anchorlinesoftware.com,https://linkedin.com/in/amanda-traore-1080,Director of Demand Gen,director,Anchorline Software,anchorlinesoftware.com,620,Data & Analytics,Brazil,apollo,2026-07-03,,,,,,,
C102147,Nora,Doyle,nora@dockyardai.com,https://linkedin.com/in/nora-doyle-974,Co-Founder & CEO,cxo,Dockyard AI,dockyardai.com,60,Fintech,United States,linkedin_scrape,2025-10-23,,,,,,,
C102148,Adaeze,Davis,adaeze@mentionable.ai,https://linkedin.com/in/adaeze-davis-4675,Head of Growth,head,Mentionable,mentionable.ai,34,Martech,Brazil,linkedin_scrape,2026-04-16,,,,,,,
C102149,Yusuf,Kelly,yusuf.kelly@wheatfieldnutrition.co,https://linkedin.com/in/yusuf-kelly-7754,Co-Founder & CEO,cxo,Wheatfield Nutrition,wheatfieldnutrition.co,22,Home Goods,Canada,clay,2026-06-21,2026-02-27,linkedin,,geo-agency-may,no_reply,lead,
C102150,Hassan,Nowak,h.nowak@ridgelinetechnologies.com,https://linkedin.com/in/hassan-nowak-1703,Content Marketing Manager,manager,Ridgeline Technologies,ridgelinetechnologies.com,45,SaaS,United States,linkedin_scrape,2026-02-23,2025-12-23,email,getnoble.io,geo-agency-may,replied_negative,lead,
C102151,Brandon,Pereira,bpereira@loopworkplatform.com,https://linkedin.com/in/brandon-pereira-153,Demand Generation Manager,manager,Loopwork Platform,loopworkplatform.com,180,B2B Software,United States,partner_referral,2026-04-21,,,,,,,
C102152,Sanne,King,sking@riverstonepartners.agency,https://linkedin.com/in/sanne-king-1019,Chief Growth Officer,cxo,Riverstone Partners,riverstonepartners.agency,90,SEO Agency,Canada,apollo,2025-06-30,2026-03-22,linkedin,,refresh-midmarket-jun,no_reply,marketingqualifiedlead,
C102153,Lauren,Gupta,lgupta@tideworksai.io,https://linkedin.com/in/lauren-gupta-2307,Brand Manager,manager,Tideworks AI,tideworksai.io,180,HR Tech,Brazil,list_upload,2025-07-14,2026-01-20,email,noblehq.io,aeo-saas-q2,no_reply,lead,
C102154,Greta,Rao,greta_rao@loopworkplatform.com,https://linkedin.com/in/greta-rao-7557,Senior SEO Specialist,ic,Loopwork Platform,loopworkplatform.com,180,B2B Software,Australia,partner_referral,2026-03-24,,,,,,,
